customer_id,monthly_visits,session_minutes,pages_per_session,cart_additions,purchase_rate,average_order_value,discount_usage_rate,return_rate,known_profile
DC0001,3.8586,3.968,4.1125,0.1876,0.134,235.456,0.234,0.0571,Dusuk_Etkilesim
DC0002,11.1631,12.4547,22.4292,4.3279,0.6716,638.3056,0.3219,0.0537,Sadik_Yuksek_Deger
DC0003,17.2309,7.4259,8.5886,3.385,0.222,310.4086,0.8675,0.0958,Kampanya_Odakli
DC0004,14.4506,9.8055,15.9288,5.7211,0.1116,381.3796,0.5226,0.1804,Kararsiz_Sepet
DC0005,7.4879,4.1146,5.8216,0.5627,0.084,127.6932,0.349,0.0388,Dusuk_Etkilesim
DC0006,12.1394,12.4486,22.22,5.6584,0.7189,610.9029,0.0959,0.0304,Sadik_Yuksek_Deger
DC0007,14.6802,6.9323,8.0476,2.2721,0.2135,246.2527,0.7556,0.1406,Kampanya_Odakli
DC0008,4.4511,4.8267,1.5556,0.1,0.0144,201.6688,0.3745,0.0649,Dusuk_Etkilesim
DC0009,6.6724,5.2471,3.4445,1.0908,0.0,93.2739,0.2206,0.0425,Dusuk_Etkilesim
DC0010,3.0823,2.9053,4.691,0.6034,0.1371,11.1167,0.1673,0.0526,Dusuk_Etkilesim
DC0011,1.6955,3.1634,4.2245,0.8632,0.148,152.9047,0.2852,0.0454,Dusuk_Etkilesim
DC0012,11.6577,8.3314,13.2415,6.2741,0.2295,326.1915,0.3529,0.1621,Kararsiz_Sepet
DC0013,8.7404,11.5923,23.8678,,0.6199,696.3921,0.0203,0.0045,Sadik_Yuksek_Deger
DC0014,7.2337,3.6834,1.7948,0.7122,0.0779,77.6444,0.2244,0.054,Dusuk_Etkilesim
DC0015,12.2015,11.2455,23.9848,4.5186,0.6639,827.7944,0.2459,0.117,Sadik_Yuksek_Deger
DC0016,7.5088,7.7309,14.8881,5.7147,0.1748,424.7112,0.4478,0.163,Kararsiz_Sepet
DC0017,1.9352,6.7338,4.7191,0.2142,0.135,171.8141,0.2247,0.0997,Dusuk_Etkilesim
DC0018,19.2504,6.1091,7.877,2.9775,0.2536,284.3664,1.0,0.0966,Kampanya_Odakli
DC0019,13.6793,9.2605,16.2267,,0.1987,494.0909,0.4878,0.1978,Kararsiz_Sepet
DC0020,2.9225,5.1069,0.1,0.1707,0.0,118.0328,0.2748,0.0737,Dusuk_Etkilesim
DC0021,3.7172,4.7223,2.8234,0.1,0.0,140.1092,0.1251,0.0944,Dusuk_Etkilesim
DC0022,12.1825,12.7408,21.1637,4.2463,0.6654,718.4929,0.0216,0.0,Sadik_Yuksek_Deger
DC0023,11.1483,11.1765,18.8704,3.8197,0.6903,751.9286,0.2202,0.0404,Sadik_Yuksek_Deger
DC0024,17.1549,6.6663,9.121,2.9829,0.2388,210.8192,0.8891,0.1703,Kampanya_Odakli
DC0025,13.3032,8.3407,15.0639,5.8001,0.0377,424.1338,0.4719,0.183,Kararsiz_Sepet
DC0026,14.7619,6.6594,12.3738,2.2419,0.2783,284.8656,0.895,0.1505,Kampanya_Odakli
DC0027,2.2463,3.368,0.133,0.1,0.2078,83.4433,0.1403,0.1443,Dusuk_Etkilesim
DC0028,10.4213,11.848,19.2846,5.5597,0.6329,850.1267,0.0475,0.0965,Sadik_Yuksek_Deger
DC0029,9.0307,12.353,16.6843,3.1973,0.7244,663.5157,0.2672,0.0788,Sadik_Yuksek_Deger
DC0030,13.8199,9.4713,10.3802,5.3715,0.2323,345.9411,0.3383,0.2825,Kararsiz_Sepet
DC0031,18.8145,,7.4619,3.3268,0.3013,318.2805,0.8105,0.1036,Kampanya_Odakli
DC0032,12.6612,12.2784,18.3885,4.4792,0.6082,869.202,0.1704,0.0626,Sadik_Yuksek_Deger
DC0033,19.3681,5.6403,6.4606,3.7348,0.3074,256.6254,0.6239,0.1447,Kampanya_Odakli
DC0034,11.7454,11.0519,14.411,5.6533,0.1889,202.2617,0.4009,0.2343,Kararsiz_Sepet
DC0035,12.325,10.1591,15.4117,4.948,0.0751,424.192,0.5996,0.2113,Kararsiz_Sepet
DC0036,10.3758,13.5241,17.0885,4.804,0.6942,806.6813,0.0215,0.0411,Sadik_Yuksek_Deger
DC0037,4.8575,5.6501,4.4031,0.1,0.0,303.8196,0.4224,0.0737,Dusuk_Etkilesim
DC0038,15.2188,7.764,13.7162,7.3091,0.2121,313.1493,0.5087,0.2054,Kararsiz_Sepet
DC0039,16.9234,6.4471,6.5211,3.7634,0.3565,314.0919,0.9662,0.0904,Kampanya_Odakli
DC0040,4.2702,4.13,3.4997,0.1,0.1393,207.3394,0.1774,0.0702,Dusuk_Etkilesim
DC0041,0.1,2.7391,9.3249,1.1479,0.0464,214.881,0.0939,0.0696,Dusuk_Etkilesim
DC0042,19.1037,2.416,12.6187,0.7619,0.203,336.9011,0.7883,0.0687,Kampanya_Odakli
DC0043,15.4618,6.4616,10.6698,2.611,0.2417,140.0038,0.961,0.0961,Kampanya_Odakli
DC0044,7.3837,13.0975,19.5451,4.9038,0.6253,778.5406,0.0352,0.0835,Sadik_Yuksek_Deger
DC0045,11.4345,10.6751,16.9452,6.4812,0.2155,191.7041,0.6154,0.2137,Kararsiz_Sepet
DC0046,12.4841,8.5807,13.4673,6.3428,0.1741,220.7013,0.3148,0.2149,Kararsiz_Sepet
DC0047,6.0946,1.5432,2.5421,2.3384,0.1476,187.3203,0.1559,0.0615,Dusuk_Etkilesim
DC0048,13.7521,7.8256,13.4925,5.5522,0.1817,440.3647,0.5852,0.216,Kararsiz_Sepet
DC0049,12.8676,8.4292,15.0571,4.3977,0.1144,413.743,0.4171,0.171,Kararsiz_Sepet
DC0050,10.1939,12.1982,22.3576,3.3516,0.798,903.3075,0.0,0.0366,Sadik_Yuksek_Deger
DC0051,12.8723,11.831,15.1019,5.2591,0.2336,387.31,0.5527,0.2417,Kararsiz_Sepet
DC0052,15.0751,7.5918,11.6563,3.8745,0.1476,282.4189,0.8876,0.0839,Kampanya_Odakli
DC0053,10.8492,7.7076,12.4438,6.2002,0.164,305.1691,0.3786,0.1557,Kararsiz_Sepet
DC0054,20.4588,5.3716,6.9339,3.9541,0.2695,213.4611,0.6618,0.0939,Kampanya_Odakli
DC0055,14.2137,6.8042,13.4652,3.5909,0.2502,217.9663,0.8231,0.1112,Kampanya_Odakli
DC0056,4.4737,6.1641,3.0024,1.0078,0.1415,167.7035,0.1919,0.0003,Dusuk_Etkilesim
DC0057,7.1584,4.1924,6.1421,1.7936,0.1478,226.0574,0.3098,0.0982,Dusuk_Etkilesim
DC0058,16.1646,4.8363,12.3413,3.7509,0.2986,262.9485,0.8977,0.0584,Kampanya_Odakli
DC0059,16.51,5.6151,11.3557,1.3383,0.1283,238.945,0.975,0.1047,Kampanya_Odakli
DC0060,11.8793,9.5018,13.0337,4.1959,0.1844,378.9327,0.46,0.1598,Kararsiz_Sepet
DC0061,2.8581,4.6393,6.3506,0.9863,0.0941,200.2757,0.1637,0.0748,Dusuk_Etkilesim
DC0062,18.6671,6.7597,11.5128,3.6369,0.2546,301.7462,0.8157,0.1345,Kampanya_Odakli
DC0063,12.1487,12.285,21.1616,5.0512,0.6835,730.3315,0.2252,0.0297,Sadik_Yuksek_Deger
DC0064,13.618,11.8453,12.748,6.1626,0.112,298.9746,0.475,0.2472,Kararsiz_Sepet
DC0065,6.3828,2.5253,4.4927,0.8016,0.0969,127.599,0.2411,0.0241,Dusuk_Etkilesim
DC0066,3.7613,1.2307,0.1,1.5542,0.0209,145.8354,0.1114,0.0307,Dusuk_Etkilesim
DC0067,10.8392,11.5644,17.3898,5.9472,0.7103,717.7627,0.1235,0.0504,Sadik_Yuksek_Deger
DC0068,12.5723,7.6319,17.2378,5.3868,0.181,334.6513,0.3747,0.1787,Kararsiz_Sepet
DC0069,16.896,6.2828,12.9768,4.373,0.191,256.8175,0.829,0.0855,Kampanya_Odakli
DC0070,16.602,9.6274,14.1715,7.9942,0.1343,297.1648,0.3025,0.2489,Kararsiz_Sepet
DC0071,11.3694,9.4229,16.718,4.9832,0.0753,465.5824,0.5152,0.1853,Kararsiz_Sepet
DC0072,18.0414,10.24,17.8695,6.6362,0.2712,280.9749,0.2239,0.1844,Kararsiz_Sepet
DC0073,12.2473,11.6202,14.5002,3.9346,0.6763,724.7913,0.3484,0.0604,Sadik_Yuksek_Deger
DC0074,18.4324,7.6268,10.2722,2.7308,0.2407,367.6996,0.8755,0.0601,Kampanya_Odakli
DC0075,5.3065,3.1126,2.6886,0.8068,0.1277,193.5273,0.1844,0.1229,Dusuk_Etkilesim
DC0076,12.0501,12.9619,19.3249,5.3285,0.6791,692.309,0.2496,0.035,Sadik_Yuksek_Deger
DC0077,17.2056,6.0346,8.2014,3.5373,0.2344,210.262,0.7538,0.0776,Kampanya_Odakli
DC0078,15.4741,8.9292,17.8774,4.424,0.1567,336.9929,0.4073,0.2834,Kararsiz_Sepet
DC0079,4.4462,5.5065,4.2013,1.2646,0.0766,167.2194,0.1721,0.0951,Dusuk_Etkilesim
DC0080,11.9839,12.2518,19.9419,5.658,0.7255,819.7405,0.0,,Sadik_Yuksek_Deger
DC0081,11.3818,6.2152,16.1893,7.6961,0.2434,320.7012,0.4809,0.2311,Kararsiz_Sepet
DC0082,2.9149,4.1471,0.1,2.2899,0.1162,166.3125,0.3076,0.0307,Dusuk_Etkilesim
DC0083,12.7392,9.5794,14.0279,4.7409,0.1081,436.1,0.4875,0.2158,Kararsiz_Sepet
DC0084,4.5165,5.6906,3.2041,0.1,0.0531,213.925,0.0934,0.1023,Dusuk_Etkilesim
DC0085,10.9851,10.0636,21.0154,4.4392,0.7557,764.329,0.297,0.0046,Sadik_Yuksek_Deger
DC0086,10.9833,11.5737,21.9889,4.2453,,696.3124,0.1821,0.0666,Sadik_Yuksek_Deger
DC0087,19.778,8.493,12.1909,2.4526,0.1858,,0.7749,0.0802,Kampanya_Odakli
DC0088,12.0226,10.9693,15.7122,6.9886,0.1147,344.2108,0.3819,,Kararsiz_Sepet
DC0089,5.3425,2.4155,2.7306,1.0511,0.0505,246.9642,0.1725,0.0583,Dusuk_Etkilesim
DC0090,14.4852,9.0618,14.881,6.4459,0.1531,354.223,0.3742,0.2454,Kararsiz_Sepet
DC0091,19.6514,7.5779,12.129,3.6614,0.2253,247.7177,0.7772,0.2122,Kampanya_Odakli
DC0092,13.7049,9.4746,14.1867,5.5229,0.0288,412.6555,0.5248,0.1937,Kararsiz_Sepet
DC0093,13.1675,11.1597,20.053,3.6947,0.6691,782.7692,0.1365,0.0313,Sadik_Yuksek_Deger
DC0094,11.3274,11.0948,16.1742,4.102,0.6771,562.0846,0.1256,0.0313,Sadik_Yuksek_Deger
DC0095,11.0477,12.0829,19.9339,5.5151,0.6402,,0.181,0.0703,Sadik_Yuksek_Deger
DC0096,19.3802,4.5849,7.8416,2.6214,0.2186,157.8462,0.6778,0.0912,Kampanya_Odakli
DC0097,0.6288,4.2532,1.7245,0.9882,0.0,213.4742,0.1693,0.0351,Dusuk_Etkilesim
DC0098,5.4594,1.2781,4.0553,0.6241,0.1005,179.0296,0.1046,0.0358,Dusuk_Etkilesim
DC0099,12.994,10.4273,15.9222,6.1186,0.2257,285.1966,0.4831,0.1994,Kararsiz_Sepet
DC0100,10.6231,13.0754,16.3904,5.3637,0.7258,723.5232,0.0932,0.0057,Sadik_Yuksek_Deger
DC0101,14.2883,7.9723,15.7007,5.818,0.1901,348.8578,0.1727,0.2063,Kararsiz_Sepet
DC0102,20.2273,5.3062,10.571,3.4066,0.2691,285.2718,0.7356,0.0728,Kampanya_Odakli
DC0103,14.1007,10.1448,15.9598,5.8243,0.1939,352.8204,0.4022,0.2648,Kararsiz_Sepet
DC0104,18.4217,6.2533,10.8807,0.9108,0.2581,251.4985,0.8149,0.1447,Kampanya_Odakli
DC0105,17.6006,3.5107,27.1556,5.4682,0.2779,1060.8367,0.0628,0.1413,Siradisi
DC0106,19.3287,7.8057,11.0648,2.9913,0.1135,317.6927,0.9422,0.1426,Kampanya_Odakli
DC0107,12.9829,11.3422,19.9894,5.4945,0.5638,715.6823,0.1371,0.0353,Sadik_Yuksek_Deger
DC0108,4.2919,3.4761,4.6228,1.6676,0.0,253.0364,0.2508,0.0729,Dusuk_Etkilesim
DC0109,10.1815,10.5362,23.5089,4.7461,0.7945,811.6017,0.1002,0.037,Sadik_Yuksek_Deger
DC0110,5.4984,1.1377,1.9534,2.0131,0.0643,242.9942,0.2737,0.0763,Dusuk_Etkilesim
DC0111,1.7414,10.5713,16.8148,7.3545,0.6205,468.5723,0.0156,0.052,Siradisi
DC0112,15.1408,11.6885,23.4232,4.6489,0.7284,775.0668,0.2947,0.0106,Sadik_Yuksek_Deger
DC0113,8.3473,12.1908,18.9974,4.6889,0.7309,761.5621,0.1051,0.0448,Sadik_Yuksek_Deger
DC0114,14.7327,7.8648,16.3004,5.4064,0.0788,313.8723,0.4892,0.1345,Kararsiz_Sepet
DC0115,8.6326,10.1953,24.384,4.2861,0.6718,,0.2348,0.102,Sadik_Yuksek_Deger
DC0116,13.0924,,17.0572,6.729,0.154,444.0245,0.5028,0.2221,Kararsiz_Sepet
DC0117,11.2581,12.8716,19.1741,5.5231,0.7573,792.7423,0.1524,0.0665,Sadik_Yuksek_Deger
DC0118,31.8734,14.523,2.4777,8.8399,0.7871,683.22,0.0317,0.2531,Siradisi
DC0119,1.4403,5.8545,7.8038,1.8874,0.0953,281.2969,0.2512,0.0871,Dusuk_Etkilesim
DC0120,16.3832,2.3792,23.825,1.2641,0.3809,500.978,0.2816,0.1811,Siradisi
DC0121,19.6543,4.6368,6.3303,3.859,0.2038,230.583,0.6343,0.0962,Kampanya_Odakli
DC0122,17.9255,6.7766,7.3926,1.4508,0.249,284.2993,0.9409,0.175,Kampanya_Odakli
DC0123,0.9987,2.0644,2.8168,1.7827,0.0416,228.016,0.1962,0.0887,Dusuk_Etkilesim
DC0124,11.5453,9.0565,14.313,4.7315,0.1048,457.6155,0.5185,0.1537,Kararsiz_Sepet
DC0125,11.1031,10.8943,20.9434,5.7051,0.6752,704.8013,0.2173,0.0,Sadik_Yuksek_Deger
DC0126,4.9423,2.7532,3.0944,1.8901,0.0176,0.1,0.4111,0.1692,Dusuk_Etkilesim
DC0127,19.1103,6.5619,8.2199,3.2541,0.2383,274.4886,1.0,0.1017,Kampanya_Odakli
DC0128,10.0925,10.6295,20.1708,4.655,0.6607,734.9078,0.2548,0.0646,Sadik_Yuksek_Deger
DC0129,23.6289,7.0254,10.8378,3.6201,0.3526,319.4381,0.6595,0.1691,Kampanya_Odakli
DC0130,3.5122,0.5636,2.0327,0.5895,0.0388,283.6281,0.2335,0.1251,Dusuk_Etkilesim
DC0131,11.2648,9.0987,13.6338,5.2441,0.0626,313.1044,0.5367,0.1757,Kararsiz_Sepet
DC0132,13.4493,9.9474,21.8554,4.0891,0.7429,960.6121,0.0,0.0643,Sadik_Yuksek_Deger
DC0133,17.1822,6.5577,12.5137,3.216,0.1681,300.7908,0.7715,0.1861,Kampanya_Odakli
DC0134,2.0597,2.2572,6.9387,0.6469,0.1642,146.8098,0.3955,0.0846,Dusuk_Etkilesim
DC0135,11.1565,13.2704,23.874,6.3587,0.6763,680.0717,0.088,0.0742,Sadik_Yuksek_Deger
DC0136,18.3389,7.8995,8.0154,1.958,0.2556,257.4797,0.7708,0.123,Kampanya_Odakli
DC0137,14.5162,8.0894,14.0042,5.8036,0.237,,0.3484,0.1318,Kararsiz_Sepet
DC0138,8.9859,14.808,24.9269,5.1826,0.6793,622.8775,0.3346,0.0427,Sadik_Yuksek_Deger
DC0139,12.4758,7.9838,12.3259,4.8692,0.0196,260.774,0.5427,0.1441,Kararsiz_Sepet
DC0140,19.4497,8.4909,8.995,3.2812,0.1195,280.0052,0.7136,0.127,Kampanya_Odakli
DC0141,17.0961,5.5678,10.9548,3.4015,0.1557,344.2009,0.8106,0.0811,Kampanya_Odakli
DC0142,3.0564,4.1431,5.5443,0.9106,0.1256,197.1909,0.303,0.0553,Dusuk_Etkilesim
DC0143,11.9743,10.762,16.7276,4.9913,0.7114,787.7533,0.2297,0.0586,Sadik_Yuksek_Deger
DC0144,18.6555,7.3178,8.0032,3.2292,,275.8785,0.8962,0.1102,Kampanya_Odakli
DC0145,11.0565,12.0745,19.2781,4.3935,0.5813,748.7171,0.2032,0.0697,Sadik_Yuksek_Deger
DC0146,16.9209,6.2524,10.1998,3.6838,0.3049,237.9239,0.7744,0.1353,Kampanya_Odakli
DC0147,15.496,5.0193,26.6835,3.6117,0.6285,503.5138,0.8847,0.2891,Siradisi
DC0148,2.479,2.7149,3.9511,0.1,0.0937,252.56,0.2793,0.0244,Dusuk_Etkilesim
DC0149,12.2966,10.0861,9.679,7.0212,0.2481,342.2375,0.5359,0.2195,Kararsiz_Sepet
DC0150,4.9431,4.9178,4.3419,1.0814,0.0832,180.0063,0.1778,0.0911,Dusuk_Etkilesim
DC0151,9.8101,1.8598,3.1899,1.0732,0.1837,105.9857,0.2255,0.1072,Dusuk_Etkilesim
DC0152,14.0551,14.1044,17.2459,4.5887,0.6242,699.9366,0.3404,0.0,Sadik_Yuksek_Deger
DC0153,15.8494,7.7177,8.9336,3.6366,0.3058,315.5961,0.9109,0.0797,Kampanya_Odakli
DC0154,15.8401,6.4225,15.2075,7.5955,0.153,210.0024,0.4404,0.2509,Kararsiz_Sepet
DC0155,21.9645,6.5651,10.1408,2.9012,0.3064,235.331,0.7779,0.1543,Kampanya_Odakli
DC0156,5.4486,3.5882,0.1,0.1,0.0793,163.4275,0.2397,0.079,Dusuk_Etkilesim
DC0157,5.4276,3.8383,2.6493,1.9609,0.0536,182.4081,0.2769,0.0583,Dusuk_Etkilesim
DC0158,18.8844,6.4147,9.029,3.3212,0.273,414.6349,0.9139,0.1542,Kampanya_Odakli
DC0159,17.7558,3.4304,8.7942,4.1855,0.2732,278.6685,0.9209,0.137,Kampanya_Odakli
DC0160,2.2619,3.7484,6.6675,0.541,0.0,178.6828,0.1598,0.068,Dusuk_Etkilesim
DC0161,14.3808,7.1571,15.0006,3.7119,0.3284,273.7186,0.8127,0.1333,Kampanya_Odakli
DC0162,13.6552,9.7983,18.1077,6.7496,0.1643,252.1181,0.42,0.1923,Kararsiz_Sepet
DC0163,10.8697,14.8384,23.7715,5.5899,0.7002,644.617,0.2519,0.0345,Sadik_Yuksek_Deger
DC0164,18.6112,7.7513,11.6552,4.1127,0.2399,282.76,0.8712,0.125,Kampanya_Odakli
DC0165,10.2638,11.5073,13.5997,6.2568,0.1985,389.6895,0.3278,0.1919,Kararsiz_Sepet
DC0166,12.7059,9.1129,13.2801,5.3115,0.2061,373.3707,0.5255,0.2098,Kararsiz_Sepet
DC0167,5.4865,4.2604,2.5359,0.9857,0.087,196.4016,0.3371,0.0878,Dusuk_Etkilesim
DC0168,3.7378,0.9367,6.0423,0.316,0.048,99.7686,0.1846,0.095,Dusuk_Etkilesim
DC0169,11.355,12.5315,17.1853,5.6885,0.6499,671.4714,0.3081,0.0805,Sadik_Yuksek_Deger
DC0170,11.6015,8.7681,12.6635,5.0186,0.157,273.1353,0.4059,0.1727,Kararsiz_Sepet
DC0171,18.9204,7.8921,10.182,4.3281,0.2586,306.8138,0.7367,0.1956,Kampanya_Odakli
DC0172,14.4661,8.4903,9.1172,2.5994,0.3386,354.887,0.8224,0.1097,Kampanya_Odakli
DC0173,1.8131,4.0558,4.1328,0.1,0.0769,174.0203,0.4298,0.1113,Dusuk_Etkilesim
DC0174,15.0676,6.6143,17.0391,5.7978,0.1473,370.7313,0.5381,0.1711,Kararsiz_Sepet
DC0175,10.7196,8.395,15.2147,7.5928,0.1346,290.0488,0.4249,0.2581,Kararsiz_Sepet
DC0176,20.5637,10.2902,12.1454,7.0842,0.1428,374.788,0.6462,0.2156,Siradisi
DC0177,16.679,9.544,13.8125,6.6297,0.1181,262.4997,0.304,0.1452,Kararsiz_Sepet
DC0178,10.8003,15.0316,19.6556,4.6099,0.6697,,0.0763,0.0214,Sadik_Yuksek_Deger
DC0179,4.6751,5.4705,4.1993,1.3152,0.0,176.3461,0.1657,0.0373,Dusuk_Etkilesim
DC0180,2.5723,1.6564,5.8388,1.0795,0.223,211.5141,0.2888,0.0742,Dusuk_Etkilesim
DC0181,4.9136,2.5733,3.2013,0.4946,0.0082,216.5229,0.2031,0.0804,Dusuk_Etkilesim
DC0182,17.0712,7.1793,9.4728,3.4924,0.3339,298.1495,0.6427,0.1359,Kampanya_Odakli
DC0183,14.4472,5.5845,10.4737,2.3804,0.2945,169.7978,0.7914,0.0995,Kampanya_Odakli
DC0184,12.4311,11.6227,18.4939,4.8791,0.7404,891.5588,0.0293,0.051,Sadik_Yuksek_Deger
DC0185,19.5379,7.6467,8.8228,2.8775,0.2725,197.9312,0.7789,0.1231,Kampanya_Odakli
DC0186,13.6497,8.5427,14.6567,5.7666,0.2945,171.9472,0.4412,0.1999,Kararsiz_Sepet
DC0187,4.5787,3.002,4.7389,0.1,0.103,0.1,0.0777,0.0958,Dusuk_Etkilesim
DC0188,18.8389,8.2609,12.5086,3.2094,0.097,298.7527,0.5981,0.1714,Kampanya_Odakli
DC0189,20.1647,5.7412,12.5262,3.6338,0.2547,270.9136,0.8025,0.1566,Kampanya_Odakli
DC0190,4.6312,5.1882,2.396,0.2767,0.0,167.8001,0.1438,0.0615,Dusuk_Etkilesim
DC0191,3.6215,3.9601,4.7962,1.8565,0.0594,69.2357,0.3567,0.0684,Dusuk_Etkilesim
DC0192,17.5064,7.1832,7.6263,1.8976,0.2191,317.3086,0.9888,0.1474,Kampanya_Odakli
DC0193,14.4661,8.8653,17.5108,5.2954,0.181,403.463,0.4353,0.1851,Kararsiz_Sepet
DC0194,10.0456,13.9707,19.729,5.2893,0.7203,686.067,0.2892,0.0134,Sadik_Yuksek_Deger
DC0195,17.7358,6.818,13.5201,3.538,0.2836,347.6953,0.703,0.1464,Kampanya_Odakli
DC0196,4.3288,2.9534,8.0652,0.6607,0.1801,97.2194,0.3087,0.0912,Dusuk_Etkilesim
DC0197,15.5041,8.9262,17.2306,4.823,0.2028,282.1628,0.3149,0.1607,Kararsiz_Sepet
DC0198,20.498,7.4628,14.3255,1.9617,0.2241,225.3109,0.6226,0.1571,Kampanya_Odakli
DC0199,11.1845,10.815,17.7263,,0.616,821.8003,0.1067,0.0563,Sadik_Yuksek_Deger
DC0200,18.9869,6.4435,5.1706,1.582,0.2478,233.1453,0.7094,0.1223,Kampanya_Odakli
DC0201,8.4974,12.6567,22.1565,4.3517,0.7742,666.1875,0.1562,,Sadik_Yuksek_Deger
DC0202,11.6231,,18.9183,7.2989,0.1816,374.6789,0.5591,0.156,Kararsiz_Sepet
DC0203,11.8105,11.8357,18.1393,5.6211,0.7032,756.7776,0.3302,0.0031,Sadik_Yuksek_Deger
DC0204,19.942,4.2875,10.9827,4.1132,0.3122,228.0046,0.9365,0.1525,Kampanya_Odakli
DC0205,11.7657,16.0985,16.6816,4.6069,0.6795,685.3063,0.2836,0.0565,Sadik_Yuksek_Deger
DC0206,13.0869,9.3443,14.9369,5.9579,0.1968,299.3439,0.3852,0.3058,Kararsiz_Sepet
DC0207,17.878,6.6766,9.2529,2.4882,0.1519,307.4651,0.7417,0.2271,Kampanya_Odakli
DC0208,12.9066,11.8683,18.8679,4.258,0.5564,816.5319,0.1158,0.0119,Sadik_Yuksek_Deger
DC0209,12.7676,11.9571,19.3393,5.9059,0.6588,672.5583,0.3672,0.0383,Sadik_Yuksek_Deger
DC0210,12.0414,13.7159,15.9987,3.5992,0.6358,710.2635,0.2188,0.0514,Sadik_Yuksek_Deger
DC0211,18.837,6.3124,8.6619,2.5788,0.4003,240.2392,0.6743,0.0956,Kampanya_Odakli
DC0212,13.5064,10.2533,15.6013,7.7911,0.2458,316.9354,0.4482,0.2164,Kararsiz_Sepet
DC0213,16.556,6.814,7.1995,2.6844,0.1994,327.3916,0.9001,0.1297,Kampanya_Odakli
DC0214,9.8353,12.1086,19.9752,5.1838,0.7663,774.9533,0.2762,0.0906,Sadik_Yuksek_Deger
DC0215,10.7017,9.0145,14.102,6.3158,0.0871,393.5585,0.3616,0.2575,Kararsiz_Sepet
DC0216,17.645,5.9719,5.783,2.2944,0.2977,101.7537,0.7434,0.106,Kampanya_Odakli
DC0217,16.6498,7.2981,14.2753,6.0341,0.2669,303.0348,0.4323,0.2542,Kararsiz_Sepet
DC0218,23.5349,7.6683,12.3089,3.8751,0.3288,245.7446,0.6145,0.1134,Kampanya_Odakli
DC0219,3.4497,5.5929,2.0952,1.5746,0.0,154.8836,0.2663,0.1005,Dusuk_Etkilesim
DC0220,14.573,8.9455,16.4192,5.3876,0.1252,305.2417,0.2947,0.2302,Kararsiz_Sepet
DC0221,6.554,2.0982,7.7039,0.3752,0.1427,185.099,0.2088,0.0167,Dusuk_Etkilesim
DC0222,18.5567,4.5735,8.6045,2.9085,0.2148,219.9653,0.8207,0.1013,Kampanya_Odakli
DC0223,17.3182,6.65,7.1856,3.621,0.2009,267.5127,0.7916,0.1874,Kampanya_Odakli
DC0224,3.3618,3.8041,3.5554,0.3377,0.0952,142.2032,0.1872,0.0909,Dusuk_Etkilesim
DC0225,3.6523,2.4786,4.8315,1.162,0.0993,197.8951,0.4078,0.0426,Dusuk_Etkilesim
DC0226,17.2125,10.7368,16.7271,5.2303,0.1292,332.8867,0.4025,0.2175,Kararsiz_Sepet
DC0227,11.6213,9.5863,15.8739,7.5601,0.1199,407.8689,0.5962,0.2247,Kararsiz_Sepet
DC0228,13.1306,13.5539,22.3582,5.2867,0.6926,802.4514,0.2719,0.0532,Sadik_Yuksek_Deger
DC0229,20.5194,6.3334,8.0424,2.8062,0.2521,231.9865,0.8685,0.1383,Kampanya_Odakli
DC0230,17.1079,7.8723,10.6186,2.642,0.188,136.4378,0.8491,0.1076,Kampanya_Odakli
DC0231,16.6523,6.1342,10.0418,3.1723,0.1269,230.1887,0.8256,0.1102,Kampanya_Odakli
DC0232,12.6929,1.1072,29.4839,6.0651,0.3882,679.8965,0.0493,0.0781,Siradisi
DC0233,17.1327,3.581,10.8559,2.896,0.114,322.9676,0.9635,0.1722,Kampanya_Odakli
DC0234,4.7375,2.1576,5.9326,0.7601,0.0689,128.9303,0.3723,0.0746,Dusuk_Etkilesim
DC0235,19.319,5.9443,10.2502,3.7895,0.2122,334.7416,0.7206,0.1303,Kampanya_Odakli
DC0236,14.7316,9.9988,16.2952,5.9213,0.1747,419.7632,0.4148,0.178,Kararsiz_Sepet
DC0237,12.3902,8.0335,16.3242,5.457,0.2207,321.5709,0.415,0.1561,Kararsiz_Sepet
DC0238,18.8446,7.9958,10.2156,5.0703,0.2173,284.3067,0.7401,0.1077,Kampanya_Odakli
DC0239,3.9009,3.3383,2.1607,1.3297,0.119,224.5166,0.4037,0.1307,Dusuk_Etkilesim
DC0240,12.8118,9.7051,17.3353,6.4856,0.1644,284.0354,0.3729,0.1821,Kararsiz_Sepet
DC0241,13.9866,15.0489,19.4538,5.1512,0.6061,766.7757,0.1302,0.0019,Sadik_Yuksek_Deger
DC0242,11.1709,9.421,12.5655,6.5524,0.2235,360.425,0.2947,0.1662,Kararsiz_Sepet
DC0243,18.5363,5.1692,9.6041,3.5599,0.1795,207.4937,0.7853,0.07,Kampanya_Odakli
DC0244,18.4726,5.1796,9.4989,3.8178,0.2461,154.0519,0.6885,0.0717,Kampanya_Odakli
DC0245,18.1402,7.2996,7.8624,3.7918,0.2892,455.272,0.7824,0.104,Kampanya_Odakli
DC0246,18.179,6.1678,7.3328,2.4358,0.2231,278.1089,0.9641,0.1185,Kampanya_Odakli
DC0247,15.2443,8.519,15.0752,6.2405,0.1932,330.0193,0.468,0.2483,Kararsiz_Sepet
DC0248,17.0191,7.0532,3.9512,3.1689,0.2212,198.6127,0.9281,0.1086,Kampanya_Odakli
DC0249,2.253,8.4648,27.977,7.3071,0.3383,1163.5729,0.4259,0.1246,Siradisi
DC0250,15.8528,3.8469,10.2574,1.4057,0.1607,219.7105,0.7369,0.1339,Kampanya_Odakli
DC0251,16.2282,9.1413,13.6289,5.5029,0.1211,286.8281,0.3517,0.1475,Kararsiz_Sepet
DC0252,12.6977,11.5217,21.7349,5.4578,0.7433,730.5406,0.5041,0.0769,Sadik_Yuksek_Deger
DC0253,9.7614,13.3264,18.5455,3.3233,0.6874,684.6845,0.136,0.1091,Sadik_Yuksek_Deger
DC0254,3.0685,6.8244,0.177,0.9629,0.0123,,0.2641,0.0,Dusuk_Etkilesim
DC0255,9.585,12.3398,21.1212,4.5994,0.6479,670.9295,0.2139,0.0275,Sadik_Yuksek_Deger
DC0256,3.1895,0.7884,3.3169,0.571,0.0686,96.4959,0.308,0.0984,Dusuk_Etkilesim
DC0257,3.9787,1.5731,3.3044,1.0923,0.1168,169.4259,0.4032,0.1153,Dusuk_Etkilesim
DC0258,14.0445,6.1338,10.1243,2.1711,0.2379,264.0314,0.6044,0.088,Kampanya_Odakli
DC0259,14.0105,6.9987,18.9269,5.5129,0.1701,404.0788,0.3813,0.1809,Kararsiz_Sepet
DC0260,14.5703,13.9113,18.6934,3.9969,0.5979,830.4918,0.1022,0.0918,Sadik_Yuksek_Deger
DC0261,17.1166,5.8357,8.5219,2.9474,0.3107,274.9429,1.0,0.126,Kampanya_Odakli
DC0262,9.5685,7.4704,15.9182,7.3314,0.1789,382.2143,0.4818,0.1641,Kararsiz_Sepet
DC0263,2.7113,3.4156,1.6417,1.164,0.1667,174.1983,0.2303,0.041,Dusuk_Etkilesim
DC0264,18.5994,8.4866,11.3331,6.72,,437.451,0.4518,0.1779,Kararsiz_Sepet
DC0265,14.4445,8.4674,14.3766,6.4888,0.0623,459.7771,0.4982,0.2448,Kararsiz_Sepet
DC0266,12.646,9.0854,16.9567,5.9206,0.1839,299.38,0.5372,0.2132,Kararsiz_Sepet
DC0267,15.0216,9.542,15.1076,5.7798,0.182,316.6189,0.5668,0.1445,Kararsiz_Sepet
DC0268,13.0731,7.8568,16.9581,5.6961,0.1444,385.6592,0.4612,0.1918,Kararsiz_Sepet
DC0269,13.0519,10.3843,22.3418,4.6678,0.6742,591.8934,0.1653,0.0615,Sadik_Yuksek_Deger
DC0270,17.8906,8.1319,7.7195,3.1324,0.2805,81.4049,0.9234,0.0786,Kampanya_Odakli
DC0271,9.7986,13.3259,21.5912,4.1852,0.6504,553.0978,0.0709,0.014,Sadik_Yuksek_Deger
DC0272,10.1766,9.8941,21.5221,6.1998,0.7478,570.9093,0.0285,0.0104,Sadik_Yuksek_Deger
DC0273,16.2336,7.6045,7.5785,3.0093,0.2331,379.4684,0.7845,0.0346,Kampanya_Odakli
DC0274,5.1122,3.7482,4.6407,1.9789,0.1536,0.1,0.2183,0.0742,Dusuk_Etkilesim
DC0275,9.3274,13.5633,17.7426,4.8314,0.6832,894.5854,0.243,0.0192,Sadik_Yuksek_Deger
DC0276,12.024,11.1622,13.5195,5.6207,0.0648,283.1791,0.3092,0.2221,Kararsiz_Sepet
DC0277,10.9185,13.7152,20.9927,6.5838,0.7551,828.6701,,0.0665,Sadik_Yuksek_Deger
DC0278,11.1559,10.77,21.48,4.9169,0.8356,829.2953,0.2511,0.0487,Sadik_Yuksek_Deger
DC0279,3.8076,5.0792,0.1,0.1,0.0246,289.5884,0.2783,0.1069,Dusuk_Etkilesim
DC0280,14.6626,10.0822,22.0199,4.7196,0.6601,617.2617,0.2396,0.0637,Sadik_Yuksek_Deger
DC0281,3.3869,2.6695,3.2838,1.2079,0.0737,150.3567,0.3967,0.076,Dusuk_Etkilesim
DC0282,10.9273,13.8917,17.6874,4.5004,0.5971,790.6036,0.1708,0.0102,Sadik_Yuksek_Deger
DC0283,13.7207,12.3005,24.1596,4.7237,0.6778,768.0671,0.0,0.0472,Sadik_Yuksek_Deger
DC0284,4.5928,6.3491,3.8084,0.5543,0.0348,102.5803,0.1256,0.0489,Dusuk_Etkilesim
DC0285,2.0887,4.1125,1.2681,0.6367,0.0866,363.3848,0.1123,0.1315,Dusuk_Etkilesim
DC0286,13.1359,6.8206,12.0981,6.0095,0.2789,383.4452,0.3074,0.0911,Kararsiz_Sepet
DC0287,12.8744,9.2567,18.4328,,0.2175,432.3985,0.4736,0.1926,Kararsiz_Sepet
DC0288,4.4875,3.2883,,0.8495,0.0866,149.375,0.1102,0.026,Dusuk_Etkilesim
DC0289,2.6498,4.0655,5.244,2.269,0.0678,208.2033,0.1015,0.1217,Dusuk_Etkilesim
DC0290,4.181,3.8195,9.5384,2.3015,0.0288,158.4462,0.1037,0.0593,Dusuk_Etkilesim
DC0291,13.6254,8.6446,16.6375,6.6202,0.1796,320.827,0.4442,0.1521,Kararsiz_Sepet
DC0292,6.7277,3.1687,0.1,0.1574,0.1131,209.6632,0.0933,0.0546,Dusuk_Etkilesim
DC0293,20.7555,6.4968,11.7937,2.6386,0.286,202.8506,0.9291,0.1974,Kampanya_Odakli
DC0294,10.8881,14.9767,21.1792,4.0703,0.6363,823.1062,0.2927,0.041,Sadik_Yuksek_Deger
DC0295,13.3425,7.0083,14.2782,5.9337,0.1294,451.1302,0.528,0.2481,Kararsiz_Sepet
DC0296,12.4772,8.0767,18.6907,5.8494,0.1334,422.2107,0.4078,0.1792,Kararsiz_Sepet
DC0297,4.9006,3.5044,2.3504,0.6113,0.0689,159.7384,0.4271,0.0766,Dusuk_Etkilesim
DC0298,0.4958,3.6319,6.7473,0.1,0.1002,111.3132,0.1828,0.1317,Dusuk_Etkilesim
DC0299,5.3578,3.5946,4.6361,1.305,0.0,156.0247,0.203,0.0576,Dusuk_Etkilesim
DC0300,13.34,8.6693,12.9218,6.7935,0.1856,306.3953,0.4945,0.1971,Kararsiz_Sepet
DC0301,16.7381,7.9801,10.833,1.5642,0.1665,372.5927,0.8602,0.0933,Kampanya_Odakli
DC0302,5.4288,6.2962,1.4114,0.13,0.0941,300.8337,0.1278,0.0887,Dusuk_Etkilesim
DC0303,12.6775,11.6451,18.0471,6.2836,0.1585,403.3151,0.593,0.171,Kararsiz_Sepet
DC0304,18.5824,9.8497,7.6737,1.6817,0.3172,197.9893,0.8179,0.0995,Kampanya_Odakli
DC0305,2.856,7.0872,19.2384,9.1291,0.3463,1040.4271,0.9008,0.0095,Siradisi
DC0306,1.6259,2.9914,3.4399,0.1,0.0209,115.4369,0.4957,0.1431,Dusuk_Etkilesim
DC0307,16.7676,4.8279,7.6582,1.7373,0.2838,395.6686,0.9625,0.0631,Kampanya_Odakli
DC0308,15.6476,5.4114,8.6138,2.3543,0.1769,249.1787,0.6983,0.1495,Kampanya_Odakli
DC0309,14.1164,9.2121,15.606,7.0567,0.1829,399.9185,0.386,0.1617,Kararsiz_Sepet
DC0310,10.902,14.5805,22.1223,3.893,0.7545,700.3264,0.0896,0.0469,Sadik_Yuksek_Deger
DC0311,4.2997,4.0756,4.2604,1.1558,0.0708,289.0538,0.2044,0.1196,Dusuk_Etkilesim
DC0312,8.7569,13.5698,20.5398,5.2888,0.5696,608.7325,0.2463,0.0,Sadik_Yuksek_Deger
DC0313,17.9849,7.8025,8.3033,4.5259,0.1989,208.7681,0.9737,0.1274,Kampanya_Odakli
DC0314,4.9,4.2886,4.2521,1.064,0.1267,119.2885,0.3378,0.0319,Dusuk_Etkilesim
DC0315,,2.7744,7.3247,1.31,0.0381,103.9712,0.2533,0.0374,Dusuk_Etkilesim
DC0316,12.889,6.6233,18.1423,5.8919,0.2048,283.5978,0.4635,0.1697,Kararsiz_Sepet
DC0317,2.613,4.6634,1.0472,0.4744,0.0449,176.506,0.2779,0.0447,Dusuk_Etkilesim
DC0318,18.798,7.6549,8.4313,4.0415,0.1491,166.4279,0.891,0.1785,Kampanya_Odakli
DC0319,6.2292,4.0367,3.7115,1.079,0.1971,335.7735,0.2569,0.0856,Dusuk_Etkilesim
DC0320,16.7618,8.7938,16.2774,4.8975,0.1317,289.5763,0.627,,Kararsiz_Sepet
DC0321,,7.8577,11.9234,2.4145,0.1887,268.1527,0.9926,0.053,Kampanya_Odakli
DC0322,11.324,10.6328,15.7955,6.2052,0.2012,469.2122,0.4971,0.196,Kararsiz_Sepet
DC0323,3.2336,5.546,1.5645,0.1,0.1186,150.4046,0.2495,0.0743,Dusuk_Etkilesim
DC0324,12.3894,10.3628,18.5592,4.1276,0.6813,842.089,0.3823,0.0115,Sadik_Yuksek_Deger
DC0325,18.9829,9.3895,12.9974,1.6832,0.3253,330.23,0.6655,0.1094,Kampanya_Odakli
DC0326,11.7488,10.506,15.7849,5.7564,0.1868,335.4931,0.4813,0.223,Kararsiz_Sepet
DC0327,0.1,1.6849,0.7392,0.1,0.0393,236.2075,0.2215,0.0869,Dusuk_Etkilesim
DC0328,17.1877,5.0601,9.5223,3.4219,0.2103,301.5465,0.7617,0.1417,Kampanya_Odakli
DC0329,10.7166,11.9879,21.8581,5.0282,0.6412,722.8292,0.2183,0.1001,Sadik_Yuksek_Deger
DC0330,15.8225,13.293,18.6895,6.3419,0.6592,729.939,0.1313,0.0978,Sadik_Yuksek_Deger
DC0331,19.8225,6.778,11.0766,2.9926,0.2438,268.0651,0.8415,0.147,Kampanya_Odakli
DC0332,9.2114,9.4061,21.2424,3.8302,0.688,747.8241,0.2402,0.0,Sadik_Yuksek_Deger
DC0333,13.5136,6.6605,16.5393,5.2371,0.1822,300.8785,0.4536,0.1735,Kararsiz_Sepet
DC0334,10.0302,14.2203,20.8851,1.2887,0.7204,863.8623,0.0,0.0932,Sadik_Yuksek_Deger
DC0335,17.6643,8.0345,11.2769,3.7855,0.2001,181.6053,0.7632,0.0983,Kampanya_Odakli
DC0336,2.3741,2.9185,2.6534,0.6874,,191.7786,0.2341,0.0438,Dusuk_Etkilesim
DC0337,9.4033,13.3398,19.8592,5.1911,0.6528,629.3159,0.3535,0.0941,Sadik_Yuksek_Deger
DC0338,16.1112,6.1708,15.4081,4.3137,0.1888,308.5681,0.7368,0.0578,Kampanya_Odakli
DC0339,3.8368,1.1121,0.4456,1.1857,0.0486,0.1,0.3285,0.0895,Dusuk_Etkilesim
DC0340,2.2969,4.4318,6.3876,1.0932,0.0628,214.0474,0.2191,0.1127,Dusuk_Etkilesim
DC0341,18.9621,7.2108,11.3266,2.9013,0.3673,277.5823,0.6338,0.0849,Kampanya_Odakli
DC0342,20.4705,6.5187,12.4309,3.4216,0.2675,287.2257,0.8897,0.1997,Kampanya_Odakli
DC0343,19.9577,6.6101,8.1018,3.8468,0.2064,154.5125,0.9221,0.1012,Kampanya_Odakli
DC0344,7.3658,7.9993,8.7456,8.2893,0.1458,796.6443,0.9644,0.3092,Siradisi
DC0345,1.3546,2.1039,4.8795,0.1,0.0573,277.4421,0.2144,0.1058,Dusuk_Etkilesim
DC0346,8.5992,3.627,7.9277,1.0859,0.1378,125.6542,0.1646,0.0961,Dusuk_Etkilesim
DC0347,17.8586,6.5625,11.6684,3.3054,0.1624,199.0269,0.8435,0.1625,Kampanya_Odakli
DC0348,10.79,12.7093,22.6483,5.2681,0.6767,803.2793,0.4338,0.0511,Sadik_Yuksek_Deger
DC0349,19.3755,8.198,12.4402,1.9264,0.2581,336.1636,0.6542,0.1197,Kampanya_Odakli
DC0350,14.9723,9.7539,,5.7481,0.3056,278.7244,0.5098,,Kararsiz_Sepet
DC0351,12.4094,9.5013,10.338,6.7127,0.1194,431.4972,0.4322,0.1983,Kararsiz_Sepet
DC0352,13.0933,10.896,16.4553,5.2995,0.1212,377.1198,0.4176,0.1259,Kararsiz_Sepet
DC0353,13.0623,7.8121,12.6931,5.3984,0.1733,337.9783,0.5015,0.2175,Kararsiz_Sepet
DC0354,15.419,9.6684,18.782,5.6908,0.2574,380.6887,0.8071,0.1583,Kararsiz_Sepet
DC0355,10.1275,11.8425,15.6703,6.3838,0.0796,339.9123,0.5309,0.1912,Kararsiz_Sepet
DC0356,3.9824,4.2185,3.0785,2.5838,0.0,274.5703,0.3868,0.0502,Dusuk_Etkilesim
DC0357,10.825,7.8638,11.4481,5.4127,0.0391,263.6508,0.6,0.2141,Kararsiz_Sepet
DC0358,13.9812,10.1912,16.5966,6.628,0.1818,334.5691,0.4192,0.1336,Kararsiz_Sepet
DC0359,17.8881,3.3371,10.4741,2.4573,0.2691,163.8612,0.823,0.1101,Kampanya_Odakli
DC0360,3.4978,0.1,1.8079,1.7863,0.0,153.9357,0.132,0.1082,Dusuk_Etkilesim
DC0361,16.428,6.0942,10.4364,2.5862,0.1916,157.9817,0.8591,0.1391,Kampanya_Odakli
DC0362,10.515,14.8903,25.9632,3.8365,0.6044,648.2135,0.1697,0.0714,Sadik_Yuksek_Deger
DC0363,9.0292,14.1637,20.7802,4.6121,0.7185,720.6699,0.2183,0.0114,Sadik_Yuksek_Deger
DC0364,7.6426,1.1875,1.1816,0.4611,0.0488,240.9451,0.2742,0.0179,Dusuk_Etkilesim
DC0365,,6.3844,3.5041,0.1,0.0842,99.2816,0.1748,0.0939,Dusuk_Etkilesim
DC0366,11.7144,9.766,13.221,5.513,0.2276,413.0993,0.4094,0.1743,Kararsiz_Sepet
DC0367,15.6191,10.8764,16.1374,5.6359,0.1456,279.6888,0.3805,0.1634,Kararsiz_Sepet
DC0368,1.7444,2.9683,2.3436,0.1,0.0604,287.0614,0.4337,0.0682,Dusuk_Etkilesim
DC0369,5.1112,2.629,6.1723,1.726,0.1662,219.706,0.3863,0.0142,Dusuk_Etkilesim
DC0370,14.9365,12.3849,11.943,7.1665,0.1642,400.4575,0.3152,0.2514,Kararsiz_Sepet
DC0371,5.5555,4.6298,0.4363,0.1,0.1401,269.0794,0.1479,0.0149,Dusuk_Etkilesim
DC0372,7.4518,13.4589,20.7116,4.754,0.6566,652.8935,0.2528,0.0,Sadik_Yuksek_Deger
DC0373,1.9298,3.4831,3.5365,0.1,0.0,231.4312,0.2149,0.0442,Dusuk_Etkilesim
DC0374,20.5737,,7.1851,2.3744,0.2362,232.5712,0.9599,0.1534,Kampanya_Odakli
DC0375,3.9196,4.0068,4.8491,9.3248,0.8687,969.05,0.1232,0.2584,Siradisi
DC0376,12.5726,14.2004,18.6567,4.3807,0.6659,709.2321,0.0792,0.0843,Sadik_Yuksek_Deger
DC0377,12.1599,10.3743,16.9549,4.4808,0.6639,590.8537,0.2619,0.002,Sadik_Yuksek_Deger
DC0378,9.9725,8.8147,13.9606,4.9405,0.2767,363.4405,0.5275,0.1758,Kararsiz_Sepet
DC0379,15.472,9.436,15.8075,7.0865,0.2294,397.4007,0.3378,,Kararsiz_Sepet
DC0380,1.9699,6.3683,7.9274,1.7088,0.0247,244.1264,0.314,0.0955,Dusuk_Etkilesim
DC0381,4.9615,4.1251,5.4638,0.7212,0.0546,174.0211,0.0813,0.0294,Dusuk_Etkilesim
DC0382,,18.0451,24.8778,1.8421,0.096,253.1623,0.77,0.4112,Siradisi
DC0383,7.2324,0.6115,2.6996,1.2727,0.0,290.6962,0.2868,0.1096,Dusuk_Etkilesim
DC0384,2.6577,3.9368,6.5417,1.287,0.0,202.8275,0.2572,0.0945,Dusuk_Etkilesim
DC0385,17.8886,6.5075,12.5085,4.1659,0.2202,243.9535,0.8864,0.0995,Kampanya_Odakli
DC0386,4.9371,4.421,9.9636,0.629,0.0321,212.0847,0.2939,0.0616,Dusuk_Etkilesim
DC0387,12.1268,16.1007,21.3694,3.8763,0.6969,623.9485,0.3033,0.0065,Sadik_Yuksek_Deger
DC0388,14.1368,6.5203,19.0412,5.0465,0.2517,416.6158,0.5377,0.1701,Kararsiz_Sepet
DC0389,11.2335,12.7389,22.8829,4.3206,0.6633,604.6918,0.0616,0.0219,Sadik_Yuksek_Deger
DC0390,10.2681,10.9527,16.1233,4.2832,0.5927,673.2884,0.2544,0.0269,Sadik_Yuksek_Deger
DC0391,4.3626,2.224,5.8137,1.5369,0.1193,235.9124,0.2229,0.0475,Dusuk_Etkilesim
DC0392,14.4324,8.8686,17.3741,6.0064,0.2076,303.2611,0.2987,0.2094,Kararsiz_Sepet
DC0393,8.2564,12.1464,20.2259,4.3976,0.6968,912.3385,0.1678,0.0248,Sadik_Yuksek_Deger
DC0394,11.3,7.1716,14.8428,6.0253,0.1391,432.0468,0.395,0.211,Kararsiz_Sepet
DC0395,8.4585,4.8937,6.1365,0.8224,0.067,164.2943,0.2891,0.129,Dusuk_Etkilesim
DC0396,14.2496,15.985,20.9843,3.7408,0.6336,758.1838,0.3141,0.0,Sadik_Yuksek_Deger
DC0397,11.3046,13.6162,20.0369,7.3439,0.6891,734.6462,0.009,0.021,Sadik_Yuksek_Deger
DC0398,11.9045,13.4258,16.0802,5.7076,0.7259,804.9237,0.2384,0.0629,Sadik_Yuksek_Deger
DC0399,17.4199,6.5058,10.5643,3.5482,0.3646,196.601,0.9059,0.1273,Kampanya_Odakli
DC0400,17.0143,3.9657,8.674,2.3257,0.1532,389.177,0.8473,0.1333,Kampanya_Odakli
DC0401,14.875,8.5311,16.8988,5.3487,0.1706,366.4002,0.4646,0.2142,Kararsiz_Sepet
DC0402,20.4657,6.1898,12.1904,2.6479,0.1509,270.5877,0.6444,0.1116,Kampanya_Odakli
DC0403,13.2948,10.6304,15.2534,4.8259,0.7622,723.1786,0.1464,0.0,Sadik_Yuksek_Deger
DC0404,1.953,3.751,4.484,1.8874,0.1301,206.7653,0.3963,0.0384,Dusuk_Etkilesim
DC0405,3.1433,3.007,5.1711,1.0924,0.1048,212.3116,0.4642,0.0658,Dusuk_Etkilesim
DC0406,9.5193,12.4411,21.363,5.1179,0.634,659.2862,0.2788,0.0817,Sadik_Yuksek_Deger
DC0407,18.2045,4.9279,11.6871,2.2202,0.3095,474.3079,0.8566,0.1404,Kampanya_Odakli
DC0408,15.7348,9.0723,18.145,6.2054,0.2112,393.932,0.5423,0.2122,Kararsiz_Sepet
DC0409,12.3419,8.6418,,6.1848,0.1741,255.6082,0.3833,0.275,Kararsiz_Sepet
DC0410,13.0194,10.468,20.5042,4.8528,0.7829,702.7398,0.1628,0.0699,Sadik_Yuksek_Deger
DC0411,17.2044,7.0213,11.8384,3.1089,0.3466,277.9362,0.847,0.0882,Kampanya_Odakli
DC0412,15.3064,6.7949,7.5329,4.3699,0.2886,267.1579,0.5764,0.0856,Kampanya_Odakli
DC0413,11.078,10.9709,17.7045,6.4797,0.1723,356.9581,0.4721,0.2224,Kararsiz_Sepet
DC0414,12.5343,11.6816,13.0047,6.0034,0.1609,370.1831,0.4371,0.211,Kararsiz_Sepet
DC0415,16.4086,5.0341,11.2843,3.6809,0.1858,240.4829,0.6342,0.1027,Kampanya_Odakli
DC0416,18.9396,7.4982,6.462,2.5418,0.3143,281.5168,0.6286,0.1563,Kampanya_Odakli
DC0417,13.7892,11.5818,15.8662,5.6905,0.206,322.0376,0.4422,0.1665,Kararsiz_Sepet
DC0418,2.1611,4.196,4.3133,1.3524,0.0544,191.8905,0.3126,0.0692,Dusuk_Etkilesim
DC0419,18.4633,7.8512,10.1933,3.5136,0.2582,253.1345,0.7669,0.1975,Kampanya_Odakli
DC0420,7.1582,3.724,3.739,1.0287,0.1584,196.4537,0.2089,0.1187,Dusuk_Etkilesim
DC0421,19.5724,7.8664,9.6587,4.3447,0.3221,278.2549,0.7378,0.1751,Kampanya_Odakli
DC0422,16.1645,10.4334,9.007,3.2576,0.1623,387.9569,0.932,0.1304,Kampanya_Odakli
DC0423,13.3749,7.5961,11.6206,5.0887,0.1574,405.1133,0.5702,0.2221,Kararsiz_Sepet
DC0424,9.4644,12.5478,14.2638,3.932,0.6822,783.4257,0.0,0.0267,Sadik_Yuksek_Deger
DC0425,10.8563,14.3682,24.7819,4.6544,0.938,1062.1704,0.201,,Siradisi
DC0426,9.5252,10.5646,18.3245,5.7044,0.1775,423.9315,0.4333,0.2304,Kararsiz_Sepet
DC0427,18.3514,8.3059,6.1839,3.3437,0.2049,232.1967,0.7295,0.1141,Kampanya_Odakli
DC0428,11.486,12.0605,17.8744,3.6241,0.6934,841.0081,0.2003,0.0,Sadik_Yuksek_Deger
DC0429,12.9421,9.5381,15.879,5.7059,0.1163,499.1256,0.5803,0.2288,Kararsiz_Sepet
DC0430,4.3848,,0.1,2.0724,0.1025,260.8383,0.128,0.0509,Dusuk_Etkilesim
DC0431,14.898,7.1342,9.0101,2.3394,0.2067,340.3478,0.8803,0.1154,Kampanya_Odakli
DC0432,4.1981,4.8032,7.9547,1.213,0.0577,113.0152,0.2511,0.0695,Dusuk_Etkilesim
DC0433,13.0205,9.0004,15.5711,7.6733,0.1802,161.646,0.5126,0.2013,Kararsiz_Sepet
DC0434,14.4355,9.1587,12.2367,5.8641,0.2429,465.7446,0.5517,0.1583,Kararsiz_Sepet
DC0435,7.288,14.2844,21.3732,5.5194,0.7135,707.9157,0.0737,0.0351,Sadik_Yuksek_Deger
DC0436,19.2625,7.7718,10.2791,0.749,0.1633,401.4642,0.7653,0.0506,Kampanya_Odakli
DC0437,3.9732,0.3354,3.5803,0.6698,0.2058,70.7147,0.2109,0.1397,Dusuk_Etkilesim
DC0438,11.7706,12.486,24.2115,4.5974,0.7501,624.9684,0.0772,0.0653,Sadik_Yuksek_Deger
DC0439,20.191,7.2706,7.12,3.6886,0.1117,243.2883,0.9338,0.1206,Kampanya_Odakli
DC0440,13.2641,11.9929,19.8879,4.7521,0.727,836.5174,0.2168,0.1091,Sadik_Yuksek_Deger
DC0441,2.1982,4.2335,5.6032,0.3387,0.1136,222.4641,0.195,0.0407,Dusuk_Etkilesim
DC0442,5.0308,2.6914,6.8038,0.2979,0.0418,220.5849,0.3263,0.0957,Dusuk_Etkilesim
DC0443,22.1942,10.771,23.8252,6.5874,0.5753,989.4029,0.0762,0.3109,Siradisi
DC0444,14.0577,9.5291,19.1975,6.6783,0.1346,401.3553,0.3402,0.1663,Kararsiz_Sepet
DC0445,18.0226,6.3627,8.5716,2.0116,0.2456,202.3733,0.8286,0.0922,Kampanya_Odakli
DC0446,3.4932,3.2771,4.4475,0.1,0.1224,229.6999,0.2885,0.0995,Dusuk_Etkilesim
DC0447,14.1294,9.0297,9.0732,6.9943,0.1682,,0.5795,0.1763,Kararsiz_Sepet
DC0448,3.5765,4.1982,0.1,0.7655,0.1999,189.926,0.2568,0.0992,Dusuk_Etkilesim
DC0449,16.5232,,8.1282,2.3379,0.222,168.7547,0.8535,0.1218,Kampanya_Odakli
DC0450,12.5914,13.7493,20.6929,5.7051,0.6913,735.0351,0.1921,0.0,Sadik_Yuksek_Deger
DC0451,16.5712,10.2416,13.5076,6.4101,0.1755,301.2531,0.5558,0.2136,Kararsiz_Sepet
DC0452,14.8776,7.26,12.2539,2.5735,0.1718,98.2983,0.7934,0.0996,Kampanya_Odakli
DC0453,6.0983,2.1337,1.9967,1.2468,0.0667,228.5614,0.2486,0.1046,Dusuk_Etkilesim
DC0454,11.7587,10.5929,22.7623,4.8242,0.6653,656.7109,0.2422,0.0118,Sadik_Yuksek_Deger
DC0455,1.6983,3.377,6.0686,1.4928,0.0927,246.4795,0.2991,0.122,Dusuk_Etkilesim
DC0456,3.8814,2.479,3.0882,1.3071,0.0802,205.5157,0.317,0.0669,Dusuk_Etkilesim
DC0457,12.1521,14.8436,20.9543,5.1636,0.6831,695.4082,0.1638,0.0447,Sadik_Yuksek_Deger
DC0458,20.7376,6.5783,11.0915,3.4931,0.2227,290.3737,1.0,0.1105,Kampanya_Odakli
DC0459,19.2382,4.8747,10.0712,3.3179,0.2118,292.6594,0.742,0.1378,Kampanya_Odakli
DC0460,4.6094,2.044,5.651,1.5525,0.0,82.3365,0.2628,0.0689,Dusuk_Etkilesim
DC0461,3.6939,18.2491,19.6493,,0.6301,1062.1105,0.4728,0.2391,Siradisi
DC0462,11.8631,8.9079,15.1478,5.6907,0.159,337.0178,0.4975,0.1175,Kararsiz_Sepet
DC0463,14.5484,11.3935,21.6342,4.7523,0.6603,767.4237,0.1501,0.0,Sadik_Yuksek_Deger
DC0464,17.8969,7.2653,11.2206,3.7413,0.2013,285.533,0.7324,0.0983,Kampanya_Odakli
DC0465,15.8169,5.4451,16.7553,5.629,0.1354,466.9236,0.4086,0.1762,Kararsiz_Sepet
DC0466,5.5125,4.0304,1.2834,1.9538,0.05,55.8678,0.1455,0.0443,Dusuk_Etkilesim
DC0467,15.8007,6.828,10.332,3.6634,0.3712,280.7967,0.8685,0.0823,Kampanya_Odakli
DC0468,10.7513,12.7743,21.9021,4.5251,0.5862,766.5898,0.2925,0.0371,Sadik_Yuksek_Deger
DC0469,3.5355,3.606,4.0132,1.1587,0.1499,303.5545,0.281,0.1006,Dusuk_Etkilesim
DC0470,16.2407,7.4433,11.8932,4.4471,0.1874,243.0159,0.8947,0.122,Kampanya_Odakli
DC0471,11.3261,13.8632,18.7697,4.8861,0.6411,749.8488,0.1148,0.016,Sadik_Yuksek_Deger
DC0472,7.9483,13.036,17.8114,5.5266,0.6979,748.4508,0.0855,0.0132,Sadik_Yuksek_Deger
DC0473,6.1525,2.3161,4.7328,0.7793,0.0988,117.4973,0.091,0.0074,Dusuk_Etkilesim
DC0474,12.0736,16.8426,19.7301,4.7047,0.7246,,0.2775,0.0,Sadik_Yuksek_Deger
DC0475,16.0017,6.5515,10.3806,1.715,0.2292,261.0554,0.7985,0.0915,Kampanya_Odakli
DC0476,17.9089,5.818,9.3138,4.8165,0.1359,297.4841,0.6521,0.1162,Kampanya_Odakli
DC0477,13.0111,7.846,15.8274,4.5534,0.0324,442.9291,0.5704,0.1633,Kararsiz_Sepet
DC0478,4.5453,2.7139,5.5352,0.8885,0.0801,290.4715,0.0049,0.0304,Dusuk_Etkilesim
DC0479,9.0101,12.8176,22.2282,5.1446,0.69,660.2282,0.2667,0.0,Sadik_Yuksek_Deger
DC0480,13.3583,13.0005,15.6625,7.2851,0.2323,367.6008,0.3811,0.2371,Kararsiz_Sepet
DC0481,13.5421,9.2159,19.361,4.5554,0.7492,837.8546,0.035,0.0894,Sadik_Yuksek_Deger
DC0482,14.6275,12.8376,19.4112,5.3747,0.7404,677.1413,0.2019,0.0724,Sadik_Yuksek_Deger
DC0483,17.4109,2.9775,5.318,2.3855,0.2719,268.535,0.8384,0.1883,Kampanya_Odakli
DC0484,16.561,5.528,7.9261,3.9493,0.2181,269.5522,0.8136,0.1456,Kampanya_Odakli
DC0485,12.1474,5.3262,14.7343,5.8639,0.2095,198.5271,0.5962,0.2287,Kararsiz_Sepet
DC0486,19.9919,5.6536,5.9468,,0.1644,161.5124,0.8045,0.0784,Kampanya_Odakli
DC0487,17.853,7.0966,9.9485,2.7995,0.147,221.6874,0.7126,0.0596,Kampanya_Odakli
DC0488,21.6331,5.2663,10.4784,3.1713,0.234,251.4258,0.8307,0.1497,Kampanya_Odakli
DC0489,,5.106,11.0852,3.114,0.2733,277.3004,0.9396,0.1226,Kampanya_Odakli
DC0490,4.4046,4.6821,4.0251,1.8632,0.1314,243.1365,0.3054,0.1615,Dusuk_Etkilesim
DC0491,16.4284,5.7772,12.4208,3.7405,0.2736,240.6859,0.8773,0.0975,Kampanya_Odakli
DC0492,22.0628,,12.2617,3.1574,0.2382,216.1978,0.8319,0.1311,Kampanya_Odakli
DC0493,12.6443,7.9153,18.1484,6.2254,0.1947,329.6465,0.4481,0.1941,Kararsiz_Sepet
DC0494,16.039,8.141,16.938,5.9848,0.1575,277.3465,0.4741,0.1732,Kararsiz_Sepet
DC0495,16.7413,7.1549,10.4292,3.7035,0.2479,321.4073,0.8295,0.1475,Kampanya_Odakli
DC0496,3.2159,3.6959,2.2035,0.1,0.0236,132.389,0.1337,0.0857,Dusuk_Etkilesim
DC0497,32.4653,6.6661,25.3699,5.3624,0.7834,685.1359,0.1515,0.0356,Siradisi
DC0498,11.4502,12.4253,21.9009,5.2854,0.5009,760.8932,0.0797,0.0,Sadik_Yuksek_Deger
DC0499,4.6732,4.095,0.1,1.3333,0.0211,71.8276,0.2442,0.0829,Dusuk_Etkilesim
DC0500,34.0841,18.5243,10.4277,2.5885,0.4202,846.5316,0.3561,0.0303,Siradisi
DC0501,3.4313,3.7595,5.3622,0.5286,0.1438,94.3546,0.2506,0.1709,Dusuk_Etkilesim
DC0502,10.5446,12.4476,18.418,5.2881,0.6774,732.4837,0.2157,0.0,Sadik_Yuksek_Deger
DC0503,17.4406,5.7831,13.0819,2.3622,0.1921,275.854,0.859,0.1374,Kampanya_Odakli
DC0504,11.204,5.5863,13.9503,6.6088,0.1388,400.0884,0.4949,0.2451,Kararsiz_Sepet
DC0505,2.3099,1.9828,4.7581,1.1034,0.1572,262.4985,0.2368,0.0365,Dusuk_Etkilesim
DC0506,12.4672,8.0913,18.5321,6.8392,0.1143,382.6333,0.4057,0.1585,Kararsiz_Sepet
DC0507,13.6462,8.5574,12.5764,6.5327,0.1608,406.6268,0.559,0.1502,Kararsiz_Sepet
DC0508,12.6563,10.6511,16.2306,4.8262,0.0939,277.4803,0.3945,0.1968,Kararsiz_Sepet
DC0509,10.0929,14.5484,21.7609,5.0525,0.6607,744.8772,0.1778,0.0167,Sadik_Yuksek_Deger
DC0510,12.0238,15.4042,23.2681,3.5959,0.6478,751.6088,0.173,0.0,Sadik_Yuksek_Deger
DC0511,1.4162,3.9937,8.2085,1.1729,0.0574,141.9671,0.209,0.0711,Dusuk_Etkilesim
DC0512,2.2636,1.2104,4.5213,0.7332,0.0536,0.1,0.1253,0.1192,Dusuk_Etkilesim
DC0513,15.9634,6.6435,9.4662,2.4336,0.181,280.7311,0.9196,0.1155,Kampanya_Odakli
DC0514,21.6825,4.7298,7.4269,2.1585,0.3436,225.3245,0.8174,0.1059,Kampanya_Odakli
DC0515,9.5484,11.7331,19.5764,4.7272,0.6302,568.2686,0.1239,0.0526,Sadik_Yuksek_Deger
DC0516,3.4867,4.5502,8.2543,2.3684,0.0063,110.51,0.3985,0.043,Dusuk_Etkilesim
DC0517,7.5887,5.3407,3.7586,1.0822,0.126,189.0883,,0.1088,Dusuk_Etkilesim
DC0518,13.0041,12.3663,20.6987,4.6511,0.6412,759.216,0.1245,0.0535,Sadik_Yuksek_Deger
DC0519,3.6408,3.7755,5.8052,0.485,0.1113,160.0621,0.2382,0.109,Dusuk_Etkilesim
DC0520,18.0183,6.3372,14.0527,4.7396,0.1401,447.0445,0.7285,0.1543,Kampanya_Odakli
DC0521,12.1055,12.1631,18.7526,3.9649,0.6444,721.4738,0.1014,0.0434,Sadik_Yuksek_Deger
DC0522,4.1234,3.5521,3.8046,0.803,0.1831,6.0292,0.0498,0.061,Dusuk_Etkilesim
DC0523,12.1118,10.0631,15.6667,6.4723,0.1561,427.731,0.5725,0.2156,Kararsiz_Sepet
DC0524,18.1725,4.8472,9.7452,4.0468,0.1619,244.5166,0.9225,0.1054,Kampanya_Odakli
DC0525,12.5559,11.9537,20.769,4.4304,0.683,639.398,0.2048,0.0415,Sadik_Yuksek_Deger
DC0526,18.7179,6.5645,12.9219,4.5459,0.308,189.3847,0.8401,0.1354,Kampanya_Odakli
DC0527,0.6506,2.8192,3.8817,2.2143,0.0878,253.7055,0.2001,0.0385,Dusuk_Etkilesim
DC0528,9.4641,11.4232,22.2232,4.4642,0.6143,716.7645,0.1918,0.0,Sadik_Yuksek_Deger
DC0529,11.4974,11.9442,18.654,3.3224,0.6633,805.8445,0.2399,0.0407,Sadik_Yuksek_Deger
DC0530,7.2193,13.2107,22.1238,6.8227,0.6565,679.5966,0.0691,0.0473,Sadik_Yuksek_Deger
DC0531,16.7051,8.802,8.0716,2.9301,0.2464,178.0863,0.8531,0.1764,Kampanya_Odakli
DC0532,10.2572,10.7606,18.4486,5.8017,0.7692,633.89,0.1342,0.0373,Sadik_Yuksek_Deger
DC0533,3.8774,2.0259,3.2642,1.84,0.115,309.9234,0.3677,0.0954,Dusuk_Etkilesim
DC0534,6.3651,3.0464,3.551,0.4067,,232.1003,0.2756,0.1028,Dusuk_Etkilesim
DC0535,18.3286,5.6033,9.404,3.0111,0.1959,296.382,0.8438,0.1169,Kampanya_Odakli
DC0536,11.2421,14.6368,20.9625,4.941,0.668,716.2082,,0.0401,Sadik_Yuksek_Deger
DC0537,11.5249,9.0344,14.293,5.839,0.2822,207.85,0.4565,0.2424,Kararsiz_Sepet
DC0538,8.8269,13.9263,17.9352,4.2603,0.6446,714.2851,0.2123,0.0569,Sadik_Yuksek_Deger
DC0539,11.5732,11.6088,20.1597,4.4181,0.7769,761.022,0.247,0.0,Sadik_Yuksek_Deger
DC0540,1.6317,3.6211,4.7194,0.166,0.0816,222.7903,0.3118,0.1343,Dusuk_Etkilesim
DC0541,23.145,5.45,8.8837,2.9551,0.2106,193.2484,0.5437,0.1048,Kampanya_Odakli
DC0542,13.1779,6.9497,12.7401,5.3994,0.2106,312.8042,0.4352,0.2684,Kararsiz_Sepet
DC0543,4.627,4.6734,8.3928,3.1311,0.1049,105.7846,0.0368,0.0894,Dusuk_Etkilesim
DC0544,4.1043,3.1166,,1.2958,0.1004,203.7036,0.291,0.1016,Dusuk_Etkilesim
DC0545,16.3683,5.1507,12.7859,4.2979,0.1805,332.5999,0.8113,0.1319,Kampanya_Odakli
DC0546,19.8453,7.4241,14.2162,2.5892,0.1573,185.4249,0.886,0.1374,Kampanya_Odakli
DC0547,10.0038,11.2412,15.44,3.8798,0.1396,389.0461,0.4563,0.225,Kararsiz_Sepet
DC0548,13.8079,10.5083,19.5595,5.6367,0.6782,646.5454,0.0451,0.032,Sadik_Yuksek_Deger
DC0549,1.464,0.1,3.4849,0.6493,0.0545,260.9159,0.3699,0.074,Dusuk_Etkilesim
DC0550,3.3642,2.2862,4.2623,0.3428,0.07,321.1631,0.233,0.0945,Dusuk_Etkilesim
DC0551,11.7563,8.6251,13.7333,6.1697,0.1829,335.9969,0.5886,0.1784,Kararsiz_Sepet
DC0552,2.6707,4.0048,0.9405,1.951,0.0714,201.753,0.4826,0.1331,Dusuk_Etkilesim
DC0553,13.2556,5.75,8.0177,4.4605,0.1378,151.8987,0.931,0.1675,Kampanya_Odakli
DC0554,11.9473,11.9589,20.5922,3.951,0.6271,767.6557,0.2687,0.0055,Sadik_Yuksek_Deger
DC0555,,9.1578,18.4876,5.3915,0.1601,242.1988,0.6427,0.1971,Kararsiz_Sepet
DC0556,12.5592,12.4701,22.5011,5.8522,0.752,810.4155,0.0763,0.0569,Sadik_Yuksek_Deger
DC0557,11.6733,9.8772,15.56,5.6095,0.121,349.4377,0.4391,0.1612,Kararsiz_Sepet
DC0558,8.967,12.4986,18.9216,4.525,0.7281,832.487,0.2991,0.0258,Sadik_Yuksek_Deger
DC0559,15.7657,9.2823,12.7799,6.2443,0.1512,599.0535,0.5085,0.1867,Kararsiz_Sepet
DC0560,21.4323,11.1614,15.9042,8.5341,,672.9848,0.0574,0.2017,Siradisi
DC0561,3.695,4.0368,6.1996,0.1,0.0725,291.1092,0.1756,0.0512,Dusuk_Etkilesim
DC0562,11.8269,12.3072,15.7595,3.6356,0.6112,653.7771,0.2214,0.0477,Sadik_Yuksek_Deger
DC0563,5.549,3.446,7.8272,0.4142,0.14,187.306,0.3296,0.0643,Dusuk_Etkilesim
DC0564,9.9967,12.6927,24.232,4.5409,0.6975,869.606,0.125,0.1035,Sadik_Yuksek_Deger
DC0565,6.4913,4.8434,0.6675,1.4633,0.1043,59.6047,0.2476,0.0928,Dusuk_Etkilesim
DC0566,2.7205,2.2028,3.1424,0.1,0.1181,163.3333,0.1029,0.0445,Dusuk_Etkilesim
DC0567,12.1174,10.0565,20.0084,6.0493,0.1141,251.1276,0.5352,0.1382,Kararsiz_Sepet
DC0568,0.7974,2.3882,4.9672,1.2194,0.0966,74.0426,0.019,0.0819,Dusuk_Etkilesim
DC0569,13.711,12.5111,23.6764,3.6458,0.5984,609.5483,0.8311,0.2561,Siradisi
DC0570,15.2663,12.4134,17.0423,3.7242,0.7266,715.519,0.2677,0.0213,Sadik_Yuksek_Deger
DC0571,11.7088,10.0257,12.8,6.2854,0.2048,333.3816,0.581,0.1893,Kararsiz_Sepet
DC0572,12.3349,9.4754,14.6082,4.8692,0.2193,134.5891,0.4354,0.1783,Kararsiz_Sepet
DC0573,10.2345,8.8769,15.6513,7.4804,0.1652,164.9367,0.4706,0.2959,Kararsiz_Sepet
DC0574,18.9552,7.6051,11.3386,3.0286,0.1292,225.8389,0.8616,0.0818,Kampanya_Odakli
DC0575,12.624,9.3534,16.6571,5.0158,0.097,208.8611,0.5666,0.2088,Kararsiz_Sepet
DC0576,17.9206,7.1194,9.3303,2.8723,0.2455,115.9313,0.8677,0.12,Kampanya_Odakli
DC0577,2.2437,3.0322,6.015,0.1,0.0818,143.6873,0.2172,0.1151,Dusuk_Etkilesim
DC0578,5.4561,13.8132,19.981,2.92,0.7068,806.313,0.2164,0.0605,Sadik_Yuksek_Deger
DC0579,15.007,10.511,14.4908,6.4758,0.1454,439.1602,0.5436,0.1583,Kararsiz_Sepet
DC0580,9.9197,12.423,20.2948,4.3069,0.6723,644.5836,0.4146,0.0771,Sadik_Yuksek_Deger
DC0581,17.9978,3.371,10.7862,4.7557,0.3346,397.3216,0.718,0.1519,Kampanya_Odakli
DC0582,15.7653,7.0805,11.2731,3.2704,0.2532,240.5971,0.9678,0.0885,Kampanya_Odakli
DC0583,4.592,2.9793,0.1352,1.0624,0.1836,64.9604,,0.0685,Dusuk_Etkilesim
DC0584,9.4859,12.7873,,5.4504,0.6869,734.2377,0.3241,0.0247,Sadik_Yuksek_Deger
DC0585,17.8819,9.8463,8.9321,2.5868,0.1674,434.8269,0.9019,0.1083,Kampanya_Odakli
DC0586,12.6441,10.0609,14.4997,5.6026,0.1481,244.6109,0.5197,0.1375,Kararsiz_Sepet
DC0587,11.2725,14.1794,24.3021,5.4075,0.763,777.5081,0.351,0.1048,Sadik_Yuksek_Deger
DC0588,11.2917,11.5183,20.9654,5.9617,0.6012,635.389,0.1317,0.0247,Sadik_Yuksek_Deger
DC0589,11.6498,11.2737,19.7865,5.9411,0.7826,830.8747,0.2585,0.0,Sadik_Yuksek_Deger
DC0590,2.8366,2.9883,0.973,0.2973,0.0363,237.865,0.3309,0.0749,Dusuk_Etkilesim
DC0591,13.572,12.2048,19.6881,4.936,0.7335,609.7338,0.2536,0.0393,Sadik_Yuksek_Deger
DC0592,12.7667,12.0721,21.4118,4.9783,,619.177,0.1654,0.038,Sadik_Yuksek_Deger
DC0593,11.2252,7.6494,13.5836,6.5078,0.1499,354.7296,0.3576,0.1838,Kararsiz_Sepet
DC0594,6.2897,14.9123,19.515,5.1645,0.7675,742.522,0.3244,0.0,Sadik_Yuksek_Deger
DC0595,12.3701,15.4934,16.4148,4.126,0.6658,688.7184,0.1467,0.0,Sadik_Yuksek_Deger
DC0596,11.2071,7.3511,15.6891,5.0405,0.0,261.7066,0.4328,0.1788,Kararsiz_Sepet
DC0597,12.9023,13.4889,19.5485,4.7669,0.6597,766.5939,0.108,0.0333,Sadik_Yuksek_Deger
DC0598,0.8488,2.574,1.4536,0.1,0.0832,23.6698,0.3114,0.1064,Dusuk_Etkilesim
DC0599,11.0319,8.106,15.2194,5.8233,0.2026,437.8549,0.3824,0.1743,Kararsiz_Sepet
DC0600,0.3788,0.3503,1.3702,1.86,0.0773,276.7923,0.2911,0.1074,Dusuk_Etkilesim
DC0601,15.9914,10.4793,16.504,5.271,0.2639,380.2226,0.4414,0.1766,Kararsiz_Sepet
DC0602,16.8276,8.6117,17.7255,6.0312,0.1849,345.2469,0.5648,0.176,Kararsiz_Sepet
DC0603,10.9885,10.6382,21.6011,4.7576,0.7497,666.9196,0.0198,0.0388,Sadik_Yuksek_Deger
DC0604,0.1,1.1144,2.1673,0.3538,0.0555,182.8936,0.2188,0.1167,Dusuk_Etkilesim
DC0605,18.0794,7.845,5.7038,1.6209,0.2564,259.4662,0.837,0.1038,Kampanya_Odakli
DC0606,13.2964,9.7863,17.4789,5.4301,0.1952,354.6864,0.3088,0.2665,Kararsiz_Sepet
DC0607,0.2763,3.5408,4.068,0.7059,0.1529,0.1,0.2896,0.1347,Dusuk_Etkilesim
DC0608,18.6062,6.6746,9.4386,1.971,0.1514,216.2085,0.8192,0.0987,Kampanya_Odakli
DC0609,19.6513,5.372,9.2407,1.0369,0.2027,220.6689,0.718,0.1258,Kampanya_Odakli
DC0610,12.61,8.1699,17.4358,6.2345,0.1759,284.266,0.4679,0.2126,Kararsiz_Sepet
DC0611,4.9551,1.8726,2.4334,1.8964,0.051,348.219,0.2498,0.0943,Dusuk_Etkilesim
DC0612,2.2237,2.9988,5.7679,2.1766,0.0,209.4621,0.1459,0.0966,Dusuk_Etkilesim
DC0613,8.5633,3.9165,5.9509,0.4087,0.0688,126.4835,0.0,0.0318,Dusuk_Etkilesim
DC0614,18.5102,5.6712,7.9879,3.1498,0.2769,151.0432,0.7751,0.1728,Kampanya_Odakli
DC0615,9.4597,12.3673,17.2841,6.0455,0.7493,717.6311,0.0646,0.0938,Sadik_Yuksek_Deger
DC0616,4.7769,1.0363,5.654,0.9029,0.2232,97.4898,0.2397,0.1429,Dusuk_Etkilesim
DC0617,14.2857,12.9953,21.4168,5.3754,0.6108,647.7501,0.0716,0.0,Sadik_Yuksek_Deger
DC0618,11.5462,14.141,15.6456,2.7539,0.656,616.6077,0.1563,0.0472,Sadik_Yuksek_Deger
DC0619,5.4225,4.6107,3.2328,0.4301,0.1315,165.6522,0.1224,0.0403,Dusuk_Etkilesim
DC0620,12.5909,12.9061,20.1749,2.7258,0.8033,652.9296,0.3852,0.0,Sadik_Yuksek_Deger
DC0621,3.4157,3.3551,3.4456,0.9221,0.1683,0.1,0.2263,0.0862,Dusuk_Etkilesim
DC0622,15.3832,8.0181,15.766,5.7876,0.1797,292.9317,0.3917,0.2368,Kararsiz_Sepet
DC0623,15.3331,4.4395,11.2433,1.1185,0.2523,224.1438,0.9508,0.1027,Kampanya_Odakli
DC0624,18.2019,8.0873,14.6351,2.7385,0.239,396.6541,0.6678,0.156,Kampanya_Odakli
DC0625,10.9738,12.0567,19.4483,5.594,0.7535,669.9637,0.1131,0.0533,Sadik_Yuksek_Deger
DC0626,14.2843,9.6243,14.7743,7.3137,0.1787,372.8255,0.5844,0.2127,Kararsiz_Sepet
DC0627,10.1224,9.5873,15.8579,6.2205,0.1303,402.0439,0.324,0.1977,Kararsiz_Sepet
DC0628,7.9179,11.6321,19.1039,4.4774,0.6845,826.9156,0.2612,0.0054,Sadik_Yuksek_Deger
DC0629,13.5047,8.3303,12.9414,5.0494,0.0609,,0.333,0.165,Kararsiz_Sepet
DC0630,19.7416,5.3737,6.0221,4.4348,0.2554,131.4136,0.7486,0.147,Kampanya_Odakli
DC0631,11.9174,9.3808,13.6177,5.7773,0.1865,313.842,0.5026,0.2557,Kararsiz_Sepet
DC0632,19.0089,5.5214,10.0938,3.1306,0.2236,319.2755,0.6667,0.1019,Kampanya_Odakli
DC0633,17.6517,6.6935,12.3924,3.8905,0.2303,209.7504,0.9335,0.1471,Kampanya_Odakli
DC0634,1.3549,2.8193,4.9245,0.7181,0.041,129.4341,0.1788,0.0492,Dusuk_Etkilesim
DC0635,9.9371,15.1535,19.1646,4.0999,0.6204,589.9558,0.3333,0.088,Sadik_Yuksek_Deger
DC0636,9.1158,14.7553,21.374,6.4963,0.653,729.4711,0.1139,0.045,Sadik_Yuksek_Deger
DC0637,12.903,8.3482,13.4917,7.2377,0.1551,435.2532,0.4267,0.2086,Kararsiz_Sepet
DC0638,9.7635,12.4248,11.4913,5.1617,0.0976,227.7505,0.6153,0.2848,Kararsiz_Sepet
DC0639,2.4761,3.7081,4.8057,1.134,0.0008,244.1014,0.17,0.1022,Dusuk_Etkilesim
DC0640,3.1765,2.991,1.4718,0.1,0.073,105.1611,0.2415,0.024,Dusuk_Etkilesim
DC0641,12.2122,7.1297,15.8355,6.5922,0.127,307.223,0.5337,0.175,Kararsiz_Sepet
DC0642,9.5621,12.1293,19.0796,5.4494,0.6732,651.682,0.1628,0.058,Sadik_Yuksek_Deger
DC0643,12.0531,13.2823,20.8528,5.1192,0.6982,846.5678,0.2902,0.0029,Sadik_Yuksek_Deger
DC0644,18.7695,6.6323,10.0238,3.1548,0.2054,226.2887,0.968,0.1162,Kampanya_Odakli
DC0645,14.0447,8.675,14.6071,6.4776,0.1515,319.131,0.527,0.2234,Kararsiz_Sepet
DC0646,16.9124,8.4758,9.8068,3.3638,0.3107,192.688,0.7207,0.1131,Kampanya_Odakli
DC0647,4.6567,3.7502,2.6442,0.7819,0.0426,99.6224,0.2146,0.0414,Dusuk_Etkilesim
DC0648,4.7488,4.3848,0.9106,1.0648,0.0618,143.7907,0.3371,0.1318,Dusuk_Etkilesim
DC0649,14.9969,13.9024,22.0775,4.5885,0.6628,611.1221,0.2582,0.0572,Sadik_Yuksek_Deger
DC0650,11.2593,9.1211,13.0212,5.7339,0.2892,347.1772,0.3612,0.2063,Kararsiz_Sepet
DC0651,4.0291,4.4661,5.0408,0.4926,,257.2647,0.2684,0.1137,Dusuk_Etkilesim
DC0652,10.5977,12.3093,17.3329,5.4078,0.6274,683.5183,0.1801,0.0442,Sadik_Yuksek_Deger
DC0653,4.0588,4.9403,0.1,1.0766,0.1514,168.5231,0.305,0.0554,Dusuk_Etkilesim
DC0654,10.2964,7.3214,12.7095,5.6446,0.2162,383.3799,0.5323,0.1615,Kararsiz_Sepet
DC0655,15.4262,8.716,7.9683,2.3648,0.2377,253.2356,0.7297,0.1093,Kampanya_Odakli
DC0656,19.6235,5.1423,9.612,2.6466,0.3301,316.2093,0.8852,0.1418,Kampanya_Odakli
DC0657,16.8527,8.1289,9.3264,4.0836,0.2657,234.2867,0.868,0.1312,Kampanya_Odakli
DC0658,6.2094,2.9227,0.8829,1.1551,0.1078,65.1964,0.2729,0.1057,Dusuk_Etkilesim
DC0659,5.9771,3.5564,1.1699,0.1,,47.4283,0.2609,0.1194,Dusuk_Etkilesim
DC0660,9.8285,1.0122,4.7128,0.1918,0.1146,183.4918,0.3262,0.1211,Dusuk_Etkilesim
DC0661,13.323,11.3074,14.6013,6.3582,0.1928,262.2533,,0.1512,Kararsiz_Sepet
DC0662,17.1391,7.6152,9.4812,2.9546,0.2463,387.244,0.686,0.1469,Kampanya_Odakli
DC0663,14.7875,6.0616,10.3641,3.8231,0.2946,281.293,0.8785,0.1222,Kampanya_Odakli
DC0664,13.1513,15.085,19.4309,4.8278,0.6486,694.0173,0.3511,0.0049,Sadik_Yuksek_Deger
DC0665,2.9993,4.1792,2.8386,0.7989,0.1392,138.1671,0.3306,0.1037,Dusuk_Etkilesim
DC0666,15.1514,12.2366,12.9165,5.1823,0.1073,460.4649,0.5842,0.1953,Kararsiz_Sepet
DC0667,15.3661,8.1916,14.915,,0.3256,266.4029,0.6538,0.0555,Kampanya_Odakli
DC0668,7.814,12.5619,20.8655,3.6558,0.7266,765.0828,0.1252,0.034,Sadik_Yuksek_Deger
DC0669,12.1211,11.614,19.6195,4.9313,0.6948,757.0292,0.1221,0.0,Sadik_Yuksek_Deger
DC0670,8.6571,10.9023,19.4846,4.5454,0.5865,768.7408,0.2479,0.0769,Sadik_Yuksek_Deger
DC0671,16.6873,5.7081,12.4182,3.703,0.3426,430.0733,0.7169,0.1225,Kampanya_Odakli
DC0672,13.5269,9.1139,12.9395,6.0095,0.1608,237.4665,0.426,0.1887,Kararsiz_Sepet
DC0673,10.4834,12.3235,18.5531,4.8516,0.7177,702.28,0.1347,0.0342,Sadik_Yuksek_Deger
DC0674,12.2247,13.8419,19.4308,3.8314,0.7366,630.0368,0.1622,0.0386,Sadik_Yuksek_Deger
DC0675,12.1712,10.0363,16.4734,5.1917,0.5631,686.4902,0.1962,0.0545,Sadik_Yuksek_Deger
DC0676,11.8723,8.0518,15.9432,6.862,0.1394,398.5511,0.485,0.1688,Kararsiz_Sepet
DC0677,8.3272,13.1981,20.1958,4.285,0.7313,554.8307,0.2147,0.0967,Sadik_Yuksek_Deger
DC0678,12.3412,11.7542,20.0363,5.9336,0.7284,779.6904,0.3709,0.0154,Sadik_Yuksek_Deger
DC0679,18.3082,7.8572,12.724,2.668,0.2962,201.1893,1.0,0.0803,Kampanya_Odakli
DC0680,12.1209,13.245,24.3323,3.5336,0.7766,678.0397,0.1353,0.0,Sadik_Yuksek_Deger
DC0681,12.6794,10.9823,12.3252,5.3403,0.0033,303.9313,0.4404,0.1822,Kararsiz_Sepet
DC0682,18.4979,7.6848,10.702,4.2073,0.2343,235.0874,1.0,0.1338,Kampanya_Odakli
DC0683,13.8799,13.0457,19.3363,4.2914,0.6618,760.7855,0.0993,0.0665,Sadik_Yuksek_Deger
DC0684,9.9193,8.843,18.4346,5.8506,0.2384,366.3948,0.5271,0.1532,Kararsiz_Sepet
DC0685,11.7639,7.5514,11.5598,6.1755,0.1741,467.5595,0.4132,0.2104,Kararsiz_Sepet
DC0686,2.648,2.2928,5.0535,0.1,0.1034,187.6915,0.2353,0.1356,Dusuk_Etkilesim
DC0687,17.6627,7.9612,10.8654,2.0824,0.2793,178.6542,0.9613,0.1558,Kampanya_Odakli
DC0688,13.2717,12.4536,18.9338,5.7812,0.7731,814.1537,0.0947,0.0227,Sadik_Yuksek_Deger
DC0689,10.0682,8.0988,13.8361,5.8214,0.0642,384.6465,0.5466,0.2178,Kararsiz_Sepet
DC0690,11.0106,14.9947,21.6504,5.0457,0.6761,673.1969,0.1876,0.0714,Sadik_Yuksek_Deger
DC0691,15.3573,5.8741,10.4632,4.4688,0.2533,363.779,0.8841,0.177,Kampanya_Odakli
DC0692,4.5727,1.5109,10.2594,1.9186,0.9393,405.4158,0.2254,0.0885,Siradisi
DC0693,9.9263,11.0273,19.4855,5.681,0.6488,654.7101,0.1955,0.0575,Sadik_Yuksek_Deger
DC0694,18.5798,6.7201,9.5401,3.7428,0.2178,277.6677,0.9072,0.1003,Kampanya_Odakli
DC0695,7.1004,,20.0162,4.935,0.7027,738.3181,0.1536,0.05,Sadik_Yuksek_Deger
DC0696,8.8295,13.2077,21.7099,5.8297,0.6479,789.542,0.3161,0.0,Sadik_Yuksek_Deger
DC0697,16.2693,4.2293,11.3518,3.705,0.2688,290.5796,0.7879,0.1476,Kampanya_Odakli
DC0698,10.8455,9.3206,16.3563,5.9987,0.1666,261.6393,0.4906,0.2179,Kararsiz_Sepet
DC0699,21.4872,7.576,8.7742,4.2436,0.1956,335.6825,0.6841,0.1576,Kampanya_Odakli
DC0700,16.276,11.8437,24.1432,9.3171,0.4024,878.4432,0.2009,0.2405,Siradisi
DC0701,15.8279,4.7397,11.1223,4.4235,0.2439,302.9182,0.6356,0.0963,Kampanya_Odakli
DC0702,17.382,6.258,12.122,3.1741,0.2718,245.2997,0.7858,0.0708,Kampanya_Odakli
DC0703,11.1321,8.2854,12.3807,6.7067,0.1134,422.0151,0.4399,0.1635,Kararsiz_Sepet
DC0704,12.4545,8.4543,15.1603,6.0275,0.0971,400.1347,0.3824,0.1924,Kararsiz_Sepet
DC0705,18.664,,12.3861,3.6407,0.0974,201.1416,0.8338,0.1132,Kampanya_Odakli
DC0706,17.4592,7.5355,15.1915,2.9174,0.2147,268.8998,0.9187,0.1002,Kampanya_Odakli
DC0707,14.8578,7.579,12.7888,2.5143,0.2395,130.5984,0.6941,0.1567,Kampanya_Odakli
DC0708,18.5477,6.0789,5.9252,2.9394,0.2204,248.8946,0.7637,0.1045,Kampanya_Odakli
DC0709,12.8408,10.9064,20.8792,4.8115,0.7009,681.0171,0.3183,0.0364,Sadik_Yuksek_Deger
DC0710,12.7944,12.1713,21.8232,6.1648,0.7999,809.0169,0.1826,0.0324,Sadik_Yuksek_Deger
DC0711,11.1871,9.6439,14.8434,4.4914,0.1825,201.0683,0.3855,0.2473,Kararsiz_Sepet
DC0712,19.1118,5.8507,11.0241,2.3913,0.3303,210.4198,0.8701,0.1573,Kampanya_Odakli
DC0713,13.1844,8.7884,14.931,4.8452,0.1022,328.7999,0.4635,0.1802,Kararsiz_Sepet
DC0714,13.0212,10.1135,18.6223,6.4684,0.2082,325.0109,0.4092,0.2229,Kararsiz_Sepet
DC0715,9.1405,14.4874,22.9484,3.9242,0.6273,757.8608,0.7276,0.3234,Siradisi
DC0716,11.7114,11.4873,20.1434,6.3367,0.6591,748.8322,0.0234,0.0932,Sadik_Yuksek_Deger
DC0717,10.5691,11.5736,19.2487,6.1791,0.7197,677.9774,0.1732,0.039,Sadik_Yuksek_Deger
DC0718,12.8451,6.4493,17.4708,7.652,0.1648,180.6242,0.5409,0.1684,Kararsiz_Sepet
DC0719,8.8827,9.5816,19.6998,5.9582,0.7805,746.6532,0.3762,0.0385,Sadik_Yuksek_Deger
DC0720,12.8935,6.9277,18.5558,6.1414,0.1057,287.6026,0.2911,0.1615,Kararsiz_Sepet
DC0721,9.3752,9.416,20.7967,3.919,0.6156,617.0614,0.2577,0.0649,Sadik_Yuksek_Deger
DC0722,15.8007,9.0094,13.309,5.8025,0.0793,370.4603,0.539,0.2864,Kararsiz_Sepet
DC0723,10.4217,13.1736,18.7114,4.9175,0.5935,801.5315,0.1696,0.0806,Sadik_Yuksek_Deger
DC0724,7.3753,7.5962,21.0088,6.4727,0.0936,336.8562,0.4867,0.2296,Kararsiz_Sepet
DC0725,5.6336,4.3751,6.7538,0.3829,0.0539,144.0673,0.3291,0.1324,Dusuk_Etkilesim
DC0726,17.9334,4.8733,8.51,,0.1635,267.112,0.6972,0.0437,Kampanya_Odakli
DC0727,9.8959,12.7211,18.7585,5.4265,0.6688,645.56,0.1866,0.046,Sadik_Yuksek_Deger
DC0728,3.2501,4.0223,2.6281,0.8187,0.044,301.5053,0.2864,0.0724,Dusuk_Etkilesim
DC0729,14.1526,7.5954,17.8106,5.3255,0.177,217.0458,0.2759,0.2111,Kararsiz_Sepet
DC0730,4.9603,1.0576,6.0404,1.1635,0.0134,144.6356,0.2764,0.0818,Dusuk_Etkilesim
DC0731,11.5683,9.1402,11.7095,6.0932,0.104,306.8145,0.5845,0.2165,Kararsiz_Sepet
DC0732,3.2444,4.7828,0.1869,1.4896,0.0572,208.2711,0.1373,0.1265,Dusuk_Etkilesim
DC0733,11.9168,11.8628,13.6226,5.8091,0.107,365.1884,0.4064,0.1935,Kararsiz_Sepet
DC0734,17.7521,16.1235,28.7235,1.3067,0.8409,863.4685,0.6818,0.1684,Siradisi
DC0735,14.6241,11.54,20.4814,3.7685,0.6599,681.0866,0.2264,0.0756,Sadik_Yuksek_Deger
DC0736,14.5369,10.5423,21.14,6.4569,0.6818,700.1997,0.0632,0.0779,Sadik_Yuksek_Deger
DC0737,9.7849,10.1913,19.3676,5.8598,0.7076,871.3357,0.1977,0.1257,Sadik_Yuksek_Deger
DC0738,6.4993,4.3895,5.628,1.3095,0.1004,46.2292,0.2584,0.0605,Dusuk_Etkilesim
DC0739,11.5979,11.2422,16.649,5.1936,0.105,385.4144,0.4538,0.1941,Kararsiz_Sepet
DC0740,15.8125,7.9377,5.7727,4.1032,0.2367,170.5704,0.7617,0.0844,Kampanya_Odakli
DC0741,13.4801,8.5902,16.6657,6.695,0.1384,364.773,0.5981,0.2662,Kararsiz_Sepet
DC0742,12.3568,13.3964,18.2267,5.4791,0.6704,614.2535,0.2255,0.0476,Sadik_Yuksek_Deger
DC0743,11.7335,9.7862,15.3009,5.6414,0.097,360.0831,0.3587,0.215,Kararsiz_Sepet
DC0744,10.9922,10.0185,15.3754,4.8876,0.1487,227.9416,0.4747,0.1421,Kararsiz_Sepet
DC0745,11.1485,11.2991,18.7978,5.9889,0.6862,678.0598,0.0655,0.0,Sadik_Yuksek_Deger
DC0746,3.6427,2.5282,2.8855,1.8183,0.1122,151.0778,0.2264,0.0251,Dusuk_Etkilesim
DC0747,20.5315,7.992,11.1824,4.7778,0.2286,487.3822,,0.1289,Kampanya_Odakli
DC0748,19.7262,6.748,11.3796,3.504,0.1808,147.647,0.7488,0.1398,Kampanya_Odakli
DC0749,12.9821,11.3201,22.1966,4.7647,0.6605,666.8616,0.124,0.101,Sadik_Yuksek_Deger
DC0750,1.2633,3.2346,2.1965,0.8891,0.0567,290.8045,0.3007,0.0341,Dusuk_Etkilesim
DC0751,2.9755,2.3607,5.3552,1.7032,0.0732,116.9883,0.1676,0.1028,Dusuk_Etkilesim
DC0752,13.827,9.6459,13.7211,6.3751,0.1491,124.7785,0.4315,0.2378,Kararsiz_Sepet
DC0753,10.5945,14.6539,20.7494,4.9645,0.734,801.9654,0.2584,0.0897,Sadik_Yuksek_Deger
DC0754,14.2293,10.7572,15.678,5.6435,0.0351,345.2942,0.4826,0.2064,Kararsiz_Sepet
DC0755,14.4362,12.1644,20.1157,4.1077,0.723,822.5009,0.3424,0.0471,Sadik_Yuksek_Deger
DC0756,12.7255,10.0306,11.5796,5.5281,0.0918,472.8632,0.5676,0.1229,Kararsiz_Sepet
DC0757,10.06,10.5482,21.5423,5.6943,0.6613,691.7073,0.0838,0.0348,Sadik_Yuksek_Deger
DC0758,9.0495,13.1806,21.7749,5.9814,0.7023,789.3432,0.1503,0.0233,Sadik_Yuksek_Deger
DC0759,4.0229,3.8483,4.0973,0.6377,0.0151,168.6711,0.1754,0.0362,Dusuk_Etkilesim
DC0760,11.5451,12.1234,20.9646,5.0734,0.657,620.3026,0.1946,0.0329,Sadik_Yuksek_Deger
DC0761,12.4096,9.6547,16.1129,7.2013,0.0576,305.6194,0.5649,0.2541,Kararsiz_Sepet
DC0762,19.7447,6.7602,12.5286,3.1642,0.1557,332.4597,0.783,0.132,Kampanya_Odakli
DC0763,16.0174,10.3546,14.2938,6.0041,0.1717,367.136,0.3443,0.146,Kararsiz_Sepet
DC0764,3.5897,0.6951,,0.4338,0.0865,278.2163,0.0898,0.0362,Dusuk_Etkilesim
DC0765,4.8695,2.9734,3.7056,0.1,0.0657,160.0209,0.2732,0.0606,Dusuk_Etkilesim
DC0766,3.8901,5.0858,6.782,0.1,0.0613,281.8591,0.3008,0.0868,Dusuk_Etkilesim
DC0767,3.5414,1.2701,1.9917,0.9814,0.1591,390.6908,0.1913,0.1302,Dusuk_Etkilesim
DC0768,5.0762,5.3724,3.6601,0.2432,0.0666,198.1873,0.2677,0.042,Dusuk_Etkilesim
DC0769,12.9815,15.4365,16.124,4.5231,0.7559,611.4791,0.2367,0.0828,Sadik_Yuksek_Deger
DC0770,16.8254,6.5154,11.9337,2.0021,0.1614,107.1704,0.8233,0.0809,Kampanya_Odakli
DC0771,12.0485,7.1514,10.0788,5.8047,0.141,291.1528,0.5021,0.2138,Kararsiz_Sepet
DC0772,17.6592,6.5185,11.6186,2.1134,0.1895,280.4717,0.81,0.14,Kampanya_Odakli
DC0773,18.7387,5.8095,14.2578,3.2107,0.3175,279.6065,0.9026,0.1298,Kampanya_Odakli
DC0774,15.0635,6.1747,10.5646,3.3421,0.2724,191.2213,0.8265,0.1347,Kampanya_Odakli
DC0775,7.7623,11.34,20.6321,5.2966,0.7062,808.1764,0.0037,0.0816,Sadik_Yuksek_Deger
DC0776,16.5477,7.0176,11.4705,2.6643,0.2431,213.2298,0.7673,0.0806,Kampanya_Odakli
DC0777,11.4377,10.2598,16.7892,5.9618,0.1438,331.6032,0.4695,0.1973,Kararsiz_Sepet
DC0778,11.3882,8.1292,12.5273,6.3519,0.2318,271.8953,0.5083,0.1638,Kararsiz_Sepet
DC0779,1.8053,4.481,1.0172,0.1643,0.1582,243.0165,0.3987,0.0705,Dusuk_Etkilesim
DC0780,0.3372,3.0301,0.1,0.1,0.1618,247.1389,0.1781,0.0274,Dusuk_Etkilesim
DC0781,14.8551,10.0506,14.0332,4.9249,0.1852,380.9567,0.589,0.1672,Kararsiz_Sepet
DC0782,17.2313,10.9509,11.1702,5.4672,0.1199,334.0115,0.474,0.3049,Kararsiz_Sepet
DC0783,0.1,2.9898,0.1,0.8288,0.0797,258.4149,0.3688,0.0871,Dusuk_Etkilesim
DC0784,14.695,5.9512,10.423,1.6296,0.6293,660.3593,0.2727,0.2492,Siradisi
DC0785,10.3367,7.1409,16.1732,4.9236,0.1465,362.8113,0.3662,0.1642,Kararsiz_Sepet
DC0786,4.199,3.3795,5.7398,1.0757,0.1201,128.3721,0.3398,0.137,Dusuk_Etkilesim
DC0787,2.8117,1.4755,4.1587,0.3764,0.094,181.6389,0.4102,0.0716,Dusuk_Etkilesim
DC0788,3.6569,1.3169,6.1281,2.0134,0.0322,202.6478,0.1775,0.058,Dusuk_Etkilesim
DC0789,5.5647,3.2331,6.5767,1.4007,0.1892,234.8081,0.0928,0.0777,Dusuk_Etkilesim
DC0790,15.3995,9.6576,15.1498,7.1844,0.1669,317.1745,0.3962,0.2246,Kararsiz_Sepet
DC0791,15.541,7.0,12.4015,3.5895,0.2483,252.8087,0.7365,0.1175,Kampanya_Odakli
DC0792,4.6456,1.8899,,0.1,0.046,133.1547,0.3825,0.0916,Dusuk_Etkilesim
DC0793,11.6148,12.7445,19.4231,6.7568,0.7583,665.9203,0.1526,,Sadik_Yuksek_Deger
DC0794,4.1466,3.5525,3.8001,0.7753,0.0671,71.8516,0.1983,0.112,Dusuk_Etkilesim
DC0795,13.0307,12.8354,23.1665,4.9318,0.6651,586.2206,0.018,0.0,Sadik_Yuksek_Deger
DC0796,6.1784,5.3588,3.8479,1.8829,0.0855,117.1951,0.1906,0.0282,Dusuk_Etkilesim
DC0797,18.9905,6.7039,10.8651,2.5104,0.2914,176.5967,0.9035,0.1615,Kampanya_Odakli
DC0798,6.0425,13.2956,19.645,4.4148,0.6909,682.8131,0.0,0.0723,Sadik_Yuksek_Deger
DC0799,13.2342,14.1079,18.0808,4.9909,0.6291,705.8815,0.2122,0.0,Sadik_Yuksek_Deger
DC0800,10.1149,14.0749,17.8147,5.1136,0.8164,735.4017,0.1024,0.0544,Sadik_Yuksek_Deger
DC0801,21.14,5.1028,9.225,3.5843,0.3919,371.0074,0.9319,0.1064,Kampanya_Odakli
DC0802,11.4589,13.1574,22.0269,4.2463,0.639,828.8143,0.2571,0.0263,Sadik_Yuksek_Deger
DC0803,20.3776,7.3759,7.218,4.6217,0.2795,259.2353,0.979,0.1256,Kampanya_Odakli
DC0804,9.8753,11.0846,,5.1732,0.7143,786.255,0.2571,0.0255,Sadik_Yuksek_Deger
DC0805,18.253,10.8902,16.5804,5.9315,0.0437,240.8285,0.6083,0.1724,Kararsiz_Sepet
DC0806,9.8883,11.3307,14.8013,5.4821,0.1436,229.2019,0.6223,0.1862,Kararsiz_Sepet
DC0807,19.2522,7.4565,14.8253,2.6432,0.1323,102.0137,0.1629,0.4288,Siradisi
DC0808,16.3065,4.9942,10.4935,3.6808,0.26,199.291,0.8877,0.094,Kampanya_Odakli
DC0809,3.5646,2.9627,4.6341,0.5981,0.0774,185.8949,0.1822,0.0986,Dusuk_Etkilesim
DC0810,8.007,4.6539,4.3734,0.4488,0.0563,20.3102,0.2758,0.1096,Dusuk_Etkilesim
DC0811,13.6663,5.9785,14.9182,5.1838,0.1661,259.1698,0.5224,0.2007,Kararsiz_Sepet
DC0812,11.4046,11.3642,19.6152,3.2171,0.7356,662.1991,0.1765,0.0,Sadik_Yuksek_Deger
DC0813,20.0418,5.7323,10.0907,3.1508,0.2822,183.1116,0.9217,0.1363,Kampanya_Odakli
DC0814,10.7856,12.3562,20.0695,5.1781,0.8321,734.2317,0.2463,0.0,Sadik_Yuksek_Deger
DC0815,12.8023,9.5647,15.5886,5.7561,0.1284,321.5874,0.5949,0.1744,Kararsiz_Sepet
DC0816,10.8664,15.4165,22.9175,3.3223,0.6612,629.886,0.3511,0.0485,Sadik_Yuksek_Deger
DC0817,7.8101,3.5498,7.8581,0.7254,0.0879,207.4106,0.5679,0.1098,Dusuk_Etkilesim
DC0818,10.8875,9.4457,14.6967,6.0599,0.2224,250.9508,0.4564,0.2066,Kararsiz_Sepet
DC0819,21.232,7.5913,10.632,3.7991,0.2,248.5077,0.7376,0.0763,Kampanya_Odakli
DC0820,3.9664,2.3057,5.9347,1.4222,0.084,264.5431,0.2968,0.0499,Dusuk_Etkilesim
DC0821,11.3685,11.4051,17.8186,3.883,0.6537,738.7204,0.0,0.0384,Sadik_Yuksek_Deger
DC0822,13.8553,8.5517,18.871,5.2772,0.1159,267.2636,0.5123,0.1519,Kararsiz_Sepet
DC0823,1.0112,4.4789,8.5159,0.9376,0.0598,169.3498,0.3115,,Dusuk_Etkilesim
DC0824,1.0578,4.2043,0.1,1.3187,0.0,184.0093,0.2381,0.1209,Dusuk_Etkilesim
DC0825,3.8054,6.4304,7.4614,1.1087,0.0342,96.5691,0.3691,0.0892,Dusuk_Etkilesim
DC0826,13.9809,11.3361,20.3194,4.6455,0.6762,597.7007,0.3211,0.0129,Sadik_Yuksek_Deger
DC0827,13.3629,9.5814,13.187,5.9402,0.1544,173.854,0.458,0.1945,Kararsiz_Sepet
DC0828,18.2303,7.8222,10.3005,4.1827,0.2405,251.3499,0.9264,0.0858,Kampanya_Odakli
DC0829,11.6944,8.8218,14.6228,4.9674,0.1442,440.2285,0.5037,0.1529,Kararsiz_Sepet
DC0830,15.2992,6.0637,8.3585,3.8957,0.3107,339.2289,0.7445,0.0241,Kampanya_Odakli
DC0831,1.7197,1.9326,4.9852,0.8466,0.1129,165.9247,0.2778,0.0855,Dusuk_Etkilesim
DC0832,17.8505,4.9037,9.6889,3.254,0.2469,272.144,,0.082,Kampanya_Odakli
DC0833,15.5445,7.9518,15.2008,6.7637,0.2085,328.029,0.4511,0.1391,Kararsiz_Sepet
DC0834,16.6111,4.2363,8.8263,3.9113,0.2075,207.9468,0.6379,0.1813,Kampanya_Odakli
DC0835,13.0521,11.6301,18.6239,5.7705,0.7396,735.6499,0.2561,0.0299,Sadik_Yuksek_Deger
DC0836,19.7325,7.5254,6.2178,2.8771,0.1882,357.0132,0.685,0.1761,Kampanya_Odakli
DC0837,2.1328,3.2124,1.91,0.5288,0.1304,50.451,,0.0883,Dusuk_Etkilesim
DC0838,17.5695,8.9952,9.5296,1.7596,0.3536,311.1794,0.813,0.107,Kampanya_Odakli
DC0839,13.0505,9.7597,14.9685,6.7792,0.1323,240.3704,0.6777,0.1788,Kararsiz_Sepet
DC0840,20.657,5.5809,14.4291,3.6731,0.179,220.8321,0.8981,0.1568,Kampanya_Odakli
DC0841,14.519,6.5243,9.732,2.8253,0.3607,301.1737,0.8926,0.0874,Kampanya_Odakli
DC0842,3.7524,4.5388,0.1,0.1,0.1326,200.2572,0.2912,0.1451,Dusuk_Etkilesim
DC0843,14.0321,14.0707,18.7126,3.6825,0.7076,546.1929,0.291,0.0325,Sadik_Yuksek_Deger
DC0844,22.0123,6.9164,6.0028,8.6937,0.9226,582.7856,0.3272,0.0214,Siradisi
DC0845,15.0326,12.1245,16.5981,5.9264,0.1341,268.2628,0.686,0.1934,Kararsiz_Sepet
DC0846,10.1331,12.4446,19.9331,6.1504,0.5099,648.2292,0.1806,0.002,Sadik_Yuksek_Deger
DC0847,12.0197,7.3033,12.1868,6.3214,0.0926,363.9666,0.3498,0.2104,Kararsiz_Sepet
DC0848,25.3301,6.2281,6.6738,2.1385,0.1963,657.1117,0.1416,0.2967,Siradisi
DC0849,14.1745,9.8329,13.4059,6.1293,0.2919,338.6802,0.4107,0.1939,Kararsiz_Sepet
DC0850,9.0691,10.1746,21.8027,4.4205,0.6298,637.9615,0.2223,0.0881,Sadik_Yuksek_Deger
DC0851,17.2406,3.976,8.3452,2.4727,0.1877,410.0722,0.8256,0.1286,Kampanya_Odakli
DC0852,11.5917,11.0041,16.9989,6.2321,0.2677,227.5829,0.4792,0.2128,Kararsiz_Sepet
DC0853,12.0429,5.9867,15.5289,5.5998,0.0707,421.4207,0.3492,0.2279,Kararsiz_Sepet
DC0854,9.0283,11.489,19.4401,2.9164,0.6676,679.1572,0.2584,0.0523,Sadik_Yuksek_Deger
DC0855,,0.7035,,0.9682,0.0371,278.4019,0.2185,0.0123,Dusuk_Etkilesim
DC0856,,12.5173,17.5483,4.0131,0.6462,755.784,0.1478,0.0173,Sadik_Yuksek_Deger
DC0857,12.8694,13.0504,21.0145,5.0562,0.6687,666.2836,0.2089,0.0283,Sadik_Yuksek_Deger
DC0858,12.3618,7.9518,14.5146,6.2409,0.219,143.114,0.3968,0.2056,Kararsiz_Sepet
DC0859,13.5919,12.7253,19.5607,4.1037,0.7855,642.7798,0.1075,0.06,Sadik_Yuksek_Deger
DC0860,15.2154,10.2049,15.1713,5.7035,0.2216,338.5182,0.3982,0.1399,Kararsiz_Sepet
DC0861,1.7652,2.8579,3.355,2.3498,0.1464,107.8432,0.2848,0.0658,Dusuk_Etkilesim
DC0862,12.2504,10.0111,11.7503,5.863,0.0604,260.8425,0.5639,0.1983,Kararsiz_Sepet
DC0863,13.4314,8.9413,15.9483,6.1835,0.1635,291.9238,0.6494,0.1632,Kararsiz_Sepet
DC0864,4.8743,14.2814,22.7066,,0.6789,623.0524,0.138,0.0404,Sadik_Yuksek_Deger
DC0865,10.21,11.7097,18.7817,3.6783,0.635,832.3815,0.1593,0.0647,Sadik_Yuksek_Deger
DC0866,17.9438,5.5756,11.2801,3.5813,0.2409,200.751,0.833,0.1176,Kampanya_Odakli
DC0867,3.6867,3.4429,2.5595,1.1569,0.0527,88.0796,0.1222,0.086,Dusuk_Etkilesim
DC0868,20.4355,7.7872,13.3477,3.487,0.2943,236.9655,0.7599,0.1797,Kampanya_Odakli
DC0869,14.1343,6.2944,12.0058,7.5788,0.0972,385.8131,0.4113,0.2028,Kararsiz_Sepet
DC0870,6.3872,0.4611,0.1,1.4367,0.0836,198.7835,0.1174,0.0792,Dusuk_Etkilesim
DC0871,19.2217,5.8921,11.7389,3.9837,0.3175,393.3741,0.7334,0.1205,Kampanya_Odakli
DC0872,0.1,4.3642,5.2218,1.0475,0.1389,92.6379,0.4509,0.0464,Dusuk_Etkilesim
DC0873,17.0672,4.9477,10.5048,2.7821,0.2118,315.4495,0.7038,0.0883,Kampanya_Odakli
DC0874,12.2174,12.7347,22.7262,4.7273,0.682,849.1183,0.3422,0.0397,Sadik_Yuksek_Deger
DC0875,24.177,7.2223,11.0662,3.7632,0.1795,226.7074,0.7694,0.1427,Kampanya_Odakli
DC0876,10.1316,7.9422,12.6762,6.6042,0.1811,422.4388,0.5196,0.2073,Kararsiz_Sepet
DC0877,20.039,8.1241,12.3013,2.8241,0.23,316.2324,0.8591,0.1062,Kampanya_Odakli
DC0878,8.6401,12.2139,23.8797,6.475,0.5803,693.4164,0.0766,0.0746,Sadik_Yuksek_Deger
DC0879,16.5945,5.4163,9.0309,4.258,0.2797,261.2097,0.7739,0.1048,Kampanya_Odakli
DC0880,12.8545,14.9791,21.0567,4.0821,0.7003,902.0604,0.1902,0.0912,Sadik_Yuksek_Deger
DC0881,2.0904,4.8635,5.5368,0.8815,0.0343,115.5595,0.1962,0.099,Dusuk_Etkilesim
DC0882,14.0243,15.0255,20.2962,4.551,0.7611,773.4802,0.0818,0.0038,Sadik_Yuksek_Deger
DC0883,15.7948,14.022,20.4602,5.9401,0.6099,698.3539,0.3244,0.0,Sadik_Yuksek_Deger
DC0884,5.0224,4.0478,0.1,0.7019,0.1397,259.4418,0.3526,0.0814,Dusuk_Etkilesim
DC0885,16.4315,6.3249,8.6578,5.0397,0.2346,375.8924,0.8004,0.1291,Kampanya_Odakli
DC0886,0.1,2.1509,1.9867,0.6391,0.1468,161.6205,0.1469,0.078,Dusuk_Etkilesim
DC0887,12.6623,6.7853,15.021,5.1195,0.0559,350.2655,0.5288,0.2184,Kararsiz_Sepet
DC0888,19.1773,6.3769,7.8673,2.4345,0.3268,248.2684,0.984,0.102,Kampanya_Odakli
DC0889,5.282,3.3416,1.7721,0.9013,0.045,140.368,0.3106,0.0332,Dusuk_Etkilesim
DC0890,13.5642,9.3458,13.3813,6.5611,0.3307,311.8904,0.4871,0.1844,Kararsiz_Sepet
DC0891,5.8487,3.5485,3.3778,0.7151,0.0934,226.2611,0.15,0.0435,Dusuk_Etkilesim
DC0892,13.7138,7.4764,17.633,6.0818,0.0563,336.1493,0.5081,0.234,Kararsiz_Sepet
DC0893,2.0698,2.4847,8.6826,0.1429,0.1303,112.2805,0.3432,0.0935,Dusuk_Etkilesim
DC0894,14.3796,14.3791,21.3922,5.1028,0.6747,625.4157,,0.0435,Sadik_Yuksek_Deger
DC0895,,3.7632,0.8141,0.7456,0.0957,112.5229,0.269,0.0291,Dusuk_Etkilesim
DC0896,2.5855,4.8566,3.204,0.4082,0.1345,182.3314,0.2779,0.0805,Dusuk_Etkilesim
DC0897,16.9569,5.1785,12.8625,3.7067,0.2763,353.5409,1.0,0.0602,Kampanya_Odakli
DC0898,7.5878,12.1769,21.7495,4.4973,0.6665,732.1805,0.1674,0.0039,Sadik_Yuksek_Deger
DC0899,17.0021,7.7451,12.1445,4.248,0.2925,341.1031,0.8933,0.1293,Kampanya_Odakli
DC0900,3.196,3.8417,4.601,0.1,0.0511,287.8333,0.1338,0.0059,Dusuk_Etkilesim
