sensor_x,sensor_y,class_label
-0.18458478793017377,1.0401779051278406,0
1.1591329533036658,-0.5965846785809314,1
0.1764784914421711,0.09393382509502873,1
0.5451750892831937,0.8016313344011405,0
-0.6569502140467582,0.14813446441977712,0
-0.5186086605942938,0.9732265676067343,0
-0.41789463512672154,1.3760750329112135,0
-0.7713811458824196,0.5664084566513229,0
-0.4733311560994865,0.5892038152895582,0
-0.1724961029205433,0.8121280701747612,1
1.7730393918245761,0.09278993160438256,1
-1.211286491294871,-0.06487433520609223,0
-0.12880135200981935,0.9061455276044774,0
-0.17563900393419396,0.5734161864806915,0
1.4816406297525497,-0.04236960853322255,1
1.2461417688797742,0.26831035693713645,1
0.7278573580059988,-0.3658279052987414,1
1.1535192384893693,-0.34581066933806437,1
1.8602545381835065,0.11302560241068554,1
0.7870663070206638,-0.40887559802451434,1
0.2263539727975535,0.9642667783365899,1
-0.9272790122394166,-0.023668148667774738,0
0.7405074530559381,0.07204185151548492,1
-0.9333256277507465,0.6508807957149934,0
-0.319056175286453,0.6137440304309398,0
-1.039462712798508,0.5446342115313423,0
0.7179364988208683,-0.25541894725661224,1
0.4729120273427917,0.7927709870230816,0
-0.5129908540615781,0.41866585585110955,0
-0.2918694580889466,0.34932015224810653,0
0.9972752743261143,0.6335294713913969,0
1.5116238444197432,-0.7165721965004965,1
0.49093034370826505,0.6942702646558567,0
0.8252590448855347,0.7676208531922477,0
0.06782281962921206,1.002356100548842,0
-0.10845145441893345,-0.036803786220625356,1
1.1697164279886298,-0.16992856569575393,1
0.5713758821517118,-0.451756522824122,1
1.3869286844175295,0.1453200537884961,1
0.5855370923116195,0.8501796672935893,0
-0.11466069558697235,0.7788660559582432,0
0.6284044635743805,0.5298158758572489,0
-0.1257484696805432,0.7014269190077794,0
1.132155356154736,-0.3750095567383036,1
1.952384425908415,0.0827023238071797,1
1.8160128727762903,-0.2812963208779718,1
2.166354849880274,0.005220025451060817,1
0.4809590050610443,0.550167119091667,1
0.8830288960361198,0.4201800872011482,0
0.3636823670944607,1.1474703689624826,0
-1.3154728617293774,-0.4209529166587923,0
0.7686775560722016,0.5924246919013637,0
1.218161315964126,-0.8375697158269726,1
0.574614609714446,0.14570161694498324,0
0.7490169988863404,-0.032694710385126835,0
2.2060952952337773,-0.390261568735036,1
1.6992985709476445,-0.6684743879958219,1
0.11292218727184751,1.4446661040004458,0
-0.27012929635595023,1.2789999672502126,0
1.5500862300805514,-0.08212874601645753,1
1.0223360785836346,0.5021768699218835,0
0.011558989437148387,-0.11245803286185113,1
0.7859540759946511,-0.4898971024451665,1
0.7135648761167129,0.023902030071466518,0
2.1715230831738874,0.24649863965762422,1
1.703452571909092,-0.49589617659465074,1
-0.1697704330356383,1.171098252337885,0
0.40846071809165785,1.1816228222134912,0
0.23180808218673818,1.070982210200448,0
2.1435666056592506,0.03934821643465902,1
-0.49803536701738976,0.15273461148908113,0
0.9422003312731858,0.05539957360598034,0
-0.24884507766139735,0.893308213821166,0
0.9838703426735714,0.21131123386359113,0
0.35088831177626195,-0.9719301762402861,1
2.538544027825047,0.9996788617817303,1
1.0479622972663236,-0.7660320510475186,1
2.308130603239292,-0.4119321981703463,1
0.4135827067571108,0.9251278543479616,0
-0.8201548585509676,0.5092594274392446,0
-0.07777047928455538,0.9259267767488389,0
-0.4052110966551796,0.759515294028798,0
2.1505833977258324,0.5264583505805289,1
-0.5574979152321837,0.8180982219427206,0
0.26218688851559924,1.0481612939712965,0
2.163319671328608,-0.009926092610681725,1
0.7836643157245946,0.6784141305809389,0
-0.4774975982178103,0.5666222478783669,0
1.4422993631169465,0.15921971975835508,0
0.8807802654859151,0.7994925710186221,0
1.007364944712076,0.13579946373447943,1
-0.43831856080075093,0.41683601432671136,1
1.1080270543685484,-0.24589018280526492,0
1.173705768108893,0.2759278437994874,1
1.135932426876788,0.3514076202785794,0
0.6854529006623371,-0.3586708559668804,1
1.9191415502901745,0.3988867804055066,1
-0.4919900892231376,1.2108507712621779,0
-0.04366954908167575,1.1467717430757647,0
-0.009661734012141182,0.8815089901199488,0
0.5148764431080636,0.11500079408237962,1
-0.015317014602753573,1.0658793407725538,0
1.2606777852882836,0.183768202548872,1
-0.3632929236753536,-0.020168986255473836,0
1.6907505062809665,0.6014963670370034,0
-0.5569418005300901,-0.11057761218438737,1
1.26350816303558,0.9667348960398903,0
0.6808379931421595,1.296679568339645,0
-0.47488108899849835,0.8039472032222651,0
0.48555256565432475,0.18053216710579467,0
-0.483669603360016,0.7818096000777726,0
0.4371004667652184,-0.3565492913274393,1
0.7621500470359933,0.10922869043017715,0
0.4516847249868871,1.140494263779579,0
0.9963596556034302,-0.6199207557411817,1
-0.7873235255737345,0.32993417539109754,0
-0.2525072711428698,-0.1909150666529562,1
1.639990703745983,-0.7358624664617315,1
-0.5840824191400678,0.08903725492802825,0
0.4288183919840335,0.794736871306392,0
0.4216955742537112,-0.3771163536667081,1
0.2843461514976899,0.40620889506189645,1
-0.3146860852893856,1.17287792713463,0
2.2265777421645234,0.46260542338879485,1
-0.11484122570975645,0.42346015817545096,1
0.6634721998549992,0.7836087548014874,0
1.4959812831978234,0.00023890536273010743,1
0.4327501533645406,-0.18311783849546756,1
1.6520848099267023,-0.22917104092125876,1
1.0529210629348893,0.3645850706335264,0
1.1781930688241888,0.38620631627312263,0
2.0270684378480106,0.733054002841865,1
0.7194671560109418,0.23716467562995402,0
-0.021355140985075377,-0.5531740631644535,1
1.279008308904037,-0.585342405631377,1
0.8557864948645454,-0.3591423738956423,0
-0.7687449443063585,1.3199647816405184,0
0.3360892629770596,0.1487285126948979,1
-0.5376363396921225,0.30443264530943753,0
1.2045925712199987,1.3625562580406672,0
0.5875050226951268,-0.2905027924900986,0
0.8001939591426115,0.5074694632734326,0
-0.5515057333635088,0.857478280584931,0
1.740019636821791,0.48206083884940765,1
1.2006702384223122,-0.2261129169933792,1
-0.5818338824646017,-0.17649670440170329,0
1.2471521743606258,-0.5588806186054938,1
0.33772409334608666,0.974509048834723,0
-0.2986869789614477,0.3475463934310318,0
1.0255699142659194,0.425461612765921,0
-0.39577331396431437,0.946124292369371,0
-0.6923703373529415,0.7347811465893332,0
-0.20889801076370357,-0.40263067906788486,1
-0.6589275191306035,0.49932764965824705,0
1.0389790497879277,0.6479540935504515,0
0.02952056702876754,1.1992734270016154,0
0.0907511166833536,0.46129464818875654,1
1.2374972892325236,0.12108632409487552,0
-0.15638083050950985,0.9715788506324297,0
-1.0544111470024051,0.6517150755895662,0
-0.11143800914896165,0.5025131722988738,1
-1.0829203755447998,0.3066100811296678,0
0.33623581041074235,-0.4690282497790434,1
-0.8937051688254618,0.5492798238857275,0
1.5007193144596407,-0.7178639419318465,1
-0.5386295120760646,0.08664905759047666,0
0.07052000217599735,0.23850163252522666,1
1.6457646661951573,-0.7018229169256335,1
-1.2606574458641429,0.14551652250605213,0
0.08610141451911918,0.5603455250614784,1
2.00229745634281,-0.020542161656842334,1
1.8347700452545739,-0.34781968168693983,1
-0.6920540178433249,0.8725243398944008,0
-1.011785505358853,-0.5793629938975295,0
1.7744488481222032,0.20735540747419626,1
-0.01120346579563293,0.8201701091432484,0
-0.5973870414774582,0.28972678763605275,0
1.907156418156974,-0.5589467409237743,1
1.6869280647992002,-0.5565238097858528,1
0.3946400319105901,-0.046705377354871846,1
-0.910269080151582,0.9965210148512504,0
0.2335557638621052,-0.03066758771051175,1
0.5321197244319844,1.1313470981605043,0
0.5803098879224206,0.9720565285566579,0
1.948691145734828,-0.0605970522285623,1
1.66612219818521,-0.3825823195744973,1
0.4917577744307196,-0.6711713880971865,1
0.756630455951801,0.27240972975776295,0
1.0745760868930774,-0.012796127146692093,0
0.7970184536583892,0.43497396881840916,0
0.4682700752477995,-0.5939133105455477,1
-0.2461537272244123,-0.24753083957296151,1
1.1848531369121926,-0.06741246882841478,1
1.1581310366102286,-0.44816561694769574,1
-0.0762628435690383,0.20534225395508185,1
2.0368653399267385,0.2585148143637382,1
0.07106660801666875,0.9642500739234328,0
1.315227738651034,0.43542710894766956,0
1.1521962084461628,0.7468356334318775,0
1.2951864905236343,0.6468621959724531,0
0.8308854094717211,0.5075718591990046,0
0.09540045759772348,0.853432075502341,0
-0.8413205921657417,0.8739088984165256,0
1.798848917141261,-0.37042724427549023,1
0.7765953179521488,0.5181832888568972,0
1.3614529837778284,0.0018088868879839598,0
2.2145510491712668,-0.7619523713882718,1
1.7455646907004896,-0.07400989663745444,1
0.21210803030080463,0.45628586794946957,0
1.3605114291799207,-0.5098779007759645,1
-0.6809365166077892,0.7875377838975601,1
2.2903368985264474,-0.44926024656111696,1
-0.8194108800382266,0.873619757352959,0
0.5241860838720094,0.13649567952266156,1
-0.7372606234776689,1.1967233371484356,0
0.36283400956973993,-0.04695829624042086,1
0.40630012403678806,-0.25410832385277765,1
0.9066787569199461,0.6331274289737375,0
0.3933488917508912,-0.44983828870967646,1
-0.4328122530972834,0.6173214252250412,1
0.8857065505004955,-0.5488604406664563,1
1.5246427597531478,-0.9574628550044393,1
0.2550579047453406,0.5717640348351757,0
1.1013760045570826,0.40645342995104305,0
0.5612429886829362,0.3065060522091997,0
-0.027485611523657513,-0.013897517865549491,1
-1.0463375417553888,0.7073790916991665,0
-0.7122401241474625,0.631527305802867,0
1.9848161343659012,0.35649740573808014,1
-0.9769948464377968,0.32453908077098637,0
2.003186573943833,-0.3076860075715143,1
0.49808721387305427,0.8075641381033091,0
0.5480464160726474,-0.4686383282763233,1
1.5455861797278168,-0.09123833064314169,1
0.9822695691202118,-0.11224950943790768,0
1.7114754855511622,0.3215051375774811,1
-0.6468946038156492,0.2753185389915759,0
1.0425263366653723,0.08011328590374804,0
0.9569352188196663,0.45200610378951916,0
1.5467672765260827,-0.300065428305062,1
-0.44238819228257853,1.2176007323117304,0
-0.28749946549801214,-0.16050903366576205,1
1.828820008302234,0.36595287094368106,1
-0.8540795436979849,0.0804230553666731,0
0.48285836213735744,0.9493299533884061,0
-1.0556428235199682,0.1532652627498757,0
-0.4584842499241114,0.8049905417164199,0
1.5142796692585785,-0.0862934009112305,1
1.804336441881678,0.0871079729563721,1
-0.10668322283638465,1.5118311966848517,0
-0.08178895186637189,1.1535829771358204,0
2.2857612274415953,0.3647444951831203,1
-1.1526749426444602,0.06872612389236002,0
-0.029706620838599374,-0.18350861176555722,1
0.7553838525542416,0.5727736695957016,0
1.4917004390119655,-0.44128509532783233,1
-0.8911621421191586,0.6252491315448522,0
-0.8738007902378795,0.8586209589233795,0
0.44838848949158644,0.3694917068540563,1
-0.29657777549341746,0.8302908602819018,0
1.9238669193574498,0.20476406837347746,1
0.6290465795937372,-0.45295667205580137,1
0.13260729512507127,1.0325548327557872,0
1.1009519584976344,0.5611814781853095,0
-1.30837731592626,0.044731327094966716,0
1.0264491070676702,0.7573280941577094,0
1.8736674224351155,-0.34821485441687994,1
0.08178966590124612,1.2563879229710078,0
-0.713520537141008,0.8394110691141482,0
1.247825361499382,0.5120984468335071,0
1.103123729000697,0.047266176182724884,1
0.8016771833363362,0.7456291801640704,0
0.40047720301307027,0.5716266354030957,0
1.438687602807091,-0.09517493672900024,1
-0.6874882935717341,1.0778497837141594,0
1.1252054414954167,0.15601056053790768,0
1.8672519290698115,0.3412812733901487,1
0.5598491005395911,-0.6512894589002418,1
0.8994705844659687,-0.6608913322868923,1
1.4787062831562816,-0.05154129183343395,1
-0.6938732012937127,0.78275289968369,0
0.18852676585321104,1.5568168707399983,0
-0.7914430783133812,0.9279059535703554,0
1.9571225011042899,0.17060521373191068,1
-1.0637138507925732,0.27307358734531606,0
-0.9561201244026435,0.8780471211592957,0
0.6765920496783215,-0.8222115062983643,1
-0.11393834934665742,1.1262113845187849,0
-0.3602265383295858,0.3013477707698966,1
0.3450871261038594,-0.4007442467902244,1
2.0640727291829997,-0.5310139205366624,1
0.870078183953246,-0.4887403885646684,1
-0.777878720317438,0.3481946177801262,0
0.2366460558232697,0.07711450760189359,1
1.2435794788010597,0.602708965884255,0
-0.4485578433521959,0.9402881585398645,0
-0.27079544084007856,0.9958746729778516,0
1.6024227379289275,0.4757821807619678,1
1.829879850364331,-0.5383529961830945,1
0.8471587895004011,0.8457403378239091,0
0.09255714418414968,-0.6448441613968923,1
1.216711043306817,-0.35032222579472394,1
1.0949377606698223,-0.5717104705755959,1
0.678330292779789,1.021112444192291,0
0.3984803857315669,0.9113947338489633,1
1.8866508593253615,-0.164366101057351,1
-0.9501590420238458,0.2845022372785098,0
0.09938151021994183,1.3523360696905204,0
-0.3478182399702713,0.3386702439524888,0
-0.4179110746173952,0.3165045966247664,0
0.2003106216796613,1.378382916659005,0
0.8942152186706411,0.7741632255936219,0
1.7127243015371283,-0.17924409999852758,1
2.3090874214241146,-0.3572335547088191,1
-0.18980238314120723,0.4483377392318677,0
0.3907556748056734,-0.044529374190005994,1
0.682228954300021,-0.5082653576515207,1
1.6426903837609614,0.7426534485011709,1
-1.1312061469801564,0.8803865303973815,0
1.8367531111781883,-0.1722709681506272,1
0.1770752418729023,0.5762806222477493,0
0.4272206102646656,0.8415023207019107,0
0.37942035332935836,0.04833857588048161,1
-0.5923203352564917,0.4626074436056318,0
0.9931307305643022,0.5968624418039579,0
0.279621580385388,1.795224253355837,0
1.8344925023730496,0.19374727626044885,1
-0.521493985544214,-0.08981613698214486,0
2.263670822041661,0.19984982430304332,1
0.7543545657995759,-0.2602102783750223,0
-1.1041546286672108,-0.23110135665415016,0
0.8426089847042246,0.3912379555454155,0
0.8219097106537652,-0.1239302335721223,1
0.497674969020479,1.3431986732682095,0
0.6723246351492973,-1.0485001084508343,1
-0.04299104593787931,-0.06027320720802318,1
-0.8342155837082847,0.7676307337629594,0
-0.46173940688029974,-0.0012301904684945963,0
0.7616688284991655,0.05275575735316618,1
-0.6968308567998192,0.44627217283031073,0
-0.05247732975988284,0.543942931049017,0
0.8863715479094154,1.3213572054242702,0
0.7504574713563521,-0.6407033068176764,1
-0.880459054477614,-0.008916109205821116,0
-1.3663022203803252,0.351981293239283,0
1.0525359575361197,0.6913407760387298,0
-0.032450095572172,0.03836979550702185,1
0.1721981429574254,1.0309998277308974,0
-0.19933261907789698,0.10274974695227057,1
1.250455251602295,0.057380892255229965,0
0.466453780939447,-0.8242905336410792,1
-0.22372333478912795,1.1719523394394948,0
-0.517637230436275,0.5384177536327057,0
1.4159948881647741,0.7755360576523638,0
0.0332374143374104,-0.09688519476614146,1
-0.9303316034898472,0.1116864296165247,0
-0.8313084226630771,0.6038208832095765,0
0.6396806755979069,0.14119849653854488,1
1.8362642510519318,-0.42097814823504787,1
-0.5560794680462904,1.1262078360269023,0
-0.2687005782816059,-0.13904936660843364,1
1.4520197563547896,-0.14812507920028767,1
2.001078813207315,0.3534962945874508,1
0.5563695710291441,0.6333731701606964,0
-0.2441025293974898,1.1294255886145608,0
-0.6906940377780127,0.08963933918619965,0
1.857288853100446,0.062199547793367886,1
0.9373342682736479,-0.448648365878041,1
1.7670625164081022,0.09232292116516372,1
0.5524681195462552,-0.2509150913042609,1
0.37898164712602245,0.11470197046046648,1
0.4992333922257904,0.2997285334833739,0
2.085616223675233,0.08310598939920044,1
1.135739423114084,0.28654234932182254,0
0.02117300222512182,-0.05583546153668237,1
1.0951498248751341,-0.7119541904725142,1
0.2748988816001792,0.9620108302719266,0
0.8913113335931937,0.34680617377541006,0
0.8218157341427171,0.674769663118775,0
2.2431339610632093,-0.06596013319489341,1
2.1617506199565066,-0.4012319996985605,1
1.3159621268548811,0.5746582541080398,0
0.6077014114021092,-0.860191217930868,1
0.4389027082524906,0.5768748822134043,1
-1.0380208910342104,0.28333656021137915,0
1.5590329240100427,0.10914760645024969,1
-0.4859680212199281,0.7481622267682674,0
1.6560005091766687,-0.4724128925943463,1
-1.2788706564393684,0.590927015530108,0
1.3297439258527621,0.16815011785762532,1
-0.0005070214654093741,0.9862290806565388,0
1.0211789990349438,0.7235240049586623,0
1.136903757477255,-0.13701723500153679,1
-0.6801054192349398,0.8017185489448745,0
0.5717378562352124,0.30488935255390226,0
-0.36939943139254666,0.34859337476446023,1
-0.36573999816411296,0.5823435464259745,0
1.4983237276420671,0.402027697368165,0
0.17248380090357204,1.195425424627939,0
-0.7572030339188215,0.8900068121686007,0
1.7748499399923332,0.6714562416443983,1
-0.26258644694781963,0.3026905678394322,1
0.10507765014388293,0.4275399634270382,1
-0.16143433061019244,0.7582023326167293,0
1.4962422115395202,-0.11790423248932513,1
0.5795180121121204,-0.20933316936818216,1
1.0344138419041817,-1.1103029427494637,1
-0.10780867906939019,1.5922563668197474,0
1.9434209974098415,-0.19665780870174934,1
1.3563685596054733,-0.1374262984063829,1
0.41910512656762333,-0.1935083471683342,1
0.42942358510803186,0.15293209362870008,1
0.13305599931271814,-0.5578582984954072,1
2.1637826406290452,0.4091724055999769,1
1.7647377248756642,-0.21958474548830587,1
1.7585349188837123,0.20612135799396786,1
0.5151992798738125,0.4996235899531134,0
1.2301329546934174,-0.5928753527780197,1
0.7248517470489227,0.48739897034012325,0
0.20977316877796298,-0.519566356905183,1
-0.07681023993907396,0.8200666428292636,0
-1.2940064784219245,0.5555673842230671,0
-0.3134784846798665,1.0303304607586818,0
0.48437545031016166,-0.6038269580070812,1
0.4606174911740183,0.6145761377788005,1
-0.46061645595263156,-0.32572356767013877,1
2.094733218200903,-0.22230445586473363,1
0.3097215864717566,-0.18716797589234557,1
0.24681979483525407,1.0474833500993719,0
1.8329752358609175,-0.6426888211125994,1
1.2155915489954416,0.1721808894856337,1
-0.8351948163710048,0.5644498860313685,0
0.1530317832877931,0.24057321101984797,1
1.4302206908859825,-0.19421508654472108,1
0.6530614799845411,0.6374182619205777,0
0.36782800634839724,-0.5167761343538257,1
1.431761494586918,0.01178292188014915,1
0.6650418191910465,-0.5505557254881938,1
0.7474733531446055,0.4752058037578969,0
-0.016443985220441104,0.6901512385327209,0
-0.09397000239112971,0.05271115103935695,1
2.004617079949787,0.37890184864003784,1
0.29655312386758215,1.0189270645229898,0
0.4682131240140539,-0.03271820742206938,0
-0.42063890729862474,0.8428984918093068,0
-0.09172546243435892,0.2539191448066757,1
1.7607339944668015,0.22147380983649442,1
-0.0688097082538841,0.7722039354894359,0
2.075575751467666,0.6716634873431953,1
0.34301378252672254,-0.43979721346341005,1
0.32889933142198013,-0.6905413429754711,1
0.7063820710352207,-0.8141002863892493,1
1.0136159737232726,-0.3629766449009967,0
1.7437361430515745,0.26838143879759574,1
1.0691830572099374,0.1751818693739507,0
0.8489438704042489,0.21662624417892418,1
0.3212021929685834,0.2828670588937733,0
-0.40993589506757666,0.14117848791703325,0
-0.5169281765112681,0.69491405018325,0
2.3076832366238387,0.010498498591371405,1
0.9249281887662453,-0.6212740962531262,1
-0.13439198826993076,0.6035660288976383,1
1.0545636675229042,0.5389432084202889,0
0.3459960331567167,1.550919659892934,0
0.940750596651593,-0.8835452381466292,1
1.7996174474917839,0.40768034867674185,1
0.5130089467931226,-0.3676288611707018,1
-0.4519812786644775,-0.20936188077693285,0
1.5042222731419248,-0.36444142133080537,1
-1.00369200259013,0.5326387374881176,0
0.33894144678663907,-0.006411098239044177,1
0.1178247452232254,1.146586862972987,0
0.2796097029246241,-0.24183315072589126,1
0.9081246873611488,-0.8868650718162344,1
-0.04881977373044488,-0.14924369770489948,1
1.9321775259776166,-0.200978632790826,1
-0.5592369046151234,1.0506076077214677,0
1.5212458476720876,-0.7006338733936408,1
-0.18818418043175902,0.6497776804711828,1
1.905725170542472,-0.4017502757427599,1
1.3527806400925697,0.6994683427792063,0
0.21675885211777823,0.7092833390787374,0
0.048184149426735545,-0.24782212326759684,1
0.427999401634107,0.05506564416076547,1
-0.6925670262581984,0.5509912744510341,0
0.252956580185943,0.6916746496652783,0
0.10273731821484902,-0.09593331576289477,1
0.3819818735911912,-0.48515869399680195,1
0.36665921824607456,0.9397813094064005,0
0.22538110810050593,-0.38857528381703377,1
2.26620668706202,-0.046818160528279334,1
1.4587931010209392,-0.2855242321381537,1
0.31030625088097064,-0.404215205933239,1
0.5762791153740655,-0.37000385756215726,1
1.446750660373258,-0.0004808673488850279,1
-0.12971925298696252,0.7637112669032504,0
1.1984250052118937,0.11941462731633112,1
-1.18542673905278,-0.11471688363162884,0
0.6719764676231297,-0.6849748313121622,1
-0.8571960997349605,0.5399643442299835,0
-0.1862503556835468,1.2717082928126118,0
0.5258512702377733,0.6971699610147502,0
1.524870672677239,-0.4183743107890796,1
0.6256145786515179,0.8017859325154549,0
0.43858298148921276,1.0974077725119535,0
-1.205096348724207,0.809855246259888,0
-0.33012638754185997,0.03975371396006752,1
0.48750739372038215,-0.1142169612143275,1
-0.20928747742552667,1.0495480221473257,0
0.856529657609864,1.0978589119115183,0
-0.015399661766500206,0.3375166268247544,1
-0.9720783428955222,0.07664602514652757,0
-1.0156185810908651,-0.024168393144592737,0
-1.1663103675228819,0.0027849687430748227,0
0.43849342348415227,0.11583033508278481,1
0.4211896485901882,0.6966717090806551,0
-0.06839939660241695,0.76811963154152,0
-0.19804117307844032,1.035864637067003,0
0.06510956905846746,-0.4495892319806714,1
-0.3403024169376026,0.7856556212862597,0
-0.044526645158262185,-0.15232810523587714,1
1.4788557401812763,-0.17762636684607372,1
0.6227612370434787,0.909818166439354,0
0.7457485902368474,0.16258603232054375,1
1.2896205299470649,-0.7190119855262007,1
1.092474962148043,-0.6979515693837172,1
-0.9746726222911948,1.1838875048542659,0
1.7004971972386846,-0.25007287327668143,1
1.1063430254534368,-0.3603997838594408,1
1.7663835182043806,-0.022625255233373574,1
1.3137545380494624,-0.5909284337137867,1
0.13368001318927542,-0.2664149745323237,1
1.6452984769520191,0.4667503092860157,1
0.5116651126522851,-0.4270648460038053,1
-0.7794116332615562,0.5745064774566077,0
0.09347592819321507,0.014953032984271558,1
1.2133271789180058,-0.38621967585233175,1
0.6204649453166833,0.6616386227318647,0
-0.8177401475686876,0.858280853232308,0
1.4133227832551536,-0.7152905362153343,1
0.23828650500253157,0.5245219359522253,1
-0.7344827803749556,0.9303915911743005,0
1.506816191756311,-0.4163255981547932,1
-1.2809501814471531,0.22120604737933947,0
0.500582251234365,0.05247381382139163,1
1.9261930250588641,-0.03275685411522554,1
-0.22839620882435774,0.2604204326930114,1
-0.5913455317815279,0.95112415250969,0
-0.5265991098159511,0.3355211450336094,0
0.14420608479234115,0.5885886069186076,1
-0.22004086580909754,0.6001198003911279,1
0.011529039265477548,1.611132410651961,0
2.013129992262998,0.2539616811625186,1
1.6132368956837573,-0.20542998315614516,1
0.8489258811829803,-0.1787037505969692,1
-1.0284746586784363,0.3479416464239463,0
0.5361282953675269,-0.48305344859350274,1
2.418159822931213,0.07253798357282154,1
1.7464598665936228,0.3122430828002436,1
1.9143137035351812,-0.325497664357596,1
1.4804989376048479,-0.6241083690599252,1
1.5444999489173659,-0.5291553116944705,1
1.2051644832607784,0.7145381834191283,0
-0.6302405461536269,0.7354703128278076,0
0.07314009927058862,1.020203679410522,0
1.6738492117983184,-0.5914819821227328,1
0.8680625288306458,0.32758331976280086,0
1.4334481714854945,-0.8739478152140456,1
0.16337160358383698,0.7784748801369783,0
1.7566561672193628,-0.4278087720145475,1
0.9264260527489595,-0.23634250450271427,1
2.030172468337374,-0.017099543942598966,1
0.4837439285305556,0.40060613436456466,0
1.5484063859616661,-0.20234663267438313,1
-0.7933816739706135,0.685374609431716,0
1.4138969214099337,0.21077452692548493,1
0.5986491873655847,-0.5908506462805977,1
1.3357641163647864,-0.8389782757266664,1
1.9025536634326035,0.24688409471671774,1
0.17377475592585745,1.1584885910614984,0
-0.08689963006725199,-0.22037216004943933,1
-0.28988414765040416,-0.6682492774662981,1
1.7433789909852622,-0.3589225039677936,1
-0.12781955932701286,1.313275994611296,0
1.026326322331102,0.07540864731575264,0
1.6496032810119037,-0.22544109116728994,1
1.3890174510587292,-0.5284114523937454,1
0.5493478373337535,0.7671718531068731,0
1.66215402116116,-0.5932207048184066,1
0.1064253850596382,0.08320972249045441,1
1.112103612659515,-0.5441692869304886,1
0.7180164717067796,0.2797932029481554,0
1.2431239339146474,0.8330796995762915,0
-0.5822474387248964,0.6780389740965718,0
0.31097131136030565,0.9642357457100073,0
1.1830912464828285,5.415668555946995e-05,0
1.7115023643798422,0.4832995974876294,1
-0.5488376120266049,1.1279916872955107,0
0.8174380104085461,-0.2994212223215674,1
0.0033862169893633734,0.8866193357337885,1
-1.079184678119391,0.686841460092728,0
-0.16125059495591565,-0.36443639405378375,1
-0.0966466920103922,0.579169440233714,1
1.6421621604574355,-0.48044126688357425,1
0.8648087285552009,-0.46219287567688316,1
0.18984945860821192,0.5694175537266425,0
1.2366665068000526,0.5862308333410302,0
1.1237196935482014,-0.13237234131611952,1
0.5553188351068714,0.7961622918053493,0
1.6896662986089817,0.27101299096888326,1
0.6559444349461929,-0.3236282748653884,1
1.2794050216154724,0.4743185413550635,0
1.247082071070324,-0.06040139484385468,0
0.08409670806936421,0.7661253843170754,0
0.3599269735009585,0.3424737996304327,0
0.7462821852200782,-0.16972761624905508,1
0.24864862280909128,0.460322891450498,1
-0.3752737183164004,1.1177404358081877,0
0.06235840103242435,1.0335945870779242,0
1.386152715083056,0.9963019010550498,0
-1.0666579027490772,-0.08036330173797396,0
-1.0897602470332837,0.057817209639714096,0
-0.7754486901992069,1.0981870765906292,0
-0.1360751316148341,-0.621144667634572,1
0.3800761571244689,-0.5474413662604901,1
1.8574707382933064,0.3436685641448773,1
-0.8212520030087325,0.4625340321177267,0
-0.45531664719353193,1.223946435060233,0
0.4046306689898756,0.6198784686841995,0
0.5260242466703743,-0.1754356006695404,1
-0.2282337364365894,0.11431163388348838,1
0.15442372605785037,-0.055808238184167525,1
1.2723886853609043,0.8599592275780719,0
1.3311387286858152,-0.5212552850729527,1
0.272079242259678,0.3093762251287296,1
1.2709040674480818,-0.160535884521956,0
2.0073194071349403,-0.0488125049935024,1
1.0370990432968599,-0.45758150846039913,1
0.5026377063902482,0.976393089457855,0
-0.5038340465383251,1.060704214039279,0
0.7906047671662064,0.3761088688929393,0
0.7105384058695745,-0.8284370208960167,1
0.36136924502220125,-0.20251086079688696,1
0.48434461565307824,-0.4210848047645516,1
-0.34818886285241896,0.6489284803855512,1
0.8817637181545921,0.5774893085048041,0
-0.9771108189530917,0.3712407223886852,0
1.2247216762429975,-0.5189580440234262,1
-0.9335710504754606,-0.08795557446653623,0
-0.3320822905100067,0.7805148104397626,0
0.7814710408171159,0.2810876561773219,0
-1.2619040631777951,0.8453191377783487,0
2.055777905097211,-0.13916266509328196,1
0.17087395737420857,0.276320110597875,1
-0.9070253662243246,0.7122719028645672,0
-0.17280600714785355,1.1331051714873088,0
2.233305963475962,0.3529234565547751,1
1.7276574574411743,-0.28656486704900186,1
1.0371014692928517,-0.5735068889090326,1
1.9359864644104485,0.4375122671292076,1
0.8927068000574803,-0.2814504881540879,1
-0.6806970162256445,0.5083994856072677,0
1.0102523362250801,-0.5874291802540409,1
1.074189624985122,-0.5255408583181519,1
0.22289195783135698,0.889628632604406,0
0.4670492833222161,-0.4067867685431756,1
0.7603269312989038,-0.5096893818369145,1
1.0128092604392205,0.7375829393491247,0
0.8317773866420699,0.15690710407141484,1
1.4678761869194157,0.15393565718177704,1
-0.8520545230084616,1.3310127254149453,0
0.879484367820845,0.11176671112293642,0
-0.9803156848910006,0.2593913355543956,0
0.46713897214303257,-0.4877644741790844,1
0.3542441078031088,0.8422282888452836,0
-0.6147374999525217,1.0233276511841056,0
-0.24440015914556878,1.2034734995388594,0
0.20019504476496047,0.7984064767709899,1
0.020237133147172875,0.17747517621214035,1
0.2639698054454594,-0.5887570105412132,1
-0.9031257381240322,0.4301371255126916,0
-1.2636653888894542,0.5729923336532528,0
1.9249938296456903,-0.24624519139500312,1
0.43897685902825456,1.3823102377836047,0
1.6454359789106883,0.15189788928279746,1
0.36211136107787345,0.6512890522462519,0
0.4062313322241396,0.22994296082163343,1
1.0871190288843757,1.0049582944818218,0
0.3385636336626964,-0.46181987548645353,1
-1.227329278690265,-0.08113827921298317,0
-0.25275603040872696,0.9321071925139364,0
0.32903022089149414,-0.78268721340219,1
0.4918579346002204,0.7594800905155972,0
1.6685520095482422,-0.1103824237798405,1
0.3083508392723734,-0.2349211554384225,0
1.4226602708692488,0.45970498542979193,0
-0.10142899977803743,0.4243559805250261,0
-0.08681591920489584,0.46288413624680375,0
0.5916517287668246,-0.15993925797727718,1
0.47633144107788433,1.0038638646832594,0
