record_id,temperature_c,vibration_mm_s,pressure_bar,rotation_rpm,power_kw,is_anomaly,anomaly_type
TR00001,67.204,2.1111,7.6616,1512.8795,44.4759,0,Normal
TR00002,61.7169,1.9644,7.4229,1389.7953,35.1227,0,Normal
TR00003,72.6588,2.3757,7.4403,1558.2957,48.7788,0,Normal
TR00004,72.7066,2.2566,7.9625,1612.8492,49.4485,0,Normal
TR00005,56.6836,1.3588,6.7284,1258.9736,22.7495,0,Normal
TR00006,60.0151,1.4128,7.0732,1296.7773,34.7354,0,Normal
TR00007,67.3826,2.1907,7.1811,1562.6174,40.6233,0,Normal
TR00008,64.7724,1.9413,7.5242,1425.6323,36.8166,0,Normal
TR00009,72.0196,1.668,7.52,1458.3404,41.4762,0,Normal
TR00010,64.0997,1.7477,7.0952,1388.1273,37.3594,0,Normal
TR00011,74.169,2.2016,7.811,1574.6881,44.1065,0,Normal
TR00012,71.1642,2.617,7.5497,1548.1342,48.6057,0,Normal
TR00013,68.0086,1.8133,7.3304,1486.323,44.1085,0,Normal
TR00014,72.5773,2.1787,7.7204,1596.9686,49.4304,0,Normal
TR00015,65.658,2.44,7.2672,1535.2072,43.13,0,Normal
TR00016,61.0513,2.0864,7.2371,1307.2622,34.26,0,Normal
TR00017,66.6584,2.0765,7.7197,1584.5495,46.6539,0,Normal
TR00018,58.9642,1.6986,6.9522,1374.1622,32.4426,0,Normal
TR00019,70.4163,2.4745,7.7632,1592.5591,50.0518,0,Normal
TR00020,70.1253,1.6661,7.34,1426.5242,41.312,0,Normal
TR00021,66.9587,1.7095,7.3878,1444.1044,40.5876,0,Normal
TR00022,66.7822,1.8452,7.0613,1384.9713,33.8162,0,Normal
TR00023,75.097,2.7457,7.6865,1659.8072,49.6237,0,Normal
TR00024,68.6051,1.9752,7.5142,1443.2709,42.3454,0,Normal
TR00025,64.1511,1.9897,7.2399,1461.5584,36.2758,0,Normal
TR00026,67.112,2.1984,7.6003,1420.2613,40.8081,0,Normal
TR00027,72.0797,2.6389,7.5937,1520.0508,45.6558,0,Normal
TR00028,68.8623,2.1058,7.3797,1509.7774,42.9591,0,Normal
TR00029,71.1534,2.2208,7.7408,1568.2715,46.563,0,Normal
TR00030,71.2594,2.5572,7.6517,1459.0914,39.9554,0,Normal
TR00031,78.1474,2.4685,8.2659,1658.8248,56.6834,0,Normal
TR00032,63.8657,2.163,7.4483,1369.1707,42.9211,0,Normal
TR00033,63.2049,1.763,7.1163,1388.1519,41.8383,0,Normal
TR00034,63.9241,1.8743,7.0948,1366.1479,37.5681,0,Normal
TR00035,71.7917,2.2411,7.5882,1488.171,45.3402,0,Normal
TR00036,72.4441,2.2662,7.5886,1572.8469,47.9396,0,Normal
TR00037,67.4553,1.8889,7.3179,1397.5205,40.5929,0,Normal
TR00038,64.6582,1.8977,7.3198,1356.154,37.7354,0,Normal
TR00039,64.8254,2.0319,7.1494,1435.4442,34.8649,0,Normal
TR00040,74.1765,2.2718,7.4123,1562.4378,47.8952,0,Normal
TR00041,74.1635,2.3356,7.4112,1564.6031,51.5241,0,Normal
TR00042,69.0221,2.3658,7.8565,1501.9339,45.3944,0,Normal
TR00043,67.5698,1.7255,7.1526,1356.3585,34.7165,0,Normal
TR00044,68.2515,2.3028,7.3777,1464.5065,40.5506,0,Normal
TR00045,70.4875,2.2825,7.397,1490.7397,44.4669,0,Normal
TR00046,69.2596,2.6343,7.2402,1533.3485,43.29,0,Normal
TR00047,71.7896,2.2937,7.9327,1603.0829,49.5933,0,Normal
TR00048,65.9088,2.0846,7.4154,1525.549,42.2794,0,Normal
TR00049,71.2215,2.4421,7.8564,1525.4714,48.2403,0,Normal
TR00050,65.5445,2.2677,7.4319,1487.955,42.091,0,Normal
TR00051,71.2446,2.0904,7.7299,1499.1105,42.2678,0,Normal
TR00052,74.0129,2.2168,7.662,1539.2436,45.2212,0,Normal
TR00053,58.9883,1.7603,7.0265,1398.2981,29.895,0,Normal
TR00054,66.8813,1.8551,7.4032,1384.7645,44.2987,0,Normal
TR00055,64.2484,1.885,7.3351,1422.3972,38.7305,0,Normal
TR00056,63.5466,1.9245,7.2321,1455.329,39.2652,0,Normal
TR00057,67.9634,2.1967,7.2664,1399.8039,39.0305,0,Normal
TR00058,75.7043,2.4397,8.2297,1614.4377,49.4029,0,Normal
TR00059,66.629,1.5086,6.9518,1370.5714,35.8576,0,Normal
TR00060,72.167,2.0455,7.7396,1573.8541,50.7164,0,Normal
TR00061,61.0479,1.3684,6.8134,1247.4402,29.9157,0,Normal
TR00062,66.4339,1.7632,7.3472,1465.6721,37.9081,0,Normal
TR00063,70.2787,2.121,7.3882,1520.4091,43.3999,0,Normal
TR00064,70.2435,2.0619,7.6555,1559.3465,46.9083,0,Normal
TR00065,71.6092,2.1869,7.6219,1524.2157,50.2372,0,Normal
TR00066,71.9175,2.1987,7.4246,1566.3293,47.935,0,Normal
TR00067,64.6817,1.9161,7.2795,1411.9035,41.1501,0,Normal
TR00068,66.7875,2.1993,7.0621,1419.8122,40.5771,0,Normal
TR00069,73.6319,2.4765,7.4228,1645.4588,45.0402,0,Normal
TR00070,68.0736,2.0455,7.3549,1463.2624,38.6372,0,Normal
TR00071,64.133,1.6343,7.0316,1304.4895,31.3235,0,Normal
TR00072,64.7157,1.682,7.0876,1367.3166,31.7029,0,Normal
TR00073,62.5439,1.8832,7.1689,1336.1447,37.7736,0,Normal
TR00074,71.2567,2.3543,7.2648,1490.2365,45.8697,0,Normal
TR00075,67.6181,1.9794,7.2321,1458.5154,43.1007,0,Normal
TR00076,71.6326,2.3137,7.9574,1536.9501,40.7842,0,Normal
TR00077,64.6987,1.6061,7.0829,1467.9324,43.7449,0,Normal
TR00078,71.7405,2.1857,7.5532,1516.8906,41.0631,0,Normal
TR00079,71.9077,2.4249,7.509,1563.9918,50.5803,0,Normal
TR00080,65.9989,1.9568,7.3045,1409.0563,36.8009,0,Normal
TR00081,72.5237,2.564,7.4586,1509.0154,43.1818,0,Normal
TR00082,60.6509,1.7428,7.2582,1420.0178,32.8512,0,Normal
TR00083,62.4867,2.0302,7.2948,1419.8881,40.4368,0,Normal
TR00084,67.4475,1.979,7.1947,1430.1747,37.0959,0,Normal
TR00085,61.8905,1.7232,6.8134,1369.8844,31.8664,0,Normal
TR00086,70.9831,2.2255,7.6133,1518.9251,42.1458,0,Normal
TR00087,63.1716,1.9785,7.0417,1438.6248,40.6591,0,Normal
TR00088,68.0231,2.2564,7.4728,1537.0574,43.6464,0,Normal
TR00089,74.1062,2.4922,7.9885,1524.4633,49.1113,0,Normal
TR00090,71.8055,2.2336,7.7723,1568.1626,43.3939,0,Normal
TR00091,71.7655,2.4464,7.7478,1569.4434,46.8064,0,Normal
TR00092,66.6976,1.9441,7.3518,1418.3056,38.5233,0,Normal
TR00093,65.0886,2.1109,6.9416,1396.9789,38.5115,0,Normal
TR00094,63.7529,1.9389,7.1605,1442.4537,40.3404,0,Normal
TR00095,59.6896,1.7901,7.0147,1272.9107,32.0541,0,Normal
TR00096,61.9969,2.0638,6.7671,1324.893,34.8312,0,Normal
TR00097,58.2858,1.6812,6.8252,1362.6291,35.5828,0,Normal
TR00098,61.6238,1.4062,7.0245,1419.2196,33.6637,0,Normal
TR00099,67.9954,2.1213,7.37,1532.7624,46.7952,0,Normal
TR00100,61.5539,2.0501,6.8868,1369.3259,36.0174,0,Normal
TR00101,66.1298,2.0861,7.2596,1367.4145,38.8278,0,Normal
TR00102,71.0041,2.5346,7.7121,1618.8896,48.8863,0,Normal
TR00103,67.2531,2.1747,7.1567,1443.4942,38.4524,0,Normal
TR00104,73.192,2.4085,7.5331,1563.8416,50.6269,0,Normal
TR00105,62.6932,2.0391,7.1568,1455.6886,36.6078,0,Normal
TR00106,62.4664,2.2039,7.291,1501.8499,41.0488,0,Normal
TR00107,61.2663,2.0889,7.0389,1407.7248,35.2479,0,Normal
TR00108,68.4563,2.0629,7.3768,1410.7288,45.1774,0,Normal
TR00109,67.3692,2.515,7.6714,1550.2775,50.333,0,Normal
TR00110,58.3924,1.5265,6.7509,1295.3118,29.1861,0,Normal
TR00111,68.135,2.1221,7.6273,1498.4752,44.2218,0,Normal
TR00112,70.6845,2.4785,7.5901,1522.4785,43.0739,0,Normal
TR00113,63.6952,1.9607,7.1685,1430.1061,38.4589,0,Normal
TR00114,61.2076,1.8111,6.9068,1290.0732,31.0579,0,Normal
TR00115,69.3929,2.1439,7.3002,1529.4622,43.4342,0,Normal
TR00116,68.5518,1.8356,7.077,1427.9841,41.7529,0,Normal
TR00117,68.8446,2.1718,7.6045,1443.9135,40.6224,0,Normal
TR00118,68.7905,2.365,7.4788,1480.4975,39.6601,0,Normal
TR00119,73.6562,2.6805,8.0335,1658.029,51.3486,0,Normal
TR00120,68.8981,1.7201,7.3612,1488.9154,39.4832,0,Normal
TR00121,61.3089,1.7542,7.0492,1360.7211,39.7439,0,Normal
TR00122,67.9229,2.4746,7.5742,1527.8018,45.3691,0,Normal
TR00123,69.1039,2.1275,7.6266,1509.6496,45.5075,0,Normal
TR00124,72.2546,2.1837,8.0215,1576.6878,50.2531,0,Normal
TR00125,72.7544,2.6913,7.6762,1518.1558,46.7983,0,Normal
TR00126,71.5972,2.3299,7.7468,1556.7611,41.1259,0,Normal
TR00127,76.1365,2.5264,7.9487,1675.5062,53.2313,0,Normal
TR00128,58.9584,1.6765,7.0851,1366.4817,35.3534,0,Normal
TR00129,64.4504,2.1029,7.2212,1465.1758,40.6708,0,Normal
TR00130,64.5175,1.7245,7.1152,1419.6909,35.5134,0,Normal
TR00131,62.5926,2.1897,7.1458,1462.997,39.1543,0,Normal
TR00132,58.9067,1.7846,7.0304,1303.5521,33.4256,0,Normal
TR00133,72.8806,2.3346,8.0775,1607.2909,48.0907,0,Normal
TR00134,67.3306,2.0595,7.2623,1475.4372,37.3211,0,Normal
TR00135,61.0934,1.6273,6.8966,1312.061,34.0591,0,Normal
TR00136,66.0661,1.9835,6.9732,1349.9747,35.3536,0,Normal
TR00137,70.4737,2.0383,7.4316,1521.9064,41.7088,0,Normal
TR00138,73.5425,2.0595,7.9405,1509.5162,42.8617,0,Normal
TR00139,83.2623,2.8096,7.9912,1714.1453,54.6785,0,Normal
TR00140,82.7672,3.0878,8.344,1752.5806,64.1251,0,Normal
TR00141,68.7187,2.3108,7.291,1536.4843,48.378,0,Normal
TR00142,63.6244,1.8765,6.9324,1357.8418,36.3498,0,Normal
TR00143,57.7035,1.4027,6.3804,1246.8805,32.4581,0,Normal
TR00144,68.444,2.3221,7.5948,1481.6179,43.6457,0,Normal
TR00145,61.9144,1.8479,7.5634,1388.9982,38.8132,0,Normal
TR00146,69.9979,1.8877,7.196,1502.5158,38.3075,0,Normal
TR00147,65.4054,1.8602,6.9191,1464.2069,36.8893,0,Normal
TR00148,65.9498,2.4215,7.4947,1477.6237,39.5943,0,Normal
TR00149,75.1918,2.1075,7.6568,1591.0426,44.3957,0,Normal
TR00150,68.6202,2.2371,7.6629,1526.0371,45.8524,0,Normal
TR00151,66.7199,1.7502,7.2994,1502.8923,39.5573,0,Normal
TR00152,63.6267,1.7698,6.9364,1342.2127,33.5051,0,Normal
TR00153,56.9663,1.5195,6.7854,1301.4479,28.5186,0,Normal
TR00154,66.1059,1.5788,7.351,1365.1691,38.3894,0,Normal
TR00155,71.1636,2.1539,7.3448,1513.6614,45.5301,0,Normal
TR00156,78.0324,2.562,7.9393,1737.9085,58.0979,0,Normal
TR00157,68.0002,1.7612,7.4138,1496.4817,39.1929,0,Normal
TR00158,72.1975,2.5459,7.5405,1508.8123,47.608,0,Normal
TR00159,64.6651,2.2085,7.2888,1448.8851,36.479,0,Normal
TR00160,61.3812,2.0127,6.6994,1323.9378,36.4722,0,Normal
TR00161,62.3013,1.8751,6.9911,1355.4455,36.3572,0,Normal
TR00162,65.8782,1.8907,7.2677,1425.7814,35.8856,0,Normal
TR00163,75.9483,2.9776,8.1935,1712.3987,55.9947,0,Normal
TR00164,65.2804,2.1564,7.207,1376.6706,35.6107,0,Normal
TR00165,71.6767,2.5556,7.6831,1545.3052,51.0015,0,Normal
TR00166,63.9833,1.6596,7.2711,1389.5969,37.3343,0,Normal
TR00167,70.8156,2.4157,7.874,1563.4839,49.5288,0,Normal
TR00168,72.3933,2.2946,7.6061,1481.5966,38.635,0,Normal
TR00169,69.4276,1.7273,7.4936,1451.9133,40.8349,0,Normal
TR00170,69.5153,2.1723,7.5058,1487.6057,46.3181,0,Normal
TR00171,61.8685,2.3127,7.1005,1405.0137,40.6614,0,Normal
TR00172,71.812,2.349,7.3411,1477.3648,40.8359,0,Normal
TR00173,66.3628,2.2287,7.308,1466.844,38.3531,0,Normal
TR00174,58.7374,1.7652,7.0584,1255.453,31.3902,0,Normal
TR00175,61.311,1.7034,7.1272,1330.1938,37.4578,0,Normal
TR00176,69.5536,2.2204,7.3106,1476.4148,43.6592,0,Normal
TR00177,77.2122,2.4269,7.8077,1650.9908,50.5749,0,Normal
TR00178,69.151,1.9745,7.5296,1516.4573,43.1151,0,Normal
TR00179,67.9073,2.2923,7.3471,1506.9797,35.4926,0,Normal
TR00180,72.1388,2.4328,7.1983,1485.0776,41.471,0,Normal
TR00181,76.9981,2.3134,7.9171,1637.6606,50.5692,0,Normal
TR00182,63.9801,2.3401,7.1804,1509.8888,45.2865,0,Normal
TR00183,65.2918,1.9611,7.1049,1376.9488,35.0581,0,Normal
TR00184,73.4563,2.4931,8.0035,1662.6792,48.3523,0,Normal
TR00185,67.0758,2.3115,7.842,1474.6623,47.0082,0,Normal
TR00186,76.1555,2.7397,7.743,1655.9368,48.7892,0,Normal
TR00187,71.2006,2.1699,7.4114,1512.8882,43.6952,0,Normal
TR00188,59.6769,1.9865,6.9783,1361.078,34.1861,0,Normal
TR00189,61.4911,1.7452,7.2061,1319.0331,36.8786,0,Normal
TR00190,74.9363,2.7076,7.899,1682.3013,52.2247,0,Normal
TR00191,75.7536,2.4671,7.927,1606.372,52.8263,0,Normal
TR00192,69.7258,2.4347,7.585,1458.8465,42.714,0,Normal
TR00193,65.0308,2.0696,7.2059,1420.0297,36.5913,0,Normal
TR00194,76.4315,2.6668,8.0271,1609.7462,51.0134,0,Normal
TR00195,58.8752,1.4784,6.7762,1378.7664,33.8016,0,Normal
TR00196,66.6996,1.6835,7.0594,1423.7654,35.8787,0,Normal
TR00197,72.4301,2.5158,7.3596,1535.5354,48.0481,0,Normal
TR00198,65.6196,2.0333,7.093,1465.8903,40.6542,0,Normal
TR00199,69.0094,1.754,7.5325,1481.2031,40.3196,0,Normal
TR00200,64.6124,2.2379,7.3348,1431.5929,41.2384,0,Normal
TR00201,71.8839,2.1034,7.4671,1506.417,47.4732,0,Normal
TR00202,74.7357,2.7763,7.7728,1617.3036,49.3196,0,Normal
TR00203,68.1037,2.1114,7.3964,1465.1283,42.9082,0,Normal
TR00204,70.4635,2.33,7.6736,1562.6105,45.7606,0,Normal
TR00205,56.2939,1.6972,6.8397,1272.9445,28.5353,0,Normal
TR00206,68.9971,1.9238,6.9629,1419.2118,38.0959,0,Normal
TR00207,64.0758,1.6683,6.9718,1333.6574,39.6227,0,Normal
TR00208,62.8353,1.699,6.9989,1366.8886,32.3741,0,Normal
TR00209,63.4178,1.9854,7.0768,1359.259,38.5494,0,Normal
TR00210,67.1863,1.7602,7.3476,1455.4885,38.4612,0,Normal
TR00211,72.0088,2.0745,7.7634,1603.5024,46.5773,0,Normal
TR00212,65.1163,1.8504,6.887,1296.2454,36.0473,0,Normal
TR00213,65.337,2.0007,7.3264,1433.8125,44.3857,0,Normal
TR00214,67.752,1.8841,7.1913,1487.7673,39.312,0,Normal
TR00215,68.7583,1.6675,7.4691,1457.8993,41.5447,0,Normal
TR00216,71.6805,2.2786,7.6338,1570.6161,47.8831,0,Normal
TR00217,74.8109,2.2601,7.5783,1503.8142,45.4793,0,Normal
TR00218,76.7464,2.6687,7.8974,1602.5614,49.2375,0,Normal
TR00219,68.9446,1.9148,7.5956,1422.1069,42.9847,0,Normal
TR00220,64.4315,2.1895,7.1084,1437.8455,35.9509,0,Normal
TR00221,66.4449,1.9096,7.4751,1429.3085,43.8123,0,Normal
TR00222,68.884,2.0498,7.682,1543.7359,42.8814,0,Normal
TR00223,69.6211,2.4297,7.4516,1484.5182,43.1928,0,Normal
TR00224,64.8833,1.8127,6.9867,1329.622,36.6207,0,Normal
TR00225,68.7969,2.0278,7.379,1474.5809,42.6407,0,Normal
TR00226,67.5462,2.1405,7.4389,1412.1181,42.8281,0,Normal
TR00227,82.5748,3.0988,8.4178,1740.1079,58.2975,0,Normal
TR00228,79.4177,2.927,8.0939,1671.1145,56.1659,0,Normal
TR00229,64.7415,1.697,7.139,1419.2754,34.9956,0,Normal
TR00230,67.8475,2.0061,7.1194,1383.8041,39.8543,0,Normal
TR00231,59.9024,1.6772,6.733,1367.0039,32.5103,0,Normal
TR00232,63.2561,1.7453,7.5362,1446.6967,40.0625,0,Normal
TR00233,68.0784,2.1847,7.482,1556.9601,43.8318,0,Normal
TR00234,71.3266,2.4627,7.6981,1604.7694,53.8163,0,Normal
TR00235,64.6353,2.0865,7.3738,1438.9326,36.9166,0,Normal
TR00236,64.4482,2.1211,7.2161,1359.8211,37.2251,0,Normal
TR00237,56.0421,1.3966,6.741,1279.4913,27.6664,0,Normal
TR00238,61.834,2.0127,7.321,1435.9294,38.0461,0,Normal
TR00239,60.2303,1.9008,6.9772,1310.6474,32.8135,0,Normal
TR00240,67.2644,1.8358,7.1876,1385.0639,37.3912,0,Normal
TR00241,62.244,1.9429,6.8719,1388.1232,38.7992,0,Normal
TR00242,68.1589,2.0559,7.3529,1441.252,41.3144,0,Normal
TR00243,56.3566,1.3982,6.8322,1308.6011,29.5085,0,Normal
TR00244,62.961,1.4877,7.1826,1262.6719,35.1626,0,Normal
TR00245,78.8128,2.9992,8.159,1629.1225,59.2527,0,Normal
TR00246,61.8275,1.6856,6.5759,1392.8542,36.3936,0,Normal
TR00247,66.4831,2.0662,7.0011,1396.4705,32.9941,0,Normal
TR00248,80.2815,2.5586,8.4812,1636.1505,52.8504,0,Normal
TR00249,82.5545,3.0239,8.5554,1784.9271,64.8732,0,Normal
TR00250,60.8401,2.1792,6.8602,1392.6683,34.9153,0,Normal
TR00251,65.4991,1.7992,7.3657,1456.0059,39.0176,0,Normal
TR00252,70.6939,1.8609,7.4008,1521.0511,45.8005,0,Normal
TR00253,76.7998,2.8502,7.7884,1699.8436,55.4526,0,Normal
TR00254,62.1569,1.6551,6.9989,1350.8051,34.3282,0,Normal
TR00255,69.3655,2.0227,7.3288,1455.3371,40.8885,0,Normal
TR00256,71.8366,2.2277,7.3725,1560.9957,49.0911,0,Normal
TR00257,74.4,2.2787,7.3683,1516.1038,42.2733,0,Normal
TR00258,66.2073,1.8161,7.27,1426.8604,39.5821,0,Normal
TR00259,70.5177,2.0275,7.2879,1468.499,38.6785,0,Normal
TR00260,61.4937,1.7685,6.982,1336.8402,30.8993,0,Normal
TR00261,68.4948,1.8471,7.1223,1418.2968,39.2131,0,Normal
TR00262,65.3105,1.8941,7.421,1480.0922,41.3181,0,Normal
TR00263,67.6705,2.1071,7.2919,1470.2044,42.8007,0,Normal
TR00264,65.9398,1.6762,7.4685,1414.0525,36.9639,0,Normal
TR00265,72.2314,2.1654,7.2905,1519.1767,45.1784,0,Normal
TR00266,73.3386,2.4252,7.5796,1598.8688,46.0593,0,Normal
TR00267,66.4927,2.0747,7.5212,1422.1514,43.9537,0,Normal
TR00268,67.3807,2.1567,7.7894,1548.1163,46.7755,0,Normal
TR00269,65.7076,2.1124,7.469,1461.8866,42.1713,0,Normal
TR00270,64.8187,1.982,7.4901,1522.7076,41.5547,0,Normal
TR00271,64.445,2.0079,7.1503,1387.5006,38.1314,0,Normal
TR00272,71.6708,2.4534,7.3465,1511.5224,39.5946,0,Normal
TR00273,67.47,1.9872,7.2875,1536.7674,42.5486,0,Normal
TR00274,74.8157,2.8153,7.9387,1690.0758,62.4297,0,Normal
TR00275,75.8381,2.5289,7.7461,1688.562,51.9569,0,Normal
TR00276,69.7134,2.2815,7.5993,1521.8805,44.2459,0,Normal
TR00277,67.8049,2.1529,6.9532,1414.4187,38.6761,0,Normal
TR00278,59.5926,1.8578,7.0618,1365.6453,38.3891,0,Normal
TR00279,73.4907,2.1381,7.6086,1634.7448,51.8874,0,Normal
TR00280,72.4368,2.2605,7.5394,1483.5951,38.9655,0,Normal
TR00281,71.3067,2.466,7.4899,1495.9734,46.3604,0,Normal
TR00282,59.9421,1.5367,7.0145,1274.4683,36.3184,0,Normal
TR00283,73.0289,2.5574,7.7764,1580.8709,49.3977,0,Normal
TR00284,70.9569,2.1121,7.7568,1519.9855,42.4136,0,Normal
TR00285,63.6255,1.4995,6.8904,1388.2644,35.4022,0,Normal
TR00286,64.091,1.984,7.2439,1476.1555,36.1176,0,Normal
TR00287,70.9518,1.8629,7.3353,1473.536,46.4263,0,Normal
TR00288,65.8014,2.0726,7.3522,1459.8208,40.2381,0,Normal
TR00289,67.0718,2.244,7.2558,1399.0536,40.2642,0,Normal
TR00290,67.7836,1.7252,7.2476,1540.1968,39.4402,0,Normal
TR00291,65.5804,1.7941,7.1173,1464.2058,39.16,0,Normal
TR00292,68.7525,1.96,7.2272,1512.8121,46.2612,0,Normal
TR00293,74.5312,2.5301,7.5407,1587.5994,51.7923,0,Normal
TR00294,52.7243,1.2642,6.3327,1210.4599,24.0865,0,Normal
TR00295,66.1319,2.2808,7.4175,1472.9544,37.941,0,Normal
TR00296,66.9307,2.3247,7.206,1489.6873,39.0296,0,Normal
TR00297,70.1202,2.2779,7.2847,1548.7291,41.1711,0,Normal
TR00298,63.9959,2.0146,7.5564,1521.8631,39.8289,0,Normal
TR00299,60.1466,1.6438,6.6833,1262.397,32.7378,0,Normal
TR00300,67.5789,2.0432,7.5662,1478.6665,42.8992,0,Normal
TR00301,75.9629,2.7725,8.1073,1630.6503,56.683,0,Normal
TR00302,58.8996,1.4397,6.9692,1375.1615,30.4514,0,Normal
TR00303,74.8772,2.5095,7.4588,1607.1844,47.0913,0,Normal
TR00304,66.8862,2.2149,7.248,1440.7614,37.4895,0,Normal
TR00305,67.3,2.1196,7.1196,1474.8405,43.7811,0,Normal
TR00306,63.4226,1.7524,7.4229,1340.8666,39.7707,0,Normal
TR00307,62.4679,2.0717,7.0278,1476.0331,35.95,0,Normal
TR00308,74.6826,1.9749,7.6874,1603.2081,49.6887,0,Normal
TR00309,74.6253,2.3292,7.4374,1532.0761,48.5698,0,Normal
TR00310,77.2462,2.5993,7.7668,1683.2004,50.0767,0,Normal
TR00311,74.2448,2.4441,8.0285,1597.0484,50.8999,0,Normal
TR00312,71.2699,2.3589,7.9413,1517.8803,47.5413,0,Normal
TR00313,78.6805,2.6097,7.9343,1663.4833,53.5077,0,Normal
TR00314,66.6873,2.0265,7.3424,1553.9317,46.064,0,Normal
TR00315,69.2774,2.3229,7.3319,1624.566,51.2559,0,Normal
TR00316,66.8364,2.0232,7.2571,1469.3521,44.3588,0,Normal
TR00317,67.0593,2.1407,7.3727,1515.1033,42.2962,0,Normal
TR00318,66.735,1.9199,7.0517,1399.7756,36.2955,0,Normal
TR00319,72.5785,2.584,7.7818,1559.1334,46.4083,0,Normal
TR00320,58.3907,1.551,7.0508,1379.1676,36.4903,0,Normal
TR00321,69.7858,2.3663,7.7255,1568.1402,44.0674,0,Normal
TR00322,62.0592,2.275,7.2827,1410.1896,40.2051,0,Normal
TR00323,73.6691,2.1391,7.6337,1591.4985,49.839,0,Normal
TR00324,71.5654,2.3576,7.7693,1555.9398,45.774,0,Normal
TR00325,76.7033,2.5408,8.0392,1653.3018,54.4498,0,Normal
TR00326,73.742,2.2525,7.7979,1608.5921,52.392,0,Normal
TR00327,61.9827,1.4655,6.9762,1331.7301,31.5142,0,Normal
TR00328,67.3451,2.0494,7.1491,1521.031,40.6069,0,Normal
TR00329,58.0631,2.0798,6.7603,1366.1591,36.6157,0,Normal
TR00330,66.4161,1.7169,7.0977,1428.4292,39.1583,0,Normal
TR00331,76.858,2.3428,7.7599,1605.8981,54.9895,0,Normal
TR00332,71.8721,2.0569,7.744,1547.3586,46.5063,0,Normal
TR00333,66.1322,2.2013,7.2116,1407.0692,36.9104,0,Normal
TR00334,60.632,1.7127,7.2211,1325.7107,31.4866,0,Normal
TR00335,71.7862,2.1052,7.4749,1464.5587,38.6497,0,Normal
TR00336,59.9469,1.6625,7.0076,1340.9463,30.0538,0,Normal
TR00337,65.8587,1.7287,7.3571,1424.0021,38.4721,0,Normal
TR00338,66.5852,2.1513,7.5844,1528.9082,41.0311,0,Normal
TR00339,72.3331,2.8891,7.8153,1580.9616,52.2718,0,Normal
TR00340,73.895,2.5332,7.8499,1560.3304,46.0235,0,Normal
TR00341,55.6157,1.2591,6.6165,1233.0418,26.5694,0,Normal
TR00342,71.0946,2.3079,7.4578,1411.5218,42.1219,0,Normal
TR00343,68.8011,1.9719,7.2912,1470.599,43.8372,0,Normal
TR00344,69.9633,1.9044,7.6573,1561.2231,42.9204,0,Normal
TR00345,78.8592,2.7684,8.1636,1590.8388,50.3375,0,Normal
TR00346,56.8452,1.6898,6.6698,1267.3042,31.2033,0,Normal
TR00347,61.7209,2.111,7.4024,1473.4183,38.938,0,Normal
TR00348,69.6269,2.1927,7.2916,1515.4237,45.324,0,Normal
TR00349,60.7679,1.5955,6.8376,1314.0078,33.1308,0,Normal
TR00350,76.3869,2.6777,7.9102,1589.3341,51.6133,0,Normal
TR00351,67.0947,2.281,7.4126,1575.6305,45.2369,0,Normal
TR00352,71.0984,2.2831,8.0777,1565.9747,45.7057,0,Normal
TR00353,63.984,1.6373,7.1896,1421.6829,42.8437,0,Normal
TR00354,71.5737,2.3646,7.6196,1612.8457,46.0143,0,Normal
TR00355,71.0794,2.6148,7.7781,1615.3413,52.3683,0,Normal
TR00356,68.0799,1.9543,7.1611,1473.8052,43.0982,0,Normal
TR00357,67.9074,2.2853,7.3605,1481.9574,45.2992,0,Normal
TR00358,70.7945,2.2408,7.6519,1525.7086,45.3725,0,Normal
TR00359,64.967,1.976,6.9972,1367.5045,38.9113,0,Normal
TR00360,66.9704,2.2127,7.2157,1390.406,39.1917,0,Normal
TR00361,66.5012,1.9292,7.5561,1462.1217,43.375,0,Normal
TR00362,70.2455,1.924,7.7486,1468.4489,48.5542,0,Normal
TR00363,71.7293,2.3039,7.8327,1641.5514,47.9297,0,Normal
TR00364,60.4313,1.9425,6.9567,1375.0413,35.1959,0,Normal
TR00365,65.6576,1.9649,7.3179,1435.1929,40.0359,0,Normal
TR00366,74.5609,2.4195,7.7898,1611.1007,50.8673,0,Normal
TR00367,62.0391,1.5491,6.9806,1335.7943,40.9318,0,Normal
TR00368,64.016,2.1688,6.9451,1355.1826,34.4461,0,Normal
TR00369,70.3655,2.3093,7.3719,1536.8135,41.2423,0,Normal
TR00370,69.534,2.4919,7.53,1646.773,51.0325,0,Normal
TR00371,68.1046,2.2776,7.1538,1506.6236,43.4483,0,Normal
TR00372,74.5147,2.6025,7.9002,1616.3194,55.3031,0,Normal
TR00373,73.07,2.3131,7.7374,1554.8448,46.5782,0,Normal
TR00374,72.3542,2.3231,7.9668,1534.9138,47.7496,0,Normal
TR00375,68.2649,2.1893,7.487,1610.274,44.1483,0,Normal
TR00376,77.8315,3.2725,8.2621,1717.7974,57.445,0,Normal
TR00377,66.9861,2.1385,7.3782,1532.5051,36.7634,0,Normal
TR00378,59.4335,1.4155,6.6582,1318.4033,30.484,0,Normal
TR00379,72.3566,2.6651,8.0806,1587.5188,53.1393,0,Normal
TR00380,66.2423,1.7807,7.3638,1408.6332,38.8983,0,Normal
TR00381,70.7023,2.4032,7.4901,1467.9109,41.8424,0,Normal
TR00382,74.5342,2.3739,7.8174,1614.7082,48.5436,0,Normal
TR00383,60.6586,1.7095,6.782,1309.6517,33.1863,0,Normal
TR00384,60.2259,1.9164,6.7431,1453.4454,31.2879,0,Normal
TR00385,59.4585,1.6889,6.7106,1274.1628,32.7179,0,Normal
TR00386,60.9528,1.8788,7.0225,1404.6296,41.4019,0,Normal
TR00387,66.0663,2.2338,7.374,1547.7396,48.1258,0,Normal
TR00388,72.4228,2.2471,7.6539,1534.9847,42.0959,0,Normal
TR00389,67.6636,2.0791,7.6882,1512.8651,42.615,0,Normal
TR00390,59.8337,1.5953,6.7602,1295.0913,33.7442,0,Normal
TR00391,53.4919,1.6733,6.6368,1241.1662,26.8297,0,Normal
TR00392,65.7447,2.0968,7.2536,1503.6061,39.2746,0,Normal
TR00393,65.2339,1.817,7.1861,1441.9295,39.7812,0,Normal
TR00394,69.0756,2.1449,7.4503,1548.1925,44.964,0,Normal
TR00395,72.3305,2.5087,7.742,1603.1464,50.7742,0,Normal
TR00396,69.5334,2.2631,7.3398,1527.3092,42.3415,0,Normal
TR00397,72.5302,2.4289,7.8279,1562.3093,49.5105,0,Normal
TR00398,69.6214,2.1224,7.4409,1463.0557,40.7023,0,Normal
TR00399,73.5963,2.3622,7.4816,1514.6566,43.1838,0,Normal
TR00400,62.414,1.7728,6.9528,1398.3222,39.0073,0,Normal
TR00401,66.9671,1.9994,7.3776,1469.9729,43.2167,0,Normal
TR00402,71.0621,2.3336,7.6121,1483.9198,41.1728,0,Normal
TR00403,74.5429,2.5035,7.7309,1533.4048,47.3864,0,Normal
TR00404,63.3934,1.8051,7.6204,1397.0702,36.4012,0,Normal
TR00405,70.1478,2.1024,7.8112,1476.9313,44.9889,0,Normal
TR00406,69.0623,2.0398,7.2578,1443.8637,42.1133,0,Normal
TR00407,68.3033,2.3754,7.308,1416.2198,40.2791,0,Normal
TR00408,72.665,2.0041,7.7655,1532.0811,46.844,0,Normal
TR00409,57.2443,1.5522,6.5683,1256.9421,26.5596,0,Normal
TR00410,60.5675,1.4634,7.1328,1297.1133,32.1465,0,Normal
TR00411,60.8114,1.5412,6.9391,1337.6619,36.2336,0,Normal
TR00412,55.4109,1.3343,6.6243,1260.8781,26.9919,0,Normal
TR00413,64.3964,1.8208,7.2725,1389.5523,35.3862,0,Normal
TR00414,72.0385,2.2287,7.938,1543.3946,46.1788,0,Normal
TR00415,65.2981,2.0158,7.3276,1468.8972,36.6339,0,Normal
TR00416,69.9863,2.063,7.4511,1475.7781,41.0545,0,Normal
TR00417,78.9096,2.1635,8.0226,1566.9722,52.0727,0,Normal
TR00418,71.7054,2.6387,8.0195,1661.2845,50.3165,0,Normal
TR00419,68.2237,2.2148,7.3244,1503.6871,45.7102,0,Normal
TR00420,73.6703,2.6578,7.8746,1643.1808,50.5885,0,Normal
TR00421,69.5184,1.8503,7.4635,1522.0709,42.5197,0,Normal
TR00422,63.7293,1.9026,7.1648,1322.8684,37.9669,0,Normal
TR00423,66.2805,2.0434,6.9749,1464.9722,32.2567,0,Normal
TR00424,62.4171,1.4702,6.635,1338.2658,32.8274,0,Normal
TR00425,63.7281,1.8352,6.9472,1422.1233,36.1194,0,Normal
TR00426,68.176,1.9717,7.1203,1455.9589,42.9422,0,Normal
TR00427,67.9589,2.6727,7.5782,1566.0888,49.3456,0,Normal
TR00428,79.8108,2.9626,8.1038,1651.045,50.6909,0,Normal
TR00429,61.4878,1.3858,6.8892,1347.721,35.7485,0,Normal
TR00430,71.9828,2.6668,7.5689,1510.3357,43.9763,0,Normal
TR00431,60.3934,1.6231,6.8399,1401.1185,33.2467,0,Normal
TR00432,68.973,2.4189,7.4923,1474.3172,45.5192,0,Normal
TR00433,67.581,2.2354,7.4481,1447.2807,40.7018,0,Normal
TR00434,58.4486,1.3715,6.8544,1359.3237,33.4837,0,Normal
TR00435,73.3367,2.4673,7.609,1555.5584,48.7833,0,Normal
TR00436,66.8061,1.8991,7.2141,1408.121,38.5199,0,Normal
TR00437,62.0463,2.0396,7.565,1393.0501,40.5111,0,Normal
TR00438,64.1902,1.8206,7.0228,1379.4306,37.4509,0,Normal
TR00439,64.6126,2.1191,7.0601,1385.531,39.4711,0,Normal
TR00440,69.8582,2.2419,7.522,1518.4321,47.9041,0,Normal
TR00441,64.3679,2.013,7.3485,1489.8397,42.109,0,Normal
TR00442,70.6145,2.3959,7.4908,1490.0528,44.5051,0,Normal
TR00443,65.5366,2.313,7.5217,1545.6032,47.0787,0,Normal
TR00444,76.0345,2.6279,7.6313,1647.4475,50.3843,0,Normal
TR00445,63.5317,1.8775,7.126,1480.9309,39.845,0,Normal
TR00446,60.4166,1.4688,6.8592,1329.8489,36.1879,0,Normal
TR00447,73.3351,2.318,7.7471,1705.5024,52.5052,0,Normal
TR00448,68.3814,1.8888,7.1934,1482.1024,39.8273,0,Normal
TR00449,73.4743,2.5759,7.7618,1608.4029,48.247,0,Normal
TR00450,68.7441,2.3907,7.5439,1489.5972,47.7109,0,Normal
TR00451,66.4062,2.0327,7.4964,1462.8335,42.9085,0,Normal
TR00452,72.1048,2.4622,7.5062,1566.5429,44.9613,0,Normal
TR00453,79.1106,2.9316,8.1467,1744.69,53.9735,0,Normal
TR00454,78.1062,2.7669,8.0403,1749.8245,56.2301,0,Normal
TR00455,67.9352,1.9729,7.5158,1514.7667,42.4032,0,Normal
TR00456,66.0121,2.4316,7.5162,1452.8719,41.5797,0,Normal
TR00457,74.2957,2.4119,7.9152,1610.0559,49.2795,0,Normal
TR00458,60.4349,1.869,7.2182,1347.7565,37.0871,0,Normal
TR00459,71.0852,2.1388,7.6108,1462.9109,43.3391,0,Normal
TR00460,68.097,1.9321,7.3752,1485.655,43.8203,0,Normal
TR00461,73.9288,1.9298,7.5491,1531.2723,46.8758,0,Normal
TR00462,61.6862,1.9639,7.2785,1424.1145,38.7169,0,Normal
TR00463,59.5495,1.4821,6.7393,1330.4952,31.0601,0,Normal
TR00464,60.4574,2.0288,6.5739,1280.9422,30.1884,0,Normal
TR00465,64.3341,1.5693,7.0379,1328.2118,34.9085,0,Normal
TR00466,64.3617,1.7361,7.3059,1428.1649,36.3,0,Normal
TR00467,66.8785,2.1039,7.1655,1396.4658,41.5743,0,Normal
TR00468,78.0772,2.9564,8.0661,1613.2914,54.9135,0,Normal
TR00469,74.2587,2.4434,7.7721,1622.0518,54.8948,0,Normal
TR00470,61.7395,1.9144,6.7088,1352.6211,38.9524,0,Normal
TR00471,69.6473,1.8725,7.4866,1547.0468,45.8246,0,Normal
TR00472,63.0067,1.8559,7.2324,1476.049,39.9022,0,Normal
TR00473,66.7645,1.8214,7.2748,1428.4657,40.5118,0,Normal
TR00474,69.7737,1.8145,7.6914,1520.1201,40.9965,0,Normal
TR00475,70.8103,2.3068,7.4222,1521.8725,42.1988,0,Normal
TR00476,63.3288,1.5945,7.1493,1379.7721,37.8752,0,Normal
TR00477,75.3114,2.1812,7.3544,1596.0202,48.8101,0,Normal
TR00478,62.7181,1.6607,6.9234,1343.6159,29.9452,0,Normal
TR00479,66.7261,1.9523,7.3389,1465.2625,40.8437,0,Normal
TR00480,81.0028,2.9507,8.2276,1821.8928,58.3401,0,Normal
TR00481,66.4588,2.2219,7.6553,1450.0184,42.9761,0,Normal
TR00482,73.607,2.6908,8.0393,1643.888,49.8601,0,Normal
TR00483,67.5078,2.2629,7.4445,1454.7914,41.8436,0,Normal
TR00484,73.2312,2.4796,7.544,1572.7707,49.5676,0,Normal
TR00485,66.5536,2.0826,7.5443,1484.4829,43.0876,0,Normal
TR00486,68.2663,2.1035,7.3372,1475.3843,39.6597,0,Normal
TR00487,62.9777,1.9582,6.9963,1365.0832,36.783,0,Normal
TR00488,70.6839,2.2546,7.276,1498.3861,44.7347,0,Normal
TR00489,63.3175,1.773,7.0314,1423.0424,34.7755,0,Normal
TR00490,73.0325,2.2398,7.7537,1611.8644,44.6342,0,Normal
TR00491,72.6808,2.2784,8.1441,1610.7659,51.2775,0,Normal
TR00492,67.0754,2.2859,7.5381,1487.0761,43.4589,0,Normal
TR00493,64.024,1.9972,7.1774,1461.8067,37.7311,0,Normal
TR00494,69.4032,2.1168,7.3693,1612.6279,44.8559,0,Normal
TR00495,64.1466,1.8882,7.3803,1451.1741,40.2532,0,Normal
TR00496,73.6032,2.1628,7.4451,1629.3969,43.7411,0,Normal
TR00497,57.6383,1.7268,6.8471,1261.7908,30.0062,0,Normal
TR00498,70.5291,2.0135,7.4134,1443.2882,41.7281,0,Normal
TR00499,54.5199,1.3475,6.773,1292.6495,30.0524,0,Normal
TR00500,60.5922,1.797,6.8416,1336.9251,37.1877,0,Normal
TR00501,73.0618,2.4083,7.9677,1596.3819,53.6175,0,Normal
TR00502,71.7668,2.1154,7.7407,1545.6613,51.0064,0,Normal
TR00503,64.5133,2.068,7.0237,1439.0445,43.4836,0,Normal
TR00504,56.0013,1.5526,7.1702,1363.9414,33.9017,0,Normal
TR00505,53.0107,1.137,6.3061,1221.6495,23.0893,0,Normal
TR00506,68.5991,1.9444,7.3339,1486.0705,40.6095,0,Normal
TR00507,79.77,3.0318,7.8602,1738.8553,56.5024,0,Normal
TR00508,70.7291,2.2341,7.7564,1514.7709,45.0637,0,Normal
TR00509,66.9351,1.7163,7.4392,1468.5296,36.9378,0,Normal
TR00510,70.1233,2.3374,7.5676,1553.7908,45.8986,0,Normal
TR00511,58.8373,1.5444,6.9431,1281.7134,30.4196,0,Normal
TR00512,62.3576,2.3506,7.3853,1412.6038,38.5562,0,Normal
TR00513,69.6711,2.1296,7.332,1507.6627,43.5562,0,Normal
TR00514,67.3486,1.6719,7.4574,1464.7548,41.1374,0,Normal
TR00515,70.2894,2.4016,7.5474,1562.1096,42.8997,0,Normal
TR00516,70.02,2.5534,7.4232,1553.7264,41.038,0,Normal
TR00517,70.4247,2.5842,7.8142,1576.7405,43.8201,0,Normal
TR00518,63.4693,2.2231,7.315,1454.2665,35.583,0,Normal
TR00519,73.76,2.1858,7.6012,1506.6669,48.7475,0,Normal
TR00520,74.0614,2.7529,7.8528,1659.9073,53.0698,0,Normal
TR00521,64.8404,1.679,6.9572,1402.4484,38.0376,0,Normal
TR00522,60.8681,1.8741,7.2065,1333.3615,37.8861,0,Normal
TR00523,73.7532,2.2716,7.7075,1597.336,53.0408,0,Normal
TR00524,70.4663,1.9266,7.3901,1430.4919,42.0947,0,Normal
TR00525,77.3291,2.3994,8.0108,1628.1607,51.5861,0,Normal
TR00526,65.8745,2.129,7.231,1490.5086,41.5421,0,Normal
TR00527,73.8733,2.6806,8.0709,1703.5704,53.4805,0,Normal
TR00528,67.731,2.1893,7.3973,1465.3059,43.6821,0,Normal
TR00529,69.4747,1.9344,7.4562,1525.5435,46.4748,0,Normal
TR00530,76.2041,2.5133,7.7913,1663.8533,47.0099,0,Normal
TR00531,65.9552,1.8572,7.4361,1455.581,39.0095,0,Normal
TR00532,63.0507,1.9742,6.948,1395.1465,35.21,0,Normal
TR00533,65.2816,2.1775,7.299,1443.5317,41.6202,0,Normal
TR00534,67.7566,2.4258,7.5469,1586.56,48.3972,0,Normal
TR00535,58.9283,1.4943,6.6835,1354.1816,28.6322,0,Normal
TR00536,72.9612,1.7981,7.5257,1509.8291,49.2481,0,Normal
TR00537,62.7354,1.6203,7.4327,1451.2792,35.9208,0,Normal
TR00538,73.6274,2.7002,7.834,1631.7534,46.9501,0,Normal
TR00539,54.0743,1.3095,6.4005,1239.6265,25.9219,0,Normal
TR00540,64.1103,1.7289,7.1736,1437.0104,36.1873,0,Normal
TR00541,58.5308,1.8897,6.7864,1309.5034,27.6094,0,Normal
TR00542,66.3629,2.0799,7.6635,1400.2623,38.0592,0,Normal
TR00543,70.1997,2.1787,7.5323,1510.2483,45.1045,0,Normal
TR00544,64.7068,1.9934,7.2764,1390.5427,43.1539,0,Normal
TR00545,67.8906,2.0002,7.5385,1450.5814,39.3994,0,Normal
TR00546,65.7779,2.0931,7.0497,1439.8968,40.8782,0,Normal
TR00547,68.019,2.449,7.4863,1459.8301,43.2551,0,Normal
TR00548,63.3205,1.8735,7.3661,1424.2944,39.1581,0,Normal
TR00549,70.7905,2.4427,7.6288,1571.8665,40.3592,0,Normal
TR00550,73.053,2.5093,7.3546,1548.5358,44.2021,0,Normal
TR00551,68.6081,2.005,7.4714,1500.6609,44.5149,0,Normal
TR00552,69.7799,2.4028,7.8275,1548.8019,43.2292,0,Normal
TR00553,68.3599,2.1359,7.5639,1545.8242,43.3584,0,Normal
TR00554,77.5642,2.2576,7.9781,1664.7389,54.9506,0,Normal
TR00555,69.5257,1.6908,7.2599,1470.6861,39.987,0,Normal
TR00556,67.535,1.8246,7.203,1478.1386,40.1458,0,Normal
TR00557,67.1596,1.9696,7.1941,1333.1196,38.484,0,Normal
TR00558,66.714,1.8108,7.2528,1369.5975,34.7705,0,Normal
TR00559,59.6735,1.7598,7.1328,1334.3053,32.9139,0,Normal
TR00560,63.505,2.1845,7.1619,1381.9922,35.8581,0,Normal
TR00561,65.5153,1.8504,7.1622,1455.0216,41.5242,0,Normal
TR00562,68.3386,2.1954,7.3045,1519.9178,40.3442,0,Normal
TR00563,67.1318,2.1701,7.5032,1552.6969,43.3478,0,Normal
TR00564,62.1163,1.7378,6.9168,1388.2815,36.0318,0,Normal
TR00565,70.7876,2.3752,7.679,1584.7293,50.6266,0,Normal
TR00566,71.5852,2.0338,7.7075,1627.4545,48.1065,0,Normal
TR00567,64.9797,2.3059,7.1621,1443.9864,43.5364,0,Normal
TR00568,66.1207,1.7814,7.0076,1474.9574,35.5318,0,Normal
TR00569,69.1999,2.6302,7.5769,1537.7712,44.7477,0,Normal
TR00570,74.0347,2.1505,7.5464,1562.1036,40.4884,0,Normal
TR00571,59.6572,1.8506,7.063,1354.2037,31.0358,0,Normal
TR00572,67.7761,2.07,7.4733,1483.6109,44.3128,0,Normal
TR00573,67.031,2.1731,7.5035,1505.2167,46.9757,0,Normal
TR00574,66.3926,1.725,6.9657,1363.6906,33.6261,0,Normal
TR00575,71.0023,2.1784,7.2951,1502.5863,42.2258,0,Normal
TR00576,60.9694,1.7208,6.8091,1358.6513,32.376,0,Normal
TR00577,72.5239,2.3597,7.9333,1619.8406,51.9735,0,Normal
TR00578,74.8685,2.4519,7.8906,1599.953,46.2401,0,Normal
TR00579,64.6683,1.9144,6.9756,1444.7083,36.832,0,Normal
TR00580,72.5222,2.623,7.4015,1552.8994,45.4396,0,Normal
TR00581,56.925,1.3609,6.7492,1269.8388,22.0476,0,Normal
TR00582,62.1588,2.0312,7.008,1335.2332,33.5008,0,Normal
TR00583,62.0869,1.9767,7.0705,1425.7526,40.447,0,Normal
TR00584,60.6548,1.825,7.4017,1380.7036,35.9456,0,Normal
TR00585,72.9528,2.0765,7.6454,1608.4753,46.3318,0,Normal
TR00586,80.5691,2.6187,8.1605,1729.8258,54.1778,0,Normal
TR00587,63.8781,1.7849,7.0521,1312.6406,36.2101,0,Normal
TR00588,60.7796,2.1342,7.0481,1382.8237,37.1839,0,Normal
TR00589,69.7671,2.2106,7.366,1472.151,42.107,0,Normal
TR00590,78.2057,2.8324,8.3034,1639.8043,52.5552,0,Normal
TR00591,58.6586,1.8486,7.1327,1407.805,34.8975,0,Normal
TR00592,69.2808,2.4676,7.6187,1456.3578,47.3989,0,Normal
TR00593,77.9637,2.6358,8.1297,1614.5761,55.5684,0,Normal
TR00594,58.8695,2.0347,6.6614,1277.5659,33.9356,0,Normal
TR00595,58.0045,1.6283,7.156,1355.5436,32.3297,0,Normal
TR00596,65.211,1.835,7.1168,1457.2477,38.0934,0,Normal
TR00597,64.7038,1.726,7.2631,1440.6489,38.0983,0,Normal
TR00598,71.959,2.7634,7.4221,1606.4721,46.966,0,Normal
TR00599,68.2424,2.32,7.158,1443.6663,41.3531,0,Normal
TR00600,57.9728,1.5074,6.8297,1335.2208,33.2478,0,Normal
TR00601,70.6087,2.4794,7.4509,1523.1948,47.2935,0,Normal
TR00602,65.7932,2.0505,6.8796,1444.9607,37.5735,0,Normal
TR00603,74.0792,2.8362,7.9326,1567.4971,51.6957,0,Normal
TR00604,63.9992,1.6331,7.5196,1414.2768,38.4111,0,Normal
TR00605,64.8558,1.8613,7.3995,1421.4249,39.4456,0,Normal
TR00606,67.3562,2.1791,7.5482,1577.2701,42.5599,0,Normal
TR00607,72.8259,1.9736,7.6684,1504.6234,46.6386,0,Normal
TR00608,70.3291,2.4253,7.6989,1528.1268,44.785,0,Normal
TR00609,59.3063,1.5456,6.9896,1265.029,32.4156,0,Normal
TR00610,72.5271,2.3945,7.5333,1554.186,44.1147,0,Normal
TR00611,59.1065,2.2145,7.0435,1398.6002,29.7772,0,Normal
TR00612,65.6705,2.107,7.5304,1549.755,41.1496,0,Normal
TR00613,61.0894,1.5971,6.9903,1311.7819,32.6114,0,Normal
TR00614,70.3081,2.2553,7.5349,1559.3168,45.0416,0,Normal
TR00615,64.112,2.0357,7.0985,1442.9387,40.4614,0,Normal
TR00616,60.4985,1.6132,7.1719,1287.8097,34.9449,0,Normal
TR00617,72.9077,2.2006,7.8434,1576.3832,46.8192,0,Normal
TR00618,70.9353,2.3628,7.561,1538.9206,43.4994,0,Normal
TR00619,65.6785,1.984,7.4602,1406.477,40.4384,0,Normal
TR00620,75.0766,2.1673,7.8461,1589.9967,50.1344,0,Normal
TR00621,61.9148,1.7472,7.5054,1466.7349,38.8271,0,Normal
TR00622,69.5516,2.3799,7.498,1441.3885,39.8123,0,Normal
TR00623,71.5975,2.253,8.0175,1501.9936,46.8695,0,Normal
TR00624,65.9379,1.7769,6.9923,1413.5307,38.8357,0,Normal
TR00625,68.8666,2.2107,7.4546,1554.5131,43.5058,0,Normal
TR00626,66.4389,1.9423,7.2803,1402.0554,38.2808,0,Normal
TR00627,67.4084,2.1089,7.3195,1412.8175,40.4456,0,Normal
TR00628,77.8916,2.2643,8.1889,1626.5395,50.3056,0,Normal
TR00629,61.012,1.6365,6.9289,1405.9621,34.0604,0,Normal
TR00630,55.0459,1.4253,6.7003,1306.7188,24.8775,0,Normal
TR00631,77.722,2.5653,8.1498,1596.3865,53.2168,0,Normal
TR00632,81.3598,2.9677,8.405,1758.7164,57.7829,0,Normal
TR00633,63.8814,1.7571,7.1044,1399.418,38.3675,0,Normal
TR00634,58.6748,1.5832,6.9473,1312.2904,26.4712,0,Normal
TR00635,67.4271,2.2033,7.488,1414.5501,40.1527,0,Normal
TR00636,66.67,2.1018,7.3958,1426.3339,39.7409,0,Normal
TR00637,67.4076,2.0681,7.3662,1439.4335,40.0579,0,Normal
TR00638,61.7447,1.7487,7.0465,1360.4273,35.2003,0,Normal
TR00639,73.6746,2.1236,7.5902,1552.1658,47.4128,0,Normal
TR00640,69.1062,2.2444,7.6861,1552.0028,46.9527,0,Normal
TR00641,59.1719,1.8784,6.8819,1322.8855,33.5024,0,Normal
TR00642,71.6556,2.2883,7.509,1506.8695,46.0153,0,Normal
TR00643,80.2561,2.5556,7.9507,1721.0044,54.0951,0,Normal
TR00644,66.1989,2.063,7.3399,1496.2023,40.8211,0,Normal
TR00645,63.8874,2.035,7.3175,1485.2416,38.5024,0,Normal
TR00646,63.5937,1.9902,7.346,1440.3188,41.1202,0,Normal
TR00647,71.2582,2.3719,7.6498,1488.5223,44.2693,0,Normal
TR00648,56.9876,1.6749,6.8744,1297.0886,30.962,0,Normal
TR00649,68.1626,2.3093,7.3572,1542.6194,40.9445,0,Normal
TR00650,67.1601,2.2391,7.4978,1444.6343,35.8078,0,Normal
TR00651,76.4539,2.8336,8.0039,1667.0332,55.8136,0,Normal
TR00652,67.5106,1.8796,7.2697,1431.2497,39.8242,0,Normal
TR00653,76.1342,2.4377,8.0609,1716.65,50.9998,0,Normal
TR00654,63.4704,1.7552,6.7198,1328.0711,32.4192,0,Normal
TR00655,71.909,2.195,7.4791,1516.2734,46.7479,0,Normal
TR00656,68.4154,1.9909,7.6688,1533.4882,47.1009,0,Normal
TR00657,63.1774,1.7598,6.8178,1323.7893,35.4644,0,Normal
TR00658,70.8012,2.0678,7.6409,1543.2373,42.6788,0,Normal
TR00659,75.0132,2.3428,8.0662,1629.1612,52.239,0,Normal
TR00660,63.8018,1.946,7.2276,1477.475,35.9124,0,Normal
TR00661,60.3819,1.8045,6.8545,1321.878,35.3294,0,Normal
TR00662,65.9564,2.1306,7.5729,1472.5166,47.2629,0,Normal
TR00663,65.8499,2.2742,7.0095,1348.0354,30.1803,0,Normal
TR00664,68.0632,2.028,7.419,1439.1516,39.5603,0,Normal
TR00665,68.0975,2.0233,7.2641,1437.3,39.888,0,Normal
TR00666,59.4136,1.589,6.7266,1317.922,30.3308,0,Normal
TR00667,59.2223,1.6615,6.7066,1338.5932,30.5778,0,Normal
TR00668,71.7281,2.323,7.6235,1582.3053,46.9193,0,Normal
TR00669,64.6145,2.317,7.4023,1438.1264,38.3547,0,Normal
TR00670,55.0874,1.1784,6.4729,1243.062,23.3252,0,Normal
TR00671,73.6507,2.4901,7.4713,1552.0086,46.7227,0,Normal
TR00672,68.4051,2.2191,7.3221,1491.8591,44.9029,0,Normal
TR00673,63.1787,1.603,7.2133,1421.6217,34.7556,0,Normal
TR00674,59.0026,1.8437,7.2342,1328.2063,29.8189,0,Normal
TR00675,70.4302,2.5789,7.7555,1577.1813,51.8168,0,Normal
TR00676,66.5255,2.0505,7.4604,1479.5401,42.8574,0,Normal
TR00677,81.7032,2.8132,8.3565,1699.3163,57.1847,0,Normal
TR00678,73.441,1.9155,7.5087,1546.3591,43.8561,0,Normal
TR00679,72.5816,1.9897,7.4752,1551.743,45.7259,0,Normal
TR00680,64.205,2.2386,7.1882,1427.9746,44.8151,0,Normal
TR00681,73.552,2.2611,7.9112,1589.233,48.5849,0,Normal
TR00682,73.8102,2.0879,7.2125,1526.9882,42.7227,0,Normal
TR00683,73.6867,2.5168,7.9658,1612.0088,47.0911,0,Normal
TR00684,65.4717,1.8496,7.1433,1474.8541,37.7337,0,Normal
TR00685,62.1217,1.8846,7.182,1462.5443,38.5797,0,Normal
TR00686,65.9888,2.0893,7.5031,1457.5497,35.0975,0,Normal
TR00687,70.1978,2.1281,7.5625,1629.8418,48.9428,0,Normal
TR00688,76.1509,2.3865,7.8156,1612.6935,49.3495,0,Normal
TR00689,62.8039,1.9901,7.2185,1397.3161,42.3028,0,Normal
TR00690,66.7683,2.1471,7.3175,1410.1245,43.2444,0,Normal
TR00691,71.4773,2.4171,7.4392,1504.0706,43.4953,0,Normal
TR00692,65.3123,1.9066,7.0622,1371.7858,41.3683,0,Normal
TR00693,70.9042,2.5543,7.5947,1572.7056,45.4781,0,Normal
TR00694,52.4099,1.2833,6.8169,1224.5034,28.7355,0,Normal
TR00695,63.2216,2.1807,7.1226,1420.6276,35.5304,0,Normal
TR00696,62.8846,1.6612,7.1983,1410.181,34.5224,0,Normal
TR00697,53.1423,1.643,6.546,1215.3382,26.2811,0,Normal
TR00698,63.8045,1.6927,6.9572,1399.4666,34.7117,0,Normal
TR00699,62.4312,2.1878,7.3481,1409.2228,35.3361,0,Normal
TR00700,65.0179,2.1461,7.2995,1431.9849,42.7821,0,Normal
TR00701,72.7892,2.251,7.7186,1579.6056,47.5066,0,Normal
TR00702,68.654,1.9325,7.4896,1376.3809,44.2242,0,Normal
TR00703,63.7251,1.9314,6.9236,1333.5915,32.3846,0,Normal
TR00704,67.4698,2.2724,7.2849,1448.0333,45.1837,0,Normal
TR00705,74.5701,2.402,7.7689,1592.759,46.5833,0,Normal
TR00706,60.8354,1.8153,7.0585,1344.4359,35.654,0,Normal
TR00707,63.3233,1.9633,7.1228,1366.4188,35.0028,0,Normal
TR00708,71.1696,2.2913,7.9302,1495.7611,44.8744,0,Normal
TR00709,66.0023,1.8007,7.3763,1462.7277,42.323,0,Normal
TR00710,72.1507,2.1479,7.2461,1562.8859,49.5083,0,Normal
TR00711,66.5243,2.1382,7.4474,1492.6499,44.5305,0,Normal
TR00712,72.5663,2.5293,7.6516,1554.1073,45.6701,0,Normal
TR00713,63.6109,2.0804,7.0447,1317.3792,35.6774,0,Normal
TR00714,62.6863,2.2367,7.4351,1457.0327,40.2009,0,Normal
TR00715,69.047,2.0885,7.3217,1443.6218,38.4491,0,Normal
TR00716,56.1916,1.87,6.966,1338.2161,31.5748,0,Normal
TR00717,58.761,1.5109,6.9509,1318.4592,30.8747,0,Normal
TR00718,73.4115,2.2781,7.5533,1601.8976,47.0065,0,Normal
TR00719,65.6039,1.8464,7.1255,1471.5734,35.5128,0,Normal
TR00720,60.045,1.5685,7.526,1338.0974,35.2532,0,Normal
TR00721,65.5311,2.1312,7.2518,1493.6453,44.7101,0,Normal
TR00722,75.7141,2.4718,7.8108,1620.8526,51.8003,0,Normal
TR00723,52.6815,1.5396,6.3624,1212.3102,25.8878,0,Normal
TR00724,62.2497,1.7493,6.8948,1352.5632,29.1987,0,Normal
TR00725,63.1018,1.8668,6.9277,1377.4837,37.0129,0,Normal
TR00726,73.4518,2.6385,7.8406,1584.0754,46.3993,0,Normal
TR00727,68.4198,2.1771,7.6661,1525.6037,46.2792,0,Normal
TR00728,70.159,2.4045,7.7441,1568.162,46.5177,0,Normal
TR00729,63.6304,1.6272,7.0919,1352.3144,38.6178,0,Normal
TR00730,63.4968,1.8307,6.7248,1361.1379,30.9237,0,Normal
TR00731,67.2341,2.3547,7.8506,1501.8524,46.9307,0,Normal
TR00732,67.5766,1.9969,7.2297,1507.4734,42.1577,0,Normal
TR00733,69.2997,2.274,7.8366,1536.0968,44.8385,0,Normal
TR00734,69.3524,1.9315,7.4978,1466.1203,37.7665,0,Normal
TR00735,67.0162,2.0887,7.5897,1521.7051,45.1186,0,Normal
TR00736,71.7098,1.9449,7.3185,1456.192,44.5153,0,Normal
TR00737,71.9845,2.5612,7.6965,1530.3657,50.9828,0,Normal
TR00738,70.105,2.5339,7.6071,1487.3878,49.4633,0,Normal
TR00739,58.3576,1.7108,6.8377,1329.6794,30.1643,0,Normal
TR00740,54.8713,1.7808,6.5735,1201.6095,25.1843,0,Normal
TR00741,70.9148,2.3665,7.4244,1589.8232,45.5007,0,Normal
TR00742,74.3469,3.002,7.9952,1617.6957,52.9613,0,Normal
TR00743,60.4825,1.7529,7.0298,1393.9169,33.654,0,Normal
TR00744,54.4042,1.588,6.6715,1242.5767,33.1676,0,Normal
TR00745,67.8316,2.0581,7.345,1488.118,43.7989,0,Normal
TR00746,69.5952,2.4463,7.7831,1636.1978,48.7762,0,Normal
TR00747,75.9936,2.7897,7.8862,1728.7484,53.0093,0,Normal
TR00748,69.0484,2.2344,7.2199,1568.7676,46.8094,0,Normal
TR00749,64.4989,2.3083,7.335,1452.782,39.5498,0,Normal
TR00750,66.9575,1.8751,7.1705,1351.0426,35.3824,0,Normal
TR00751,68.1611,2.1521,7.3721,1506.3541,43.6056,0,Normal
TR00752,66.8855,1.8466,7.1116,1443.0465,39.738,0,Normal
TR00753,59.5241,1.8708,7.059,1393.0364,33.6457,0,Normal
TR00754,77.4764,2.6905,7.8827,1672.9698,56.6365,0,Normal
TR00755,77.6704,2.5261,7.8605,1661.39,53.4628,0,Normal
TR00756,72.0633,2.301,7.6775,1605.0303,50.4599,0,Normal
TR00757,64.8461,2.3047,7.2127,1391.9304,35.016,0,Normal
TR00758,70.2812,2.3091,7.6412,1587.0573,44.8976,0,Normal
TR00759,70.8106,2.0296,7.5522,1526.8889,49.9747,0,Normal
TR00760,69.2463,2.1071,7.8676,1479.4523,48.2791,0,Normal
TR00761,74.794,2.4656,7.8938,1668.0823,52.0672,0,Normal
TR00762,70.151,2.389,7.6766,1633.8379,45.2767,0,Normal
TR00763,71.3605,2.4219,7.5999,1573.3612,46.1494,0,Normal
TR00764,70.8869,2.4129,7.5275,1500.5354,49.181,0,Normal
TR00765,68.4502,2.0862,7.1695,1488.7213,43.4367,0,Normal
TR00766,59.5984,1.6262,6.9307,1310.5399,29.0149,0,Normal
TR00767,68.8639,1.9674,7.501,1535.7193,46.6625,0,Normal
TR00768,64.9483,1.8216,7.1767,1379.1487,38.2799,0,Normal
TR00769,60.57,1.5509,6.9301,1341.2651,37.5716,0,Normal
TR00770,78.1792,2.3906,8.1064,1663.4484,49.8553,0,Normal
TR00771,76.5663,2.8103,7.7564,1691.8048,54.3785,0,Normal
TR00772,74.5159,2.6317,7.7813,1610.6921,55.3913,0,Normal
TR00773,69.5156,2.3524,7.3075,1452.0639,43.7243,0,Normal
TR00774,78.0771,2.5123,8.1562,1643.5576,50.1983,0,Normal
TR00775,65.65,2.2434,7.5443,1520.6334,39.5093,0,Normal
TR00776,70.4403,1.8438,7.1185,1498.403,45.6993,0,Normal
TR00777,58.9062,1.9273,6.7751,1379.3689,33.1982,0,Normal
TR00778,70.4554,2.251,7.5178,1505.0769,44.3719,0,Normal
TR00779,71.1492,2.231,7.3455,1456.7385,39.6766,0,Normal
TR00780,62.1058,1.7776,6.7322,1379.1464,36.9579,0,Normal
TR00781,68.0409,1.907,7.6932,1488.1867,44.208,0,Normal
TR00782,66.5766,1.8064,7.4221,1488.7913,41.4123,0,Normal
TR00783,77.4032,2.5111,8.1051,1721.318,51.145,0,Normal
TR00784,72.1962,2.4699,7.6023,1536.9729,51.1914,0,Normal
TR00785,66.6448,2.2277,7.5196,1461.8809,41.2693,0,Normal
TR00786,68.7719,1.9284,7.4262,1511.6503,41.1857,0,Normal
TR00787,68.587,1.9367,7.3701,1464.8913,38.4107,0,Normal
TR00788,65.5639,1.9089,7.4267,1486.1038,39.2599,0,Normal
TR00789,60.9201,1.711,6.7605,1359.7862,31.764,0,Normal
TR00790,64.7661,1.8095,7.6027,1429.4009,39.648,0,Normal
TR00791,64.8236,1.6202,7.168,1403.9617,38.7881,0,Normal
TR00792,62.4799,1.577,7.1673,1354.6787,33.0471,0,Normal
TR00793,71.0753,2.2689,7.4069,1566.3922,46.1055,0,Normal
TR00794,71.7719,2.0049,7.3892,1534.8427,42.9519,0,Normal
TR00795,58.8673,1.5431,6.5887,1308.5358,30.5298,0,Normal
TR00796,68.0677,2.2537,7.3971,1478.3283,45.4285,0,Normal
TR00797,73.7246,2.1644,7.7591,1577.9609,47.7054,0,Normal
TR00798,73.3432,2.3806,7.6964,1566.1508,49.7307,0,Normal
TR00799,72.3789,2.5922,7.5968,1597.8222,45.2238,0,Normal
TR00800,72.1878,2.0364,7.211,1472.4265,45.5972,0,Normal
TR00801,62.7923,1.7432,7.0965,1450.414,35.4574,0,Normal
TR00802,61.1662,1.9843,6.9462,1413.188,37.2671,0,Normal
TR00803,70.5732,2.1483,7.4109,1538.3329,43.9689,0,Normal
TR00804,70.4256,2.4126,7.7803,1533.0707,45.8108,0,Normal
TR00805,72.1655,2.5634,7.8374,1612.0912,51.8439,0,Normal
TR00806,75.7407,2.3683,7.9882,1551.3585,48.1545,0,Normal
TR00807,67.1429,2.1467,7.2684,1458.55,43.5427,0,Normal
TR00808,59.5305,1.7844,7.0037,1352.9074,32.2429,0,Normal
TR00809,68.4805,2.188,7.2794,1454.5248,41.6373,0,Normal
TR00810,70.2558,2.0665,7.2044,1519.243,42.5536,0,Normal
TR00811,64.673,2.0468,7.5578,1491.0278,41.4555,0,Normal
TR00812,68.1939,1.9156,7.1761,1395.0957,37.2273,0,Normal
TR00813,70.5008,2.3026,7.6079,1482.6453,43.7537,0,Normal
TR00814,65.3611,1.7643,7.1033,1477.8644,36.3599,0,Normal
TR00815,67.5965,2.0946,7.1538,1441.0374,38.4622,0,Normal
TR00816,69.9063,2.2774,7.3703,1499.0256,44.1217,0,Normal
TR00817,65.8591,1.7424,7.4571,1434.0384,38.1987,0,Normal
TR00818,68.0808,2.3907,7.5353,1502.036,43.4656,0,Normal
TR00819,70.468,2.5841,7.5543,1509.7915,44.0706,0,Normal
TR00820,62.9329,1.9385,7.2185,1376.9039,33.2377,0,Normal
TR00821,65.524,2.2125,7.4166,1518.1944,38.5887,0,Normal
TR00822,74.0545,2.5467,8.0257,1637.6081,49.1333,0,Normal
TR00823,62.1911,1.4523,6.7658,1381.1726,39.6071,0,Normal
TR00824,56.8678,1.1331,6.5479,1198.7246,30.5718,0,Normal
TR00825,55.9182,1.5874,6.5877,1267.5348,30.4988,0,Normal
TR00826,65.5021,2.0022,7.5266,1526.0651,44.7679,0,Normal
TR00827,69.178,1.9447,7.4381,1497.3274,37.8466,0,Normal
TR00828,62.705,2.0534,7.1364,1314.0318,35.6086,0,Normal
TR00829,74.6835,2.5751,7.7948,1631.0807,49.0138,0,Normal
TR00830,53.2407,1.0367,6.2254,1266.4881,21.5937,0,Normal
TR00831,72.4137,2.138,7.5301,1451.7163,44.053,0,Normal
TR00832,75.2312,2.8402,7.6816,1697.1296,52.6018,0,Normal
TR00833,63.3226,1.5681,7.0899,1264.5646,36.6943,0,Normal
TR00834,65.3106,2.1426,7.3275,1472.9503,37.0271,0,Normal
TR00835,64.2897,1.7869,7.4418,1400.6436,37.9854,0,Normal
TR00836,64.6757,1.9299,7.2226,1303.8447,36.2184,0,Normal
TR00837,65.4708,2.1996,7.2181,1461.3573,40.6438,0,Normal
TR00838,77.2167,2.6617,8.0305,1670.1653,50.1352,0,Normal
TR00839,75.7658,2.8149,7.8195,1685.6616,56.9859,0,Normal
TR00840,66.7834,1.7919,7.1284,1465.1953,39.5887,0,Normal
TR00841,79.5671,2.872,8.1201,1665.6227,58.2861,0,Normal
TR00842,69.3731,1.9572,7.0671,1418.5869,40.4924,0,Normal
TR00843,80.5688,2.6728,8.0078,1688.3528,55.0332,0,Normal
TR00844,66.1407,2.1185,7.2041,1531.445,41.2623,0,Normal
TR00845,66.199,2.2266,7.4621,1533.2964,42.1308,0,Normal
TR00846,68.1107,2.2703,7.3555,1448.7992,45.7667,0,Normal
TR00847,85.7188,2.9018,8.5805,1760.7583,62.0044,0,Normal
TR00848,73.3229,2.1124,7.701,1539.7761,41.677,0,Normal
TR00849,64.5063,2.0448,7.3765,1349.9831,30.6645,0,Normal
TR00850,71.0175,2.4241,7.7402,1583.2914,51.0978,0,Normal
TR00851,67.4988,2.1983,7.1504,1455.7771,42.3547,0,Normal
TR00852,63.2488,1.945,7.1891,1378.5174,42.9688,0,Normal
TR00853,74.8108,2.1197,7.5029,1602.6026,47.8673,0,Normal
TR00854,73.305,2.2832,7.4759,1504.3026,39.3583,0,Normal
TR00855,70.1082,2.1169,7.5919,1490.0649,42.8877,0,Normal
TR00856,69.1223,2.1658,7.8,1475.4302,42.116,0,Normal
TR00857,68.8631,2.0844,7.4183,1447.0982,41.9723,0,Normal
TR00858,66.9514,2.5235,7.5059,1512.9922,48.3891,0,Normal
TR00859,56.8429,1.3611,6.6299,1276.8769,34.3366,0,Normal
TR00860,69.499,2.2392,7.6672,1555.8963,47.3849,0,Normal
TR00861,60.2889,1.8247,7.1174,1390.1487,35.593,0,Normal
TR00862,63.6003,1.4707,6.8867,1337.1071,29.7761,0,Normal
TR00863,68.1874,2.142,7.5534,1464.6148,45.0225,0,Normal
TR00864,69.1201,2.4153,7.3307,1498.8348,42.7138,0,Normal
TR00865,63.8375,1.8037,7.3151,1442.253,36.856,0,Normal
TR00866,72.0102,2.4204,7.777,1563.9159,48.4603,0,Normal
TR00867,62.7569,1.2024,6.9283,1350.1874,31.9873,0,Normal
TR00868,65.8257,1.9709,7.2072,1430.7549,39.678,0,Normal
TR00869,65.9139,1.8682,7.5836,1395.9517,35.0249,0,Normal
TR00870,67.4049,1.9387,7.253,1493.4091,44.0888,0,Normal
TR00871,68.8342,2.3783,7.5453,1489.8478,43.5829,0,Normal
TR00872,60.2265,1.7389,6.9272,1387.6864,37.9981,0,Normal
TR00873,68.2063,2.2853,7.9392,1557.0386,46.2653,0,Normal
TR00874,67.8568,2.051,7.5639,1475.9775,42.1099,0,Normal
TR00875,58.2636,1.1874,6.6293,1269.8606,27.0353,0,Normal
TR00876,55.5003,1.3087,6.7965,1256.5637,30.9406,0,Normal
TR00877,67.8739,2.2693,7.4369,1421.1034,39.9931,0,Normal
TR00878,66.9477,1.6539,7.24,1470.1998,39.4936,0,Normal
TR00879,63.5814,1.931,7.4851,1477.245,41.3301,0,Normal
TR00880,66.2073,2.0197,7.4525,1506.8003,42.0848,0,Normal
TR00881,69.906,2.4815,7.5135,1485.0828,39.7127,0,Normal
TR00882,73.6245,2.5226,7.725,1645.8416,47.6519,0,Normal
TR00883,60.1456,1.6664,7.0801,1350.0432,36.5273,0,Normal
TR00884,62.191,1.9832,7.0265,1326.3141,33.5498,0,Normal
TR00885,64.155,1.6387,7.0268,1330.422,34.399,0,Normal
TR00886,70.9011,2.3683,7.3986,1449.649,44.2353,0,Normal
TR00887,74.3022,2.2289,8.1067,1664.3615,49.815,0,Normal
TR00888,64.9147,2.1638,7.081,1482.6967,36.9292,0,Normal
TR00889,53.8583,1.2764,6.5928,1238.3476,25.659,0,Normal
TR00890,59.9813,1.4037,6.7524,1269.7176,33.111,0,Normal
TR00891,64.0194,1.811,7.39,1455.9255,34.2727,0,Normal
TR00892,66.2327,1.9826,7.0602,1409.1283,37.5509,0,Normal
TR00893,66.1138,1.8884,7.1394,1427.7033,36.3059,0,Normal
TR00894,69.6744,2.2113,7.2583,1534.3551,44.3218,0,Normal
TR00895,66.5492,1.9015,7.3426,1470.3285,39.7705,0,Normal
TR00896,74.869,2.5265,7.5476,1667.2193,46.9503,0,Normal
TR00897,66.0522,1.9768,7.0868,1417.7235,37.8089,0,Normal
TR00898,62.0678,1.8303,6.7538,1375.5605,33.747,0,Normal
TR00899,67.2355,2.1642,7.6061,1508.8688,42.839,0,Normal
TR00900,62.7929,1.6666,6.7825,1254.1127,28.806,0,Normal
TR00901,70.4884,2.316,7.2983,1511.1668,42.1861,0,Normal
TR00902,65.4472,2.5019,7.6096,1530.8289,45.6527,0,Normal
TR00903,65.9484,2.2249,7.1392,1485.4777,39.4288,0,Normal
TR00904,77.6484,2.7522,8.0834,1647.4798,53.3495,0,Normal
TR00905,64.2611,2.4693,7.0701,1379.8455,36.1158,0,Normal
TR00906,77.7918,2.811,8.3774,1704.2719,57.0629,0,Normal
TR00907,69.3493,2.1196,7.441,1491.7782,38.2773,0,Normal
TR00908,59.4744,1.8436,6.7918,1360.9884,33.7857,0,Normal
TR00909,66.9269,1.9394,7.2777,1493.1773,42.5708,0,Normal
TR00910,62.784,1.6972,7.1202,1339.1007,40.1256,0,Normal
TR00911,64.7937,1.7834,7.0949,1431.417,38.5005,0,Normal
TR00912,70.958,2.3357,7.5119,1412.0718,43.2763,0,Normal
TR00913,72.5293,2.2353,7.798,1551.7357,47.1184,0,Normal
TR00914,65.1222,1.9382,7.0625,1504.6337,42.6599,0,Normal
TR00915,74.0154,2.592,7.7602,1530.8845,44.8329,0,Normal
TR00916,73.5525,2.6026,7.9579,1593.0904,47.6703,0,Normal
TR00917,75.5816,2.5018,8.0322,1630.5348,50.8148,0,Normal
TR00918,70.9465,2.1382,7.5598,1519.398,44.5236,0,Normal
TR00919,75.477,2.7134,7.831,1659.4331,50.1302,0,Normal
TR00920,59.6104,1.6751,6.4635,1299.052,26.9055,0,Normal
TR00921,67.3461,1.7155,7.1197,1451.9503,43.0223,0,Normal
TR00922,63.5712,1.7835,7.1475,1416.869,33.2347,0,Normal
TR00923,67.1635,2.1656,7.4197,1493.105,42.3345,0,Normal
TR00924,65.1503,2.0688,7.212,1531.2931,40.5864,0,Normal
TR00925,67.0855,2.214,7.5081,1467.8506,40.8536,0,Normal
TR00926,78.135,2.7158,7.8688,1684.4632,52.0795,0,Normal
TR00927,71.0892,2.1544,7.3028,1402.313,37.9297,0,Normal
TR00928,69.2089,2.2357,7.575,1504.4274,44.1837,0,Normal
TR00929,67.5523,1.909,7.206,1495.7699,38.8248,0,Normal
TR00930,70.3169,2.0757,7.6555,1441.2089,42.9436,0,Normal
TR00931,68.2077,2.1052,7.5475,1405.1173,38.9559,0,Normal
TR00932,74.5394,2.2283,7.6033,1528.2051,46.7028,0,Normal
TR00933,73.3791,2.1102,8.0949,1650.3333,49.8287,0,Normal
TR00934,77.1498,2.5227,7.7368,1654.4597,53.1257,0,Normal
TR00935,68.1722,2.203,7.5071,1500.7457,47.1829,0,Normal
TR00936,70.4329,2.2262,7.665,1476.8553,44.8689,0,Normal
TR00937,62.4636,1.7103,6.8509,1374.9881,32.9226,0,Normal
TR00938,69.0664,2.1615,7.4174,1493.9176,40.2237,0,Normal
TR00939,73.4639,2.1879,7.552,1516.3698,47.6883,0,Normal
TR00940,74.7694,2.0667,7.8136,1610.6353,47.4287,0,Normal
TR00941,68.9294,2.1008,7.6433,1529.0184,41.5479,0,Normal
TR00942,72.0113,2.5035,7.7538,1612.7024,43.3108,0,Normal
TR00943,75.4192,2.551,7.2753,1551.9539,43.9559,0,Normal
TR00944,74.9512,2.6009,7.6654,1628.9111,50.5936,0,Normal
TR00945,68.2096,1.9225,7.5916,1528.6079,44.1806,0,Normal
TR00946,64.9007,1.9515,7.2789,1473.0482,42.327,0,Normal
TR00947,68.0496,2.2469,7.0865,1451.6068,48.485,0,Normal
TR00948,54.4467,1.2528,6.5731,1119.7505,24.6217,0,Normal
TR00949,69.3351,2.3119,7.5559,1494.4427,47.5303,0,Normal
TR00950,49.2575,0.8404,5.992,1092.3729,19.9722,0,Normal
TR00951,58.9237,1.5947,6.956,1312.6211,34.5593,0,Normal
TR00952,71.6659,2.3112,7.4497,1538.7996,49.0084,0,Normal
TR00953,68.959,2.3919,7.457,1569.2393,47.1965,0,Normal
TR00954,60.0193,1.6062,7.0505,1398.1423,35.9982,0,Normal
TR00955,64.7008,1.8242,7.4357,1374.6958,36.9198,0,Normal
TR00956,76.2085,2.0245,8.1395,1632.257,50.8176,0,Normal
TR00957,66.0816,1.8429,7.2881,1399.5027,38.1106,0,Normal
TR00958,78.2062,2.6785,8.259,1708.918,57.9457,0,Normal
TR00959,69.2095,1.9159,7.526,1491.0611,40.4028,0,Normal
TR00960,68.7828,2.2522,7.3417,1403.5389,44.2318,0,Normal
TR00961,75.469,2.575,8.069,1734.1654,47.3283,0,Normal
TR00962,66.9822,1.7326,7.3284,1513.5822,46.6425,0,Normal
TR00963,65.1299,1.8381,7.1001,1353.9043,34.9997,0,Normal
TR00964,68.5696,1.9,7.3252,1535.9366,42.289,0,Normal
TR00965,68.9038,2.1767,7.4677,1464.1008,44.9757,0,Normal
TR00966,63.1483,1.4598,6.9412,1341.3403,33.7898,0,Normal
TR00967,71.7324,2.0287,6.8188,1436.0886,43.5146,0,Normal
TR00968,61.064,1.8264,7.1689,1459.8895,34.4439,0,Normal
TR00969,71.4776,2.4319,7.8263,1573.3831,53.2826,0,Normal
TR00970,67.0709,2.1328,7.4835,1488.8662,44.6166,0,Normal
TR00971,64.998,1.9692,7.2846,1492.4388,40.6221,0,Normal
TR00972,65.5082,1.7916,7.6256,1489.3308,44.445,0,Normal
TR00973,68.6209,1.901,7.5279,1501.5256,40.8793,0,Normal
TR00974,69.0175,2.1799,7.6859,1583.6292,45.3743,0,Normal
TR00975,63.4046,1.7986,7.2172,1463.8771,38.6792,0,Normal
TR00976,62.6768,1.678,7.0935,1381.7427,31.1221,0,Normal
TR00977,74.6102,2.5439,7.643,1600.0779,50.4134,0,Normal
TR00978,66.7698,1.926,6.8655,1442.6766,40.4906,0,Normal
TR00979,61.7178,1.5012,6.8278,1377.0966,37.1228,0,Normal
TR00980,69.6357,2.1831,7.6771,1505.6284,41.4023,0,Normal
TR00981,74.2276,2.2797,7.5057,1518.9127,48.5531,0,Normal
TR00982,60.4623,1.6993,6.9924,1265.4644,30.8195,0,Normal
TR00983,65.8408,2.507,7.5041,1462.6602,42.5082,0,Normal
TR00984,70.0208,2.2003,7.8635,1539.1132,44.0929,0,Normal
TR00985,66.8139,2.1991,7.4838,1517.3528,42.0402,0,Normal
TR00986,71.3175,2.3663,7.696,1608.276,46.9956,0,Normal
TR00987,60.4786,1.6745,6.9894,1351.3115,30.4251,0,Normal
TR00988,68.8782,2.1092,7.7561,1482.8365,45.7804,0,Normal
TR00989,70.046,1.7303,7.021,1422.7456,38.5744,0,Normal
TR00990,66.4777,1.8632,7.1577,1477.4232,36.1932,0,Normal
TR00991,73.8339,2.1679,7.8405,1610.8397,46.4974,0,Normal
TR00992,74.0163,2.233,8.1651,1636.3091,52.356,0,Normal
TR00993,75.5323,2.4951,8.0664,1652.9204,53.0532,0,Normal
TR00994,74.9033,2.306,7.8134,1657.4275,50.6215,0,Normal
TR00995,67.7408,2.1722,7.4827,1433.7115,42.8184,0,Normal
TR00996,66.4928,2.314,7.6624,1530.7567,46.674,0,Normal
TR00997,71.6629,2.1673,7.6108,1640.0595,46.3021,0,Normal
TR00998,68.6555,2.0895,7.4953,1499.9111,40.4904,0,Normal
TR00999,68.2927,1.8047,7.6347,1466.5839,43.0174,0,Normal
TR01000,70.8194,2.2581,7.9908,1580.857,48.3898,0,Normal
TR01001,66.7206,2.154,7.4981,1457.325,38.4011,0,Normal
TR01002,63.8894,2.0297,7.1518,1354.6308,35.3003,0,Normal
TR01003,66.0082,1.8473,7.2463,1461.0166,37.7237,0,Normal
TR01004,72.385,2.4795,7.7111,1585.6848,45.6632,0,Normal
TR01005,69.9611,1.8281,7.3825,1469.4326,40.3452,0,Normal
TR01006,69.2393,1.9775,7.5494,1502.5188,45.7669,0,Normal
TR01007,70.6633,2.4288,7.4653,1516.7035,42.8242,0,Normal
TR01008,66.8386,2.2883,7.4763,1435.3939,36.0881,0,Normal
TR01009,73.032,2.4157,7.4823,1539.7232,46.1811,0,Normal
TR01010,69.1884,2.2064,7.4635,1484.3923,44.076,0,Normal
TR01011,63.0017,1.3344,6.9834,1416.5705,30.7735,0,Normal
TR01012,77.2632,2.1687,8.2234,1647.7693,50.0401,0,Normal
TR01013,67.7212,1.9731,7.1571,1447.4556,37.8629,0,Normal
TR01014,62.5945,1.539,6.7142,1337.134,30.3766,0,Normal
TR01015,61.0062,1.5874,6.9461,1397.2567,35.5414,0,Normal
TR01016,62.7156,1.8055,7.3081,1358.3314,33.9077,0,Normal
TR01017,68.2916,2.1364,6.9683,1495.0175,45.5904,0,Normal
TR01018,66.3994,2.1878,7.1437,1441.8296,41.294,0,Normal
TR01019,65.0798,2.0235,7.7191,1459.9789,38.0349,0,Normal
TR01020,68.5484,2.507,7.7114,1557.0279,46.236,0,Normal
TR01021,69.9342,2.2034,7.342,1502.2938,44.482,0,Normal
TR01022,68.2604,2.1741,7.5039,1466.6596,46.7267,0,Normal
TR01023,70.2859,2.4145,7.5542,1528.1503,43.343,0,Normal
TR01024,69.7746,2.1087,7.751,1537.5447,47.693,0,Normal
TR01025,55.0593,1.9742,6.9565,1192.5019,28.3904,0,Normal
TR01026,66.5267,2.0582,7.3346,1459.5021,42.9126,0,Normal
TR01027,56.9346,1.5145,6.5506,1284.8649,30.6686,0,Normal
TR01028,69.2302,2.2053,7.5386,1572.2788,42.6677,0,Normal
TR01029,71.9105,2.4365,7.2867,1465.8216,41.3929,0,Normal
TR01030,73.9359,2.5563,7.6006,1570.926,49.9105,0,Normal
TR01031,75.0488,2.1674,7.5341,1565.8719,49.3226,0,Normal
TR01032,67.1148,2.4135,7.2206,1508.5938,47.0147,0,Normal
TR01033,63.0817,1.8885,7.0814,1434.5432,38.9203,0,Normal
TR01034,73.3719,2.2648,7.3814,1502.5465,44.2611,0,Normal
TR01035,63.5926,1.7114,7.2653,1418.4461,37.5574,0,Normal
TR01036,66.1137,2.1943,7.2076,1410.6005,39.3223,0,Normal
TR01037,73.0575,2.2786,7.2422,1615.9675,49.6343,0,Normal
TR01038,64.9372,1.9507,7.0378,1394.4602,36.5705,0,Normal
TR01039,70.565,2.2906,7.6065,1563.3833,49.6528,0,Normal
TR01040,70.9735,2.6497,7.5402,1501.1929,43.5587,0,Normal
TR01041,65.248,2.1704,7.3089,1359.3645,36.0738,0,Normal
TR01042,71.6135,2.4005,7.6427,1572.4732,50.8608,0,Normal
TR01043,69.1239,2.3211,7.7854,1552.9543,41.8057,0,Normal
TR01044,70.2267,2.0634,7.4326,1507.4929,47.1027,0,Normal
TR01045,64.9221,2.0704,7.1264,1450.3237,36.1093,0,Normal
TR01046,62.4152,1.783,6.9656,1415.4283,36.7256,0,Normal
TR01047,62.3563,1.8629,7.2024,1457.2212,39.7624,0,Normal
TR01048,69.4812,2.4389,7.4675,1587.5861,47.1243,0,Normal
TR01049,62.9323,1.7164,7.0927,1399.5991,36.391,0,Normal
TR01050,72.3733,2.2245,7.5153,1524.654,47.0381,0,Normal
TR01051,59.677,1.4428,6.8142,1384.9346,35.0705,0,Normal
TR01052,66.7867,2.1655,7.4873,1496.1281,44.5475,0,Normal
TR01053,69.7854,2.4823,7.5067,1514.2128,43.8618,0,Normal
TR01054,76.4284,2.9634,8.1841,1685.8267,62.2155,0,Normal
TR01055,62.6988,1.9499,6.9412,1305.9308,35.0298,0,Normal
TR01056,73.5261,2.3893,7.9018,1624.9416,47.5954,0,Normal
TR01057,69.3768,2.1875,7.3136,1523.0202,48.7184,0,Normal
TR01058,70.5821,2.0536,7.5552,1522.4259,43.4091,0,Normal
TR01059,70.5677,2.0945,7.3421,1532.2169,46.0595,0,Normal
TR01060,71.3042,2.3724,7.4045,1572.7296,44.9497,0,Normal
TR01061,62.9217,2.0722,7.0866,1505.834,43.3354,0,Normal
TR01062,74.1485,2.2819,7.8515,1674.8692,49.9367,0,Normal
TR01063,65.8751,1.7264,7.331,1395.7757,40.4096,0,Normal
TR01064,73.5367,2.1911,7.6851,1615.7769,48.8025,0,Normal
TR01065,65.509,1.9952,7.5778,1391.0779,41.2854,0,Normal
TR01066,69.1076,2.4534,7.5206,1415.9562,42.5734,0,Normal
TR01067,63.521,2.0237,7.2335,1357.3824,37.0913,0,Normal
TR01068,69.9804,1.8952,7.6865,1574.1433,40.1967,0,Normal
TR01069,72.1912,2.7893,8.2023,1647.8642,51.2051,0,Normal
TR01070,66.7779,2.2453,7.247,1542.5009,42.4004,0,Normal
TR01071,67.7257,1.7628,6.9214,1465.5301,41.2122,0,Normal
TR01072,60.2412,1.711,6.9385,1448.6383,36.8695,0,Normal
TR01073,67.944,2.2284,7.4091,1462.1375,39.7046,0,Normal
TR01074,61.3526,1.7212,6.8668,1313.5434,31.7542,0,Normal
TR01075,63.4814,1.5905,7.1246,1339.3692,38.665,0,Normal
TR01076,63.6645,2.278,7.6907,1542.6822,38.461,0,Normal
TR01077,72.5583,2.111,7.9228,1600.922,51.8702,0,Normal
TR01078,86.003,2.9027,8.511,1752.3205,59.5253,0,Normal
TR01079,63.966,2.1289,7.0444,1463.2516,36.1801,0,Normal
TR01080,71.8921,2.5339,7.7271,1671.2443,52.0698,0,Normal
TR01081,71.491,2.0833,7.7436,1545.2158,46.2848,0,Normal
TR01082,67.2376,2.2147,7.3632,1451.4423,43.303,0,Normal
TR01083,72.2384,2.4052,7.4517,1523.6383,44.5146,0,Normal
TR01084,68.8205,2.3544,7.3222,1484.4063,44.3291,0,Normal
TR01085,69.3995,2.2905,7.3348,1518.9797,44.6273,0,Normal
TR01086,66.5301,2.1721,7.1436,1491.4998,39.1536,0,Normal
TR01087,61.9853,1.8125,6.7054,1346.0836,31.3875,0,Normal
TR01088,64.0725,1.6847,6.6197,1387.0405,30.5689,0,Normal
TR01089,73.1447,2.3121,7.5974,1579.9925,48.0894,0,Normal
TR01090,63.7165,1.9743,7.2083,1442.7285,40.1087,0,Normal
TR01091,65.7043,1.7029,7.3685,1446.4156,35.8238,0,Normal
TR01092,70.0989,1.9306,7.4499,1540.601,38.3486,0,Normal
TR01093,74.2985,2.2877,7.7207,1633.408,48.9971,0,Normal
TR01094,68.17,2.1976,7.3442,1540.4794,41.9695,0,Normal
TR01095,66.6854,2.1625,7.151,1412.0128,38.4625,0,Normal
TR01096,76.0467,2.4604,7.887,1601.1765,52.6983,0,Normal
TR01097,80.8423,2.7544,8.0673,1665.9769,49.3851,0,Normal
TR01098,69.2217,2.4426,7.5581,1590.5176,45.1153,0,Normal
TR01099,72.1497,2.3504,7.9134,1597.4166,47.9533,0,Normal
TR01100,73.9072,2.5796,7.836,1626.3144,50.9082,0,Normal
TR01101,72.9941,2.3952,7.9224,1600.4594,52.0718,0,Normal
TR01102,69.5913,2.5222,7.5366,1533.0042,43.0669,0,Normal
TR01103,66.1386,2.394,7.3194,1537.1517,47.1428,0,Normal
TR01104,69.9198,2.0416,7.6248,1539.3043,47.6471,0,Normal
TR01105,62.9587,1.7999,7.132,1424.913,34.4573,0,Normal
TR01106,70.756,2.6069,7.7373,1545.1859,46.2523,0,Normal
TR01107,64.4335,1.6606,6.993,1339.481,34.1078,0,Normal
TR01108,63.8922,1.9422,7.0661,1366.2788,37.5937,0,Normal
TR01109,77.1024,2.5893,7.7272,1641.9564,51.7543,0,Normal
TR01110,72.8397,2.1655,7.7824,1616.0569,48.6962,0,Normal
TR01111,77.222,2.6381,7.9888,1693.0342,49.5077,0,Normal
TR01112,67.0899,1.7676,7.2152,1458.5919,42.4127,0,Normal
TR01113,64.4721,1.6417,7.1742,1379.1163,37.0773,0,Normal
TR01114,66.8504,2.2215,7.1746,1449.3798,40.8465,0,Normal
TR01115,69.4236,2.1948,7.3423,1509.1939,39.3761,0,Normal
TR01116,69.0701,2.0689,7.6895,1499.2826,42.261,0,Normal
TR01117,73.3762,2.5205,7.9358,1601.0757,49.7966,0,Normal
TR01118,66.8504,1.9808,7.2163,1446.888,37.1336,0,Normal
TR01119,73.8525,2.2079,7.5692,1532.7809,43.4959,0,Normal
TR01120,62.3724,1.9216,7.0787,1365.8988,32.4733,0,Normal
TR01121,71.0967,2.1042,7.1183,1518.7959,46.2631,0,Normal
TR01122,70.2802,2.1082,7.2561,1540.0841,42.3853,0,Normal
TR01123,66.1534,1.8188,7.1294,1496.1387,33.5055,0,Normal
TR01124,66.7948,1.7438,7.2604,1413.0851,41.2403,0,Normal
TR01125,62.7522,1.8791,7.3751,1416.5801,40.6785,0,Normal
TR01126,67.5253,2.3012,7.4862,1418.1334,41.3801,0,Normal
TR01127,73.2159,2.7007,7.9685,1662.3757,52.6523,0,Normal
TR01128,70.134,1.8322,7.1963,1501.0155,39.5968,0,Normal
TR01129,67.0368,1.7496,7.3666,1475.0848,38.7188,0,Normal
TR01130,58.8927,1.4506,6.6136,1265.7887,27.1826,0,Normal
TR01131,61.7263,2.1128,7.0621,1404.621,36.2291,0,Normal
TR01132,63.8375,1.9875,7.2612,1428.1543,40.6155,0,Normal
TR01133,64.9029,2.1295,7.5186,1399.4412,37.1224,0,Normal
TR01134,75.1244,2.5779,7.5251,1624.376,50.0498,0,Normal
TR01135,66.2576,2.1353,7.2801,1407.234,40.1548,0,Normal
TR01136,74.8523,2.2461,7.8504,1574.6408,55.8919,0,Normal
TR01137,73.3022,2.2873,7.2966,1447.2242,40.7055,0,Normal
TR01138,69.6957,2.0509,7.557,1510.6527,41.0144,0,Normal
TR01139,69.4274,2.2287,7.499,1479.2638,48.6693,0,Normal
TR01140,69.5388,1.9546,7.3937,1501.7857,42.9509,0,Normal
TR01141,79.6008,2.6475,7.9583,1596.0856,50.1362,0,Normal
TR01142,55.5959,1.4675,6.5702,1184.516,28.7764,0,Normal
TR01143,53.8934,1.4718,6.6827,1293.0502,26.9879,0,Normal
TR01144,64.8361,2.0099,7.1974,1325.7136,40.4693,0,Normal
TR01145,69.5367,2.0564,7.375,1524.3875,41.6303,0,Normal
TR01146,69.8429,2.1902,7.6819,1488.6449,45.5181,0,Normal
TR01147,70.1426,2.5309,7.6861,1559.1912,48.6152,0,Normal
TR01148,64.7567,2.1735,7.0687,1408.5537,40.7485,0,Normal
TR01149,76.0027,2.2688,7.5886,1623.7112,50.7644,0,Normal
TR01150,74.706,2.5114,7.4808,1700.4561,49.6531,0,Normal
TR01151,70.1299,2.0215,7.603,1419.7649,42.2186,0,Normal
TR01152,74.1247,2.1756,7.777,1605.4172,49.6023,0,Normal
TR01153,69.3507,2.3679,7.5763,1445.3421,46.4325,0,Normal
TR01154,65.4359,1.6248,6.9748,1435.9812,38.6468,0,Normal
TR01155,69.4953,2.4762,7.9298,1546.0337,50.4994,0,Normal
TR01156,64.6396,2.0877,7.3413,1496.1568,44.5901,0,Normal
TR01157,68.2771,2.0623,7.4274,1448.2317,42.4751,0,Normal
TR01158,76.2425,2.6156,8.0522,1661.9791,52.1275,0,Normal
TR01159,57.4321,1.4694,6.3843,1171.9659,26.3713,0,Normal
TR01160,63.4564,1.526,6.8164,1374.6005,30.0323,0,Normal
TR01161,64.6532,1.8731,7.0132,1341.0338,34.0859,0,Normal
TR01162,64.3146,2.0114,7.7301,1392.7635,40.1254,0,Normal
TR01163,66.042,1.7975,7.3591,1509.0889,39.4297,0,Normal
TR01164,61.0265,1.6172,7.1295,1319.3738,32.9453,0,Normal
TR01165,67.4346,2.0531,7.2481,1443.3257,35.6433,0,Normal
TR01166,66.1878,2.1435,7.1576,1432.3591,38.1067,0,Normal
TR01167,82.7935,2.9663,8.1018,1710.0944,59.4321,0,Normal
TR01168,76.671,2.4263,8.2002,1666.2083,54.0791,0,Normal
TR01169,64.2691,2.0648,7.0162,1441.0026,36.3158,0,Normal
TR01170,67.5294,2.1441,7.5289,1495.2444,43.5763,0,Normal
TR01171,60.0429,1.8859,7.0298,1374.6467,34.218,0,Normal
TR01172,57.6485,1.6689,6.3081,1285.8165,29.4192,0,Normal
TR01173,67.1856,2.1303,7.3046,1460.7318,40.4867,0,Normal
TR01174,65.6784,1.7876,7.1554,1373.456,34.4395,0,Normal
TR01175,66.9203,1.965,7.3324,1516.7514,44.8454,0,Normal
TR01176,55.2883,1.2783,6.9543,1312.1081,34.648,0,Normal
TR01177,64.9457,1.9325,6.9973,1386.1678,38.0248,0,Normal
TR01178,67.5146,2.1781,7.2431,1475.8481,42.7296,0,Normal
TR01179,69.981,2.3102,7.5167,1499.0702,45.7424,0,Normal
TR01180,70.0148,1.9845,7.5512,1474.7612,44.8759,0,Normal
TR01181,60.6408,1.82,6.8821,1315.0855,32.9983,0,Normal
TR01182,73.867,2.7262,7.8955,1622.1867,48.2993,0,Normal
TR01183,61.0797,1.8741,6.9839,1388.7468,35.8281,0,Normal
TR01184,70.3602,2.2788,7.6716,1571.1045,46.6686,0,Normal
TR01185,69.1759,2.1524,7.4072,1392.1265,42.3801,0,Normal
TR01186,59.7374,2.0529,6.6692,1355.3702,34.3799,0,Normal
TR01187,63.4599,1.8209,7.0783,1441.1519,38.5826,0,Normal
TR01188,71.1033,2.2462,7.5298,1501.5128,45.9372,0,Normal
TR01189,73.209,2.14,7.9315,1550.695,43.9904,0,Normal
TR01190,67.1859,1.9592,7.4433,1447.8424,39.8239,0,Normal
TR01191,72.4357,2.5506,7.66,1566.5012,50.7929,0,Normal
TR01192,74.5098,2.6448,7.255,1618.0673,46.1903,0,Normal
TR01193,63.6776,2.3472,7.4275,1461.5569,42.5662,0,Normal
TR01194,72.4565,2.4057,7.6471,1547.7748,44.7439,0,Normal
TR01195,76.4583,2.6124,8.2594,1649.2318,53.032,0,Normal
TR01196,76.1068,3.1368,7.9453,1634.4059,57.505,0,Normal
TR01197,60.819,1.6546,7.0262,1358.8963,32.7627,0,Normal
TR01198,62.8521,1.7192,7.2111,1439.1845,35.5636,0,Normal
TR01199,74.562,2.226,7.8481,1643.0273,49.4255,0,Normal
TR01200,63.5566,2.0338,6.9614,1320.4838,36.9537,0,Normal
