transaction_id,amount,transactions_24h,risk_score,geo_distance_km,device_age_days,hour_deviation,is_anomaly,anomaly_type
TST000001,111.9528,6.0,24.7136,15.2817,240.8602,1.3524,0,Normal
TST000002,100.0657,5.0,20.4092,35.5623,267.91,1.3866,0,Normal
TST000003,29.2272,2.0,16.2035,57.4189,179.1473,4.7881,0,Normal
TST000004,191.3895,5.0,22.8905,71.4817,337.678,1.5616,0,Normal
TST000005,2353.4454,3.0,80.809,37.3574,531.3564,0.035,1,Yuksek_Tutar
TST000006,42.1733,1.0,10.3112,19.0964,490.1402,0.629,0,Normal
TST000007,21.5958,72.0,93.5576,5.492,206.8871,1.8187,1,Hizli_Mikro_Islem
TST000008,2124.831,3.0,84.5231,59.357,576.0032,0.9518,1,Yuksek_Tutar
TST000009,3.5893,56.0,87.407,11.8471,260.7526,0.662,1,Hizli_Mikro_Islem
TST000010,132.8483,6.0,84.6662,732.6483,0.8397,10.8102,1,Hesap_Ele_Gecirme
TST000011,4220.0819,2.0,92.1616,24.5609,204.6706,2.3446,1,Yuksek_Tutar
TST000012,80.6827,3.0,15.6533,17.2765,223.1815,1.2002,0,Normal
TST000013,162.9643,1.0,9.9966,10.2389,211.2757,0.6512,0,Normal
TST000014,118.4267,3.0,20.6244,61.5355,406.8636,1.9152,0,Normal
TST000015,151.0816,5.0,33.5201,56.0934,466.0275,1.3693,0,Normal
TST000016,80.6918,6.0,27.0493,24.1374,187.0163,1.6073,0,Normal
TST000017,48.5162,3.0,15.6507,28.9927,248.8229,4.1064,0,Normal
TST000018,61.8439,3.0,23.5993,44.0661,765.2498,0.0304,0,Normal
TST000019,60.0384,11.0,86.6867,793.7627,3.4818,9.9458,1,Hesap_Ele_Gecirme
TST000020,136.6101,8.0,25.4347,132.6356,577.6732,2.7705,0,Normal
TST000021,120.9383,6.0,20.6745,31.7298,427.5325,3.8015,0,Normal
TST000022,440.5645,5.0,34.7662,3.0701,274.9372,0.0335,0,Normal
TST000023,116.9487,7.0,25.1301,33.8602,409.8281,0.7493,0,Normal
TST000024,161.1638,5.0,28.3568,14.6013,584.8843,0.3763,0,Normal
TST000025,181.2577,2.0,17.094,70.1395,245.1216,1.1141,0,Normal
TST000026,3243.5766,3.0,92.9431,37.5951,629.909,0.9529,1,Yuksek_Tutar
TST000027,78.8616,4.0,27.1612,32.9083,376.004,0.1103,0,Normal
TST000028,68.279,4.0,24.6002,14.9522,250.6716,0.8245,0,Normal
TST000029,4357.5906,2.0,97.0343,40.9645,536.5639,8.6538,1,Yuksek_Tutar
TST000030,235.1178,3.0,18.8394,16.129,274.6197,0.1454,0,Normal
TST000031,60.201,3.0,14.4508,34.828,156.3337,0.1025,0,Normal
TST000032,84.3761,5.0,26.6086,4.982,658.9263,2.2973,0,Normal
TST000033,57.4386,4.0,19.9542,40.9645,343.5522,0.819,0,Normal
TST000034,79.5462,2.0,8.8723,18.3205,688.3963,1.8121,0,Normal
TST000035,55.0485,3.0,13.4871,2.7107,576.3712,0.0003,0,Normal
TST000036,98.3484,2.0,17.3351,65.8755,1191.8994,2.4582,0,Normal
TST000037,55.0682,2.0,16.7003,25.6532,501.3536,0.9672,0,Normal
TST000038,63.5051,5.0,20.3895,2.7614,392.8109,0.068,0,Normal
TST000039,152.2613,2.0,25.7426,56.3153,199.6155,1.0918,0,Normal
TST000040,96.0545,4.0,88.9527,911.2469,1.7087,8.9069,1,Hesap_Ele_Gecirme
TST000041,141.454,5.0,29.5424,13.8545,452.8229,1.9453,0,Normal
TST000042,151.7505,4.0,25.9942,80.2219,105.0021,4.4993,0,Normal
TST000043,50.6119,7.0,16.0259,7.0166,459.0665,0.4563,0,Normal
TST000044,48.8653,3.0,87.4608,626.4013,3.2211,9.0828,1,Hesap_Ele_Gecirme
TST000045,38.1284,7.0,23.9168,2191.5606,19.899,0.6165,1,Cografi_Uyumsuzluk
TST000046,169.3646,4.0,23.0432,57.769,308.3018,0.9149,0,Normal
TST000047,63.813,3.0,11.8593,2.0039,233.3685,2.2044,0,Normal
TST000048,114.2147,9.0,28.8041,30.3655,386.8002,2.1512,0,Normal
TST000049,86.1834,3.0,27.8963,28.7836,245.0292,3.8797,0,Normal
TST000050,38.6248,6.0,23.468,2.9052,460.5788,1.8852,0,Normal
TST000051,39.8014,5.0,12.4819,38.1643,775.9977,0.1089,0,Normal
TST000052,171.265,2.0,28.9032,16.1321,436.9401,0.2498,0,Normal
TST000053,197.226,3.0,24.0819,91.2713,165.6031,0.3115,0,Normal
TST000054,63.4059,2.0,17.4475,36.795,591.4392,1.2963,0,Normal
TST000055,149.7826,1.0,27.099,58.7791,756.5969,1.0101,0,Normal
TST000056,168.0806,12.0,31.7232,19.5193,111.4363,1.3015,0,Normal
TST000057,3334.5219,1.0,78.2865,12.7185,589.405,0.4492,1,Yuksek_Tutar
TST000058,107.2295,5.0,21.8009,24.3425,205.6093,2.244,0,Normal
TST000059,116.2138,5.0,7.8083,22.3418,303.1127,1.4322,0,Normal
TST000060,315.4192,9.0,43.8669,45.2704,206.9151,0.049,0,Normal
TST000061,137.9079,3.0,23.816,7.7366,154.6665,5.7266,0,Normal
TST000062,88.3128,2.0,14.9186,1863.5858,8.4172,0.6653,1,Cografi_Uyumsuzluk
TST000063,126.1104,4.0,15.514,27.9657,500.1315,2.4598,0,Normal
TST000064,119.9312,6.0,30.4523,16.8813,151.848,0.7729,0,Normal
TST000065,130.116,5.0,26.369,40.8527,154.5177,1.9385,0,Normal
TST000066,94.2388,1.0,14.3567,53.203,384.0665,0.5359,0,Normal
TST000067,82.1828,4.0,22.9805,61.5687,455.7584,2.4996,0,Normal
TST000068,73.6925,2.0,26.3749,54.5702,133.1808,0.3291,0,Normal
TST000069,218.6888,1.0,16.0613,22.3964,153.133,1.1739,0,Normal
TST000070,266.4527,7.0,29.699,10.0121,281.7139,0.7585,0,Normal
TST000071,94.4685,2.0,18.7171,37.5657,539.1636,2.0472,0,Normal
TST000072,39.2796,3.0,82.4592,964.0062,3.2577,16.0151,1,Hesap_Ele_Gecirme
TST000073,113.7613,5.0,26.7055,18.4926,233.6196,1.9638,0,Normal
TST000074,93.7545,7.0,23.1715,12.1805,654.3817,0.2214,0,Normal
TST000075,89.3044,5.0,15.4468,2.5093,397.6321,2.7525,0,Normal
TST000076,55.5028,1.0,18.6663,9.4406,138.6005,0.9068,0,Normal
TST000077,45.6714,1.0,15.4906,1200.0181,10.7727,0.1784,1,Cografi_Uyumsuzluk
TST000078,243.7619,1.0,15.684,1822.2463,2.597,2.5584,1,Cografi_Uyumsuzluk
TST000079,119.3229,4.0,22.3709,55.4913,260.4873,3.2472,0,Normal
TST000080,156.523,1.0,26.817,1527.5911,16.8655,5.0517,1,Cografi_Uyumsuzluk
TST000081,111.443,2.0,13.1085,55.6455,146.1487,1.2426,0,Normal
TST000082,188.1578,5.0,26.4266,41.5178,491.3293,4.1863,0,Normal
TST000083,75.2707,8.0,26.1858,44.5156,315.8695,0.3877,0,Normal
TST000084,200.4835,3.0,24.2465,1.8658,249.2167,2.9954,0,Normal
TST000085,127.0125,3.0,25.1564,50.0449,965.8317,0.9731,0,Normal
TST000086,54.3596,1.0,13.7692,40.3332,157.9196,0.2108,0,Normal
TST000087,156.2394,5.0,21.7247,6.8582,93.64,0.2614,0,Normal
TST000088,160.0748,7.0,15.8378,28.4963,175.0146,0.6111,0,Normal
TST000089,4507.3227,5.0,92.8355,5.7951,163.359,1.4196,1,Yuksek_Tutar
TST000090,37.0884,6.0,29.2733,27.4809,249.9798,0.5869,0,Normal
TST000091,75.2738,3.0,13.2115,1286.8006,3.05,0.5347,1,Cografi_Uyumsuzluk
TST000092,84.5633,2.0,17.5229,11.0153,500.9413,2.6103,0,Normal
TST000093,121.8061,4.0,24.6467,16.5093,329.0926,0.7786,0,Normal
TST000094,89.3988,4.0,22.7323,22.7729,549.4913,0.7976,0,Normal
TST000095,107.8226,4.0,27.7485,15.9524,603.8662,2.5058,0,Normal
TST000096,13.0002,44.0,82.0035,59.1116,260.5739,3.2904,1,Hizli_Mikro_Islem
TST000097,83.8136,3.0,18.7099,26.6088,330.1527,2.0977,0,Normal
TST000098,58.3629,4.0,13.1965,31.6643,414.6145,2.9008,0,Normal
TST000099,64.2214,4.0,20.1295,21.6365,446.7594,2.2807,0,Normal
TST000100,80.6138,5.0,26.0665,89.5652,470.5764,0.4766,0,Normal
TST000101,72.5918,1.0,12.6466,33.3602,396.498,2.3003,0,Normal
TST000102,85.0434,12.0,33.4207,68.5127,136.2735,0.2879,0,Normal
TST000103,104.0845,3.0,97.633,587.715,1.779,10.8771,1,Hesap_Ele_Gecirme
TST000104,57.8945,3.0,92.0684,612.7656,1.6033,13.774,1,Hesap_Ele_Gecirme
TST000105,394.2292,2.0,18.2498,31.3754,259.5482,1.3631,0,Normal
TST000106,150.11,7.0,30.2623,13.1865,229.8525,1.2283,0,Normal
TST000107,131.6294,3.0,30.7824,9.4398,1058.6077,0.6321,0,Normal
TST000108,137.2183,4.0,30.4934,19.9058,451.7872,1.951,0,Normal
TST000109,63.1504,5.0,27.1416,73.3132,357.8047,3.8812,0,Normal
TST000110,157.4889,5.0,17.9267,104.0966,227.0742,2.9467,0,Normal
TST000111,72.4132,3.0,19.2482,10.3872,551.8582,0.5514,0,Normal
TST000112,20.4786,48.0,70.9938,72.0848,216.6713,1.8654,1,Hizli_Mikro_Islem
TST000113,167.3597,6.0,27.2841,50.3051,286.3895,0.9999,0,Normal
TST000114,50.0353,3.0,20.111,880.8101,10.7124,0.795,1,Cografi_Uyumsuzluk
TST000115,42.552,3.0,23.4797,6.2432,331.5039,0.9214,0,Normal
TST000116,301.071,6.0,36.1548,20.4699,292.1247,1.7696,0,Normal
TST000117,353.0741,3.0,30.5718,0.8569,234.7386,3.0687,0,Normal
TST000118,100.059,2.0,18.1299,45.3676,625.0252,1.3335,0,Normal
TST000119,247.7295,5.0,25.6106,34.9121,123.3075,0.5094,0,Normal
TST000120,237.8779,4.0,23.7168,129.7243,335.772,1.4598,0,Normal
TST000121,53.7309,5.0,17.3648,17.3573,278.496,0.7535,0,Normal
TST000122,107.0804,8.0,28.2598,76.8138,267.4122,1.3339,0,Normal
TST000123,367.0156,5.0,23.6688,18.9554,239.7677,1.1515,0,Normal
TST000124,276.4882,6.0,28.51,41.6164,383.2718,1.8835,0,Normal
TST000125,68.1509,6.0,23.034,10.988,226.6656,1.9259,0,Normal
TST000126,79.7166,2.0,11.5059,26.7002,505.0306,1.35,0,Normal
TST000127,138.6544,2.0,13.637,93.9874,284.0952,0.085,0,Normal
TST000128,145.8956,3.0,31.3882,41.9134,322.9189,2.2804,0,Normal
TST000129,4.5478,87.0,91.6458,3.0334,91.3549,3.2257,1,Hizli_Mikro_Islem
TST000130,89.584,5.0,22.407,14.6661,445.5544,0.3097,0,Normal
TST000131,140.7662,5.0,16.6884,46.4656,77.4926,1.0983,0,Normal
TST000132,168.2289,4.0,92.5515,391.1192,3.5396,14.8916,1,Hesap_Ele_Gecirme
TST000133,79.5128,1.0,18.4738,83.5864,230.2221,4.7825,0,Normal
TST000134,68.1737,5.0,18.5063,25.3771,497.3387,2.8976,0,Normal
TST000135,230.3375,4.0,21.6607,123.2054,649.9706,1.9343,0,Normal
TST000136,76.089,6.0,26.1056,101.2088,191.1828,0.0678,0,Normal
TST000137,58.8162,4.0,22.8418,3.0396,110.8429,0.1641,0,Normal
TST000138,5.1536,70.0,82.6907,23.8181,670.2706,4.7142,1,Hizli_Mikro_Islem
TST000139,290.7392,4.0,23.1792,10.9241,274.4408,1.1835,0,Normal
TST000140,38.7634,7.0,28.8822,42.5241,365.2845,0.6118,0,Normal
TST000141,101.8806,20.0,46.9913,8.6472,472.3389,0.9729,0,Normal
TST000142,46.6116,4.0,25.2943,1.804,384.3934,0.6634,0,Normal
TST000143,2217.1607,2.0,85.4047,70.3384,502.1473,0.3569,1,Yuksek_Tutar
TST000144,64.7873,3.0,8.8624,12.8901,243.4559,0.6149,0,Normal
TST000145,198.6276,3.0,17.2089,42.5533,149.8243,3.1238,0,Normal
TST000146,100.1046,1.0,20.6335,28.2523,179.4304,3.7263,0,Normal
TST000147,46.7444,2.0,9.974,39.3904,178.9179,1.4312,0,Normal
TST000148,6.908,65.0,84.4208,5.3548,403.2666,1.549,1,Hizli_Mikro_Islem
TST000149,66.0373,8.0,26.1049,5.229,206.5477,0.4627,0,Normal
TST000150,183.6874,5.0,23.2655,5.6691,228.5463,1.3721,0,Normal
TST000151,100.7564,3.0,24.6389,38.8376,215.0137,1.8148,0,Normal
TST000152,63.2985,8.0,32.8863,10.3001,422.7445,0.1978,0,Normal
TST000153,86.2133,6.0,29.7379,1901.7298,13.5563,0.0481,1,Cografi_Uyumsuzluk
TST000154,88.7239,8.0,23.4164,16.053,406.5184,1.9512,0,Normal
TST000155,85.8038,6.0,18.4367,14.7829,481.0732,1.2193,0,Normal
TST000156,36.8956,1.0,15.4113,32.4202,392.8063,4.3319,0,Normal
TST000157,235.2364,5.0,41.0408,55.3183,305.2903,3.2691,0,Normal
TST000158,141.5254,5.0,22.3037,32.2132,337.8865,1.2116,0,Normal
TST000159,229.9807,3.0,93.9987,440.947,2.8656,15.2398,1,Hesap_Ele_Gecirme
TST000160,96.3608,5.0,23.1443,14.4172,238.1784,0.5217,0,Normal
TST000161,4493.3058,5.0,98.7081,16.7551,411.3846,0.465,1,Yuksek_Tutar
TST000162,53.1676,8.0,30.1094,7.0225,199.8878,3.6093,0,Normal
TST000163,84.0345,1.0,21.1056,44.9583,137.6597,3.0361,0,Normal
TST000164,105.4075,3.0,11.2219,52.5844,524.1289,0.2298,0,Normal
TST000165,92.4853,3.0,16.8393,7.0776,405.2557,1.5695,0,Normal
TST000166,57.6774,4.0,20.6432,17.9752,450.0841,1.1805,0,Normal
TST000167,59.1606,5.0,24.6659,13.5236,317.5829,0.3053,0,Normal
TST000168,74.8702,3.0,16.6331,34.0818,249.5506,2.3936,0,Normal
TST000169,173.626,9.0,33.7191,61.0328,241.5391,0.876,0,Normal
TST000170,42.4836,3.0,13.1263,20.1546,127.749,0.8417,0,Normal
TST000171,241.079,5.0,20.8066,28.3055,315.1476,2.2005,0,Normal
TST000172,5.9028,86.0,74.0757,34.3504,489.1053,2.6621,1,Hizli_Mikro_Islem
TST000173,151.3527,5.0,29.0773,27.5472,237.3896,0.8477,0,Normal
TST000174,70.2982,3.0,15.6184,56.8533,361.3481,2.4432,0,Normal
TST000175,373.2907,5.0,35.6009,6.7651,343.8828,1.3654,0,Normal
TST000176,167.3464,6.0,25.8183,4.0214,360.9622,1.6014,0,Normal
TST000177,143.7947,5.0,24.4587,6.8751,444.2803,1.5595,0,Normal
TST000178,160.291,4.0,20.8767,22.2562,566.6158,0.1968,0,Normal
TST000179,151.3188,5.0,36.1292,16.6557,566.6707,1.3976,0,Normal
TST000180,124.807,2.0,14.9326,38.5293,372.0127,0.7939,0,Normal
TST000181,101.2119,5.0,17.7332,4.5001,404.8276,0.2718,0,Normal
TST000182,61.3292,3.0,27.2745,58.988,390.97,0.6391,0,Normal
TST000183,133.7298,4.0,26.9932,16.5669,291.8515,1.6291,0,Normal
TST000184,33.6535,6.0,15.1356,17.765,284.9339,1.4147,0,Normal
TST000185,69.6827,7.0,22.2761,71.7186,267.143,2.7259,0,Normal
TST000186,71.0864,5.0,26.777,37.1123,318.7913,4.2194,0,Normal
TST000187,88.9278,7.0,20.9128,22.6686,178.1957,1.2167,0,Normal
TST000188,125.4712,2.0,21.0229,40.0817,162.4649,1.5156,0,Normal
TST000189,211.7333,4.0,29.4866,31.9924,358.9336,0.1638,0,Normal
TST000190,17.277,64.0,84.7684,14.6326,331.0381,0.0163,1,Hizli_Mikro_Islem
TST000191,103.2087,3.0,18.5097,16.6369,412.7318,0.4797,0,Normal
TST000192,66.8307,4.0,16.1403,25.5855,397.8582,0.0646,0,Normal
TST000193,120.2719,8.0,26.5721,37.9099,355.3867,4.5153,0,Normal
TST000194,145.0357,3.0,19.5225,9.5307,229.5692,2.0956,0,Normal
TST000195,50.4608,7.0,24.5693,11.1281,318.2656,0.7458,0,Normal
TST000196,296.4539,1.0,18.5481,63.6181,524.2872,2.682,0,Normal
TST000197,5.2234,57.0,73.3045,22.0586,504.7795,1.4877,1,Hizli_Mikro_Islem
TST000198,103.9297,10.0,80.4405,559.556,1.4293,9.2924,1,Hesap_Ele_Gecirme
TST000199,66.6448,4.0,15.5325,43.575,218.5214,2.3274,0,Normal
TST000200,51.1944,3.0,15.3208,9.3744,457.7619,1.7899,0,Normal
TST000201,100.7846,2.0,19.7078,29.9445,266.7197,2.6558,0,Normal
TST000202,3488.8097,2.0,76.6354,21.3689,372.1833,0.814,1,Yuksek_Tutar
TST000203,254.9022,2.0,18.3455,42.2116,307.3545,0.5212,0,Normal
TST000204,68.8662,3.0,16.2837,78.4029,340.4287,2.0881,0,Normal
TST000205,45.6549,5.0,21.2426,36.8552,122.3078,3.8406,0,Normal
TST000206,206.5906,2.0,14.2744,16.241,298.4395,0.9094,0,Normal
TST000207,114.2561,3.0,22.4908,23.9027,331.7205,0.9266,0,Normal
TST000208,20.3218,1.0,15.1566,60.7684,929.6429,0.3069,0,Normal
TST000209,3028.6873,4.0,79.2813,29.5627,401.097,1.1878,1,Yuksek_Tutar
TST000210,107.9715,5.0,23.3624,20.0716,293.3241,1.1242,0,Normal
TST000211,52.0183,2.0,20.6878,50.3608,318.4864,0.7438,0,Normal
TST000212,128.6067,3.0,24.6929,9.4513,364.4618,0.9177,0,Normal
TST000213,48.5369,5.0,95.6364,796.2714,1.0056,10.2729,1,Hesap_Ele_Gecirme
TST000214,98.5606,1.0,19.2024,106.3329,634.4122,2.361,0,Normal
TST000215,42.6076,2.0,18.6594,12.4508,286.1973,0.7476,0,Normal
TST000216,168.3627,6.0,24.0473,8.9372,220.0439,1.5988,0,Normal
TST000217,63.7714,1.0,98.1275,286.3683,3.6373,12.0449,1,Hesap_Ele_Gecirme
TST000218,48.0503,5.0,29.3834,28.0388,395.5726,0.2971,0,Normal
TST000219,200.9363,3.0,26.7689,36.2206,467.5698,2.5439,0,Normal
TST000220,73.4595,1.0,10.923,18.1595,240.3057,0.5367,0,Normal
TST000221,29.63,3.0,12.7194,51.5924,393.6766,0.4105,0,Normal
TST000222,198.7941,5.0,29.1011,15.802,445.6187,2.6924,0,Normal
TST000223,81.9388,9.0,29.1587,12.6313,328.8992,0.5668,0,Normal
TST000224,82.6432,2.0,19.2243,6.8414,680.6349,2.0678,0,Normal
TST000225,112.2523,1.0,15.7734,49.1214,188.2691,1.226,0,Normal
TST000226,27.257,2.0,11.8645,11.3375,698.0587,2.1495,0,Normal
TST000227,96.1111,5.0,21.0439,100.5572,127.922,1.1789,0,Normal
TST000228,87.823,2.0,20.4998,64.6674,391.6365,3.65,0,Normal
TST000229,126.2761,2.0,15.655,58.6295,313.4064,2.3714,0,Normal
TST000230,153.4392,3.0,10.9128,2162.098,5.785,0.7756,1,Cografi_Uyumsuzluk
TST000231,55.3484,5.0,23.4157,2.9876,376.1295,0.4731,0,Normal
TST000232,49.2839,10.0,36.095,0.7668,398.5229,0.9634,0,Normal
TST000233,141.7307,1.0,16.8381,33.4637,323.8881,2.0274,0,Normal
TST000234,49.5999,2.0,23.9302,9.2383,137.0961,0.8721,0,Normal
TST000235,47.4001,1.0,12.7507,24.6301,424.2335,2.003,0,Normal
TST000236,212.5193,1.0,15.8191,15.1636,307.4923,3.4259,0,Normal
TST000237,197.3338,9.0,33.7061,28.1445,325.8237,0.4944,0,Normal
TST000238,84.1655,2.0,24.7052,33.0561,364.4357,4.2341,0,Normal
TST000239,43.2096,3.0,20.2367,19.9261,264.2456,2.1961,0,Normal
TST000240,2292.041,8.0,77.1876,24.3648,259.7481,0.6696,1,Yuksek_Tutar
TST000241,62.2796,3.0,13.5838,55.5413,277.7449,2.941,0,Normal
TST000242,69.2456,4.0,16.2245,36.4868,530.776,0.1022,0,Normal
TST000243,110.7134,6.0,27.7037,53.4179,333.3642,2.3629,0,Normal
TST000244,36.0659,4.0,14.4428,21.5248,302.764,1.8984,0,Normal
TST000245,102.4806,4.0,13.8254,12.6164,190.6758,0.6127,0,Normal
TST000246,130.3526,2.0,19.6918,1475.6162,14.7852,2.757,1,Cografi_Uyumsuzluk
TST000247,170.7558,2.0,21.3371,13.2192,400.2416,1.4199,0,Normal
TST000248,88.0629,7.0,25.1989,15.3236,203.8244,1.9119,0,Normal
TST000249,134.2962,5.0,21.8218,39.0199,319.6003,3.4647,0,Normal
TST000250,112.9523,3.0,17.1882,67.7334,614.9112,0.2413,0,Normal
TST000251,323.2632,2.0,28.1004,28.8181,271.4181,2.0497,0,Normal
TST000252,52.6478,4.0,18.5726,11.342,162.2039,4.1651,0,Normal
TST000253,132.3594,4.0,22.6217,26.2916,100.1558,1.3639,0,Normal
TST000254,62.7657,2.0,14.552,5.2213,262.3243,0.2313,0,Normal
TST000255,71.5402,2.0,15.0787,25.9165,154.7326,1.0281,0,Normal
TST000256,103.3577,5.0,23.3402,7.3698,281.5999,1.8661,0,Normal
TST000257,165.0834,2.0,24.8791,19.9302,491.5134,1.2735,0,Normal
TST000258,75.4647,1.0,19.45,61.0756,238.309,2.282,0,Normal
TST000259,243.878,5.0,23.0289,32.882,434.0738,1.3428,0,Normal
TST000260,108.793,6.0,87.3598,299.1523,3.221,14.1687,1,Hesap_Ele_Gecirme
TST000261,40.843,2.0,14.957,7.0815,437.2879,1.3199,0,Normal
TST000262,155.0884,5.0,27.5954,60.6107,143.2024,0.2048,0,Normal
TST000263,103.7272,7.0,22.7495,41.0835,611.39,0.9661,0,Normal
TST000264,77.9438,9.0,38.8267,46.022,269.3915,1.6876,0,Normal
TST000265,306.3784,6.0,30.5811,3.9013,158.3725,1.3908,0,Normal
TST000266,296.8344,5.0,32.6498,37.8119,290.0073,0.6106,0,Normal
TST000267,16.1536,43.0,68.3877,56.0945,512.2336,3.2728,1,Hizli_Mikro_Islem
TST000268,29.8164,3.0,20.0062,22.8595,134.7159,0.2348,0,Normal
TST000269,78.4077,3.0,18.687,21.5751,438.8244,3.5362,0,Normal
TST000270,292.9458,2.0,22.369,7.406,530.7326,0.3494,0,Normal
TST000271,73.7171,3.0,23.6325,75.4019,396.6981,0.4676,0,Normal
TST000272,110.831,6.0,23.0908,6.6619,377.065,2.3656,0,Normal
TST000273,150.4897,8.0,35.2153,65.3173,599.5016,2.4879,0,Normal
TST000274,22.7141,76.0,93.9526,23.8268,456.3963,2.1004,1,Hizli_Mikro_Islem
TST000275,173.9658,3.0,30.7862,1816.995,11.2567,0.5443,1,Cografi_Uyumsuzluk
TST000276,185.7637,3.0,23.5642,15.7785,475.4592,1.2924,0,Normal
TST000277,45.9624,6.0,24.2896,21.8089,430.316,0.719,0,Normal
TST000278,188.0739,2.0,28.5198,12.3301,244.5881,1.9446,0,Normal
TST000279,110.6279,1.0,13.4836,27.7203,294.4075,0.0568,0,Normal
TST000280,257.9439,4.0,27.2934,27.6012,312.2021,2.001,0,Normal
TST000281,288.8843,2.0,23.5138,14.227,371.212,2.1909,0,Normal
TST000282,57.0264,4.0,24.9935,50.2026,316.8113,0.8401,0,Normal
TST000283,671.0885,2.0,35.6972,4.066,402.3179,1.1536,0,Normal
TST000284,58.7676,5.0,22.402,12.5502,74.1084,1.3446,0,Normal
TST000285,53.7863,5.0,16.114,88.1626,469.2177,0.323,0,Normal
TST000286,44.1395,5.0,83.6313,474.3701,2.3826,12.1193,1,Hesap_Ele_Gecirme
TST000287,3123.3663,4.0,84.3522,8.077,212.3297,1.619,1,Yuksek_Tutar
TST000288,131.1856,11.0,28.9936,41.8837,320.006,1.4521,0,Normal
TST000289,29.2014,3.0,22.4797,71.4564,368.7282,2.1036,0,Normal
TST000290,97.6248,4.0,20.0213,68.9965,442.1637,4.3212,0,Normal
TST000291,84.5434,2.0,18.3255,10.9583,389.6204,0.2295,0,Normal
TST000292,43.4152,5.0,25.1208,21.7388,604.5601,0.4515,0,Normal
TST000293,94.4734,7.0,24.3556,11.0315,841.6314,0.9735,0,Normal
TST000294,51.4905,1.0,12.9964,50.9687,675.4979,0.9149,0,Normal
TST000295,126.3774,1.0,23.0142,9.1508,375.4003,1.582,0,Normal
TST000296,113.5784,10.0,35.3797,11.3327,973.7911,3.6547,0,Normal
TST000297,144.0062,5.0,34.9005,26.7899,197.8278,1.815,0,Normal
TST000298,118.3079,9.0,27.6915,83.0953,162.1236,0.5855,0,Normal
TST000299,41.4556,3.0,18.1702,66.496,186.6419,0.0617,0,Normal
TST000300,41.0799,7.0,27.1402,12.3441,253.5283,1.1182,0,Normal
TST000301,32.2485,2.0,12.7776,1667.4016,6.0935,1.4336,1,Cografi_Uyumsuzluk
TST000302,45.7926,1.0,17.9824,18.1239,192.138,1.419,0,Normal
TST000303,61.2948,4.0,26.5632,88.503,290.3096,0.8065,0,Normal
TST000304,13.0986,68.0,88.0074,51.7351,533.8207,3.5086,1,Hizli_Mikro_Islem
TST000305,2924.7218,7.0,87.886,39.9252,467.8536,4.7464,1,Yuksek_Tutar
TST000306,98.6451,3.0,16.7671,30.9669,457.5961,0.2085,0,Normal
TST000307,87.3568,2.0,14.4271,24.9291,316.0445,2.0127,0,Normal
TST000308,128.4155,4.0,22.9793,9.9027,206.8029,3.5745,0,Normal
TST000309,184.847,2.0,20.6662,17.9055,462.2076,1.7001,0,Normal
TST000310,52.9789,3.0,16.6115,34.3963,106.4152,0.653,0,Normal
TST000311,163.8629,4.0,20.6066,17.8276,629.0876,1.5766,0,Normal
TST000312,176.7327,4.0,21.5084,12.1909,271.4847,0.0375,0,Normal
TST000313,1881.6234,4.0,93.7313,78.9245,200.9571,0.1702,1,Yuksek_Tutar
TST000314,213.6667,2.0,14.6592,36.6482,232.5358,0.6271,0,Normal
TST000315,47.1732,3.0,14.7033,25.2678,509.7738,1.2952,0,Normal
TST000316,98.2995,2.0,18.3543,218.7854,485.2174,2.0419,0,Normal
TST000317,2265.098,4.0,80.4381,55.64,417.4664,2.9999,1,Yuksek_Tutar
TST000318,99.201,3.0,13.9247,7.8115,597.891,0.7793,0,Normal
TST000319,39.241,4.0,20.2101,10.4173,417.4079,1.0792,0,Normal
TST000320,89.5318,11.0,25.81,18.7462,214.2795,0.5657,0,Normal
TST000321,106.6768,4.0,18.1467,56.6999,283.5305,0.8529,0,Normal
TST000322,57.5648,6.0,18.3588,43.9923,112.2796,2.8022,0,Normal
TST000323,79.5394,4.0,27.825,91.9442,93.2378,2.8967,0,Normal
TST000324,61.3079,9.0,16.8597,61.5306,642.6716,3.0804,0,Normal
TST000325,205.2549,2.0,18.0039,113.3795,611.4025,1.4117,0,Normal
TST000326,78.6671,7.0,28.8888,38.8177,452.8166,2.6366,0,Normal
TST000327,123.3019,3.0,20.2837,42.5517,354.4743,0.6489,0,Normal
TST000328,77.7219,2.0,10.5884,8.7536,399.4237,0.8394,0,Normal
TST000329,59.5129,2.0,12.255,24.0979,417.9108,3.0138,0,Normal
TST000330,78.9109,1.0,20.0355,54.8642,644.8188,3.3283,0,Normal
TST000331,70.8955,6.0,20.0681,28.8464,181.7908,3.2912,0,Normal
TST000332,92.4475,2.0,16.5911,75.9787,319.137,0.5335,0,Normal
TST000333,62.9374,7.0,24.692,21.0463,365.3741,4.3982,0,Normal
TST000334,123.7148,4.0,84.7398,920.9951,1.4634,10.3392,1,Hesap_Ele_Gecirme
TST000335,47.1651,2.0,11.3533,25.3431,211.5599,4.6646,0,Normal
TST000336,97.6353,5.0,95.3163,621.6653,1.4394,11.8913,1,Hesap_Ele_Gecirme
TST000337,101.8062,5.0,34.5118,19.337,214.2763,0.1146,0,Normal
TST000338,80.0027,2.0,99.4459,584.8095,3.2894,13.7075,1,Hesap_Ele_Gecirme
TST000339,79.9736,1.0,22.3007,1.6458,301.9269,0.2771,0,Normal
TST000340,127.781,3.0,24.113,8.6443,182.7313,0.9045,0,Normal
TST000341,70.5041,4.0,19.7118,9.0127,411.2847,0.5773,0,Normal
TST000342,125.5086,1.0,25.3951,33.0097,302.7235,3.8056,0,Normal
TST000343,43.6767,6.0,23.6868,25.3307,348.1003,2.2274,0,Normal
TST000344,200.5291,2.0,18.5397,36.9878,348.2346,1.7687,0,Normal
TST000345,126.4064,4.0,22.4318,35.0238,247.9283,1.1586,0,Normal
TST000346,117.2532,6.0,29.4631,23.2534,112.5581,4.3856,0,Normal
TST000347,54.1383,14.0,28.4846,12.8164,358.5845,0.4583,0,Normal
TST000348,107.5735,2.0,21.0627,13.5791,182.2308,0.2523,0,Normal
TST000349,56.8814,8.0,97.7319,751.8918,2.4162,13.3787,1,Hesap_Ele_Gecirme
TST000350,173.3084,3.0,26.4991,51.5867,418.8762,0.6835,0,Normal
TST000351,126.7401,3.0,24.1133,1957.0751,4.7911,0.0722,1,Cografi_Uyumsuzluk
TST000352,111.5189,3.0,21.4269,22.7209,298.8104,0.6284,0,Normal
TST000353,39.2634,5.0,25.2338,9.1002,156.0885,1.0708,0,Normal
TST000354,93.4582,4.0,25.1196,5.8091,176.3751,2.3487,0,Normal
TST000355,204.7627,10.0,39.4321,60.8464,321.5256,3.0986,0,Normal
TST000356,117.3804,10.0,41.5666,1308.1812,3.9128,2.2151,1,Cografi_Uyumsuzluk
TST000357,68.4276,2.0,13.2806,66.1791,375.9459,3.1149,0,Normal
TST000358,115.5247,5.0,25.8939,27.4575,234.2253,2.5598,0,Normal
TST000359,67.4162,2.0,96.6694,360.9104,2.1527,11.2702,1,Hesap_Ele_Gecirme
TST000360,89.3645,3.0,18.853,21.9408,400.1669,0.278,0,Normal
TST000361,66.6087,1.0,8.4015,18.0564,498.2949,2.4876,0,Normal
TST000362,2.911,75.0,88.5887,19.1121,585.9232,4.692,1,Hizli_Mikro_Islem
TST000363,179.0685,1.0,30.5587,14.3082,734.8868,2.5953,0,Normal
TST000364,165.6025,9.0,27.4453,39.2824,399.5501,0.5656,0,Normal
TST000365,111.4774,4.0,23.5871,24.5951,150.8834,1.3172,0,Normal
TST000366,74.3305,6.0,21.79,91.4537,802.9269,1.7814,0,Normal
TST000367,44.0133,5.0,18.2045,28.3724,281.9436,3.25,0,Normal
TST000368,66.0469,7.0,18.4947,13.4282,538.589,3.1043,0,Normal
TST000369,108.8508,3.0,18.4708,20.4248,236.2802,0.466,0,Normal
TST000370,141.6453,7.0,32.325,56.6999,290.6226,3.5738,0,Normal
TST000371,27.7409,2.0,24.9804,90.0168,807.2603,0.6859,0,Normal
TST000372,170.9334,3.0,21.1666,12.2048,475.467,2.9046,0,Normal
TST000373,53.2749,11.0,34.3644,31.8624,296.3864,0.0779,0,Normal
TST000374,181.3688,3.0,99.4505,567.1845,1.288,14.0787,1,Hesap_Ele_Gecirme
TST000375,39.2414,3.0,15.7287,43.6322,373.6574,1.0447,0,Normal
TST000376,65.9894,7.0,25.4648,13.7789,480.6067,3.0311,0,Normal
TST000377,37.3823,2.0,22.5319,26.3661,290.0393,2.9393,0,Normal
TST000378,20.8445,2.0,14.6922,18.5214,593.6348,0.0554,0,Normal
TST000379,363.8497,1.0,15.0519,21.3425,309.8451,1.0186,0,Normal
TST000380,107.0408,5.0,16.604,21.3222,541.2971,1.1277,0,Normal
TST000381,104.0454,3.0,18.914,53.1867,262.4493,0.0498,0,Normal
TST000382,16.3512,4.0,16.7748,24.8572,425.9017,3.1047,0,Normal
TST000383,17.7142,57.0,73.5522,2.7374,275.3422,0.5127,1,Hizli_Mikro_Islem
TST000384,150.0628,1.0,21.0051,36.8219,588.4128,0.4905,0,Normal
TST000385,160.4024,2.0,15.8229,24.9029,305.6614,0.7585,0,Normal
TST000386,14.3511,92.0,87.039,46.7296,123.899,2.9865,1,Hizli_Mikro_Islem
TST000387,190.2425,2.0,19.0837,8.4505,178.967,0.0496,0,Normal
TST000388,12.3355,56.0,77.6107,31.6922,601.1444,1.7279,1,Hizli_Mikro_Islem
TST000389,83.6784,2.0,21.6402,29.0058,288.116,0.1158,0,Normal
TST000390,73.9212,3.0,23.4314,4.8032,363.3251,0.4154,0,Normal
TST000391,46.9978,4.0,86.4233,643.3905,0.4283,11.1553,1,Hesap_Ele_Gecirme
TST000392,104.4311,5.0,21.6232,61.4896,402.0781,0.2747,0,Normal
TST000393,173.0279,4.0,22.8235,3.945,314.3627,4.5659,0,Normal
TST000394,142.3869,5.0,19.3836,6.8296,204.4645,1.9297,0,Normal
TST000395,94.3047,3.0,14.888,17.4691,242.6089,0.3992,0,Normal
TST000396,203.9315,4.0,22.3851,1458.2387,11.2193,0.0381,1,Cografi_Uyumsuzluk
TST000397,68.1166,3.0,9.6205,9.9502,568.1359,1.6204,0,Normal
TST000398,152.7118,1.0,19.1834,48.2851,149.9773,3.2745,0,Normal
TST000399,133.5186,8.0,22.1001,3.9067,356.9577,0.2946,0,Normal
TST000400,83.3716,7.0,25.687,34.0717,560.9278,3.5547,0,Normal
TST000401,86.1573,4.0,22.3949,21.2194,191.9323,1.658,0,Normal
TST000402,224.7808,6.0,22.5944,9.1913,336.2909,3.3167,0,Normal
TST000403,94.4396,7.0,27.4013,49.4638,401.1555,1.0997,0,Normal
TST000404,150.008,2.0,19.9898,43.7913,306.1648,1.2431,0,Normal
TST000405,141.9669,1.0,21.8007,24.407,373.2396,5.9792,0,Normal
TST000406,87.0686,7.0,19.3095,42.4257,121.8187,0.7043,0,Normal
TST000407,52.276,5.0,22.9799,8.9939,298.7411,1.6749,0,Normal
TST000408,66.5865,5.0,25.0279,20.0693,176.1391,1.2231,0,Normal
TST000409,92.1469,4.0,36.1376,12.9138,217.861,0.2035,0,Normal
TST000410,6.8177,61.0,84.4429,61.8729,342.8638,4.1819,1,Hizli_Mikro_Islem
TST000411,175.4992,13.0,38.0147,35.4107,106.5315,1.9087,0,Normal
TST000412,165.0406,5.0,22.6989,4.997,489.8819,0.3646,0,Normal
TST000413,17.5537,84.0,91.1403,10.8655,108.2831,0.1734,1,Hizli_Mikro_Islem
TST000414,125.9695,3.0,16.2219,1475.9068,8.0838,0.7754,1,Cografi_Uyumsuzluk
TST000415,111.5534,3.0,16.3735,23.1059,371.624,4.2018,0,Normal
TST000416,126.5329,2.0,11.2049,95.9716,347.642,1.5005,0,Normal
TST000417,90.0419,2.0,23.5563,37.2516,198.7199,0.5243,0,Normal
TST000418,88.6347,8.0,27.8163,13.5956,129.6262,0.3496,0,Normal
TST000419,77.1362,4.0,22.5857,47.7917,286.6277,3.8948,0,Normal
TST000420,63.4549,2.0,24.0523,55.7193,127.2523,1.8107,0,Normal
TST000421,81.644,2.0,17.1202,0.6628,545.7953,1.878,0,Normal
TST000422,153.3639,5.0,31.0508,67.8889,402.0166,0.8812,0,Normal
TST000423,141.1576,6.0,29.2763,16.3017,466.0007,0.2708,0,Normal
TST000424,113.2427,1.0,23.4801,13.2435,573.6209,0.911,0,Normal
TST000425,63.7522,5.0,18.5354,66.2446,139.724,0.7928,0,Normal
TST000426,266.4283,4.0,18.0169,46.5403,936.4372,0.9163,0,Normal
TST000427,23.0176,5.0,24.636,17.4848,121.3348,3.6346,0,Normal
TST000428,287.0385,2.0,28.2922,97.0119,391.4132,0.6018,0,Normal
TST000429,87.9659,4.0,20.5111,102.0093,133.4318,0.6486,0,Normal
TST000430,53.7322,1.0,11.6322,39.7958,286.1001,0.0485,0,Normal
TST000431,75.5237,2.0,24.2519,18.4918,323.8248,0.2658,0,Normal
TST000432,110.9896,7.0,18.7053,16.1809,250.3599,2.1294,0,Normal
TST000433,333.3616,3.0,22.9131,33.2914,128.2666,3.538,0,Normal
TST000434,90.5989,5.0,22.485,30.6462,327.8544,2.1297,0,Normal
TST000435,94.5204,3.0,14.5707,2.7864,236.4769,2.7773,0,Normal
TST000436,150.0375,7.0,28.2651,20.6322,188.0219,2.1505,0,Normal
TST000437,77.77,3.0,14.6795,92.1783,346.7047,0.0285,0,Normal
TST000438,105.0315,1.0,10.0539,43.9787,532.5188,1.5689,0,Normal
TST000439,97.6864,9.0,23.9248,8.6592,283.7947,3.3649,0,Normal
TST000440,56.9561,3.0,23.6288,51.1477,125.4014,2.0538,0,Normal
TST000441,120.5237,1.0,12.5052,14.3632,417.0913,0.9502,0,Normal
TST000442,41.1569,4.0,93.2719,706.4466,2.9682,11.3594,1,Hesap_Ele_Gecirme
TST000443,89.6985,1.0,15.5103,8.7932,177.3352,0.6519,0,Normal
TST000444,168.7016,2.0,15.5521,28.554,162.778,0.366,0,Normal
TST000445,60.1596,4.0,32.3361,15.7891,451.241,0.8265,0,Normal
TST000446,143.5069,4.0,19.6786,21.1582,156.5985,1.5427,0,Normal
TST000447,265.433,6.0,36.389,14.5272,502.9687,0.3087,0,Normal
TST000448,112.7893,4.0,18.7632,7.4128,462.1654,0.6688,0,Normal
TST000449,127.4836,1.0,11.9053,8.5877,658.7667,1.6903,0,Normal
TST000450,45.9751,3.0,23.9884,79.9356,370.2802,2.9091,0,Normal
TST000451,45.3042,4.0,26.8234,34.3995,693.5541,0.2963,0,Normal
TST000452,1915.6322,6.0,78.2307,52.6696,157.0947,0.0173,1,Yuksek_Tutar
TST000453,101.3669,5.0,95.5538,891.0621,2.3091,9.1926,1,Hesap_Ele_Gecirme
TST000454,132.5611,4.0,24.6678,26.27,291.4973,0.1931,0,Normal
TST000455,174.2689,1.0,15.2695,19.5001,374.8442,0.4319,0,Normal
TST000456,50.8863,10.0,29.0268,17.2414,391.5994,1.1937,0,Normal
TST000457,56.0795,2.0,17.1311,72.6677,253.6999,2.5817,0,Normal
TST000458,88.9205,6.0,29.5275,878.6535,9.3585,0.7478,1,Cografi_Uyumsuzluk
TST000459,116.6478,1.0,23.5545,31.8859,291.21,1.9116,0,Normal
TST000460,138.5406,3.0,24.869,35.2444,423.8409,1.921,0,Normal
TST000461,2463.6103,7.0,81.0522,23.0314,241.2307,1.7634,1,Yuksek_Tutar
TST000462,74.0211,6.0,27.4687,21.0576,408.6828,1.8136,0,Normal
TST000463,2.3256,85.0,94.0136,15.2096,987.6412,1.2943,1,Hizli_Mikro_Islem
TST000464,148.5845,4.0,22.2948,43.0851,329.0847,0.2517,0,Normal
TST000465,120.5928,9.0,21.8444,6.6349,325.7737,3.1232,0,Normal
TST000466,69.8631,4.0,24.8176,24.5811,165.7784,0.0547,0,Normal
TST000467,89.0817,7.0,32.8846,24.8594,263.9778,0.9677,0,Normal
TST000468,11.3235,64.0,91.19,78.1999,311.1255,0.4932,1,Hizli_Mikro_Islem
TST000469,2510.7873,5.0,86.5209,9.7567,156.5523,0.3205,1,Yuksek_Tutar
TST000470,35.29,3.0,19.6058,33.4871,246.4164,2.857,0,Normal
TST000471,353.1572,4.0,31.7326,57.2204,149.047,3.9602,0,Normal
TST000472,82.435,2.0,15.0406,17.4946,140.4427,1.4407,0,Normal
TST000473,76.7564,4.0,26.7852,25.7749,532.6173,0.4405,0,Normal
TST000474,37.2759,6.0,23.2517,7.8791,311.9108,1.2279,0,Normal
TST000475,59.1879,4.0,23.6848,45.6758,462.0275,0.6437,0,Normal
TST000476,83.0069,2.0,21.9238,3.755,428.7893,0.0498,0,Normal
TST000477,190.3897,4.0,30.8093,36.4828,114.7981,3.6161,0,Normal
TST000478,195.655,2.0,25.0452,37.2945,368.4811,2.7219,0,Normal
TST000479,15.8608,72.0,65.5175,29.9951,661.9308,4.9126,1,Hizli_Mikro_Islem
TST000480,74.7279,2.0,12.2371,16.2616,312.5628,0.4814,0,Normal
TST000481,159.3042,4.0,23.4923,26.5412,272.1911,2.7969,0,Normal
TST000482,92.6133,10.0,23.669,17.9409,149.3444,0.9286,0,Normal
TST000483,40.8535,2.0,18.0519,11.3332,219.1345,0.1669,0,Normal
TST000484,67.6518,4.0,18.6814,52.3617,108.0274,0.0803,0,Normal
TST000485,75.2424,4.0,16.6187,39.8567,152.7214,1.1903,0,Normal
TST000486,39.6569,3.0,11.4722,35.949,469.2713,0.0299,0,Normal
TST000487,233.9779,4.0,26.8348,66.7173,649.4898,0.5563,0,Normal
TST000488,58.1194,1.0,10.4445,14.1502,147.3481,1.84,0,Normal
TST000489,177.4768,7.0,31.1563,55.6334,81.8006,3.3739,0,Normal
TST000490,107.3671,7.0,20.9878,38.21,345.0086,2.4768,0,Normal
TST000491,13.6773,3.0,19.9069,101.7039,339.1001,0.1226,0,Normal
TST000492,66.2498,1.0,20.7754,47.6412,142.5082,1.5896,0,Normal
TST000493,45.5211,3.0,14.1104,28.4051,303.7207,0.1334,0,Normal
TST000494,146.4325,1.0,25.9671,28.4254,217.4395,1.3211,0,Normal
TST000495,47.7304,3.0,12.5387,11.4867,138.3905,0.4939,0,Normal
TST000496,131.0926,4.0,24.5153,29.3186,219.071,1.9799,0,Normal
TST000497,51.045,4.0,29.4263,9.2492,622.1698,1.3719,0,Normal
TST000498,177.5868,3.0,17.3845,54.8751,111.8861,0.7859,0,Normal
TST000499,112.5786,5.0,13.9174,56.9881,198.6701,0.9322,0,Normal
TST000500,106.2602,3.0,21.0077,14.1586,713.2774,0.0737,0,Normal
TST000501,115.5686,9.0,32.1391,9.0423,190.3236,4.8957,0,Normal
TST000502,216.3266,6.0,18.9023,55.7285,284.8252,0.0242,0,Normal
TST000503,41.4248,3.0,12.9378,72.0078,382.9616,0.0325,0,Normal
TST000504,103.3837,2.0,24.3372,1.9591,262.4852,0.7211,0,Normal
TST000505,251.3067,15.0,44.0331,1.7172,132.3641,1.6968,0,Normal
TST000506,20.8165,75.0,80.5418,40.0738,468.5389,1.1606,1,Hizli_Mikro_Islem
TST000507,68.0396,3.0,15.4267,13.8573,176.0854,3.3607,0,Normal
TST000508,80.4767,1.0,15.4785,14.635,235.7947,0.7304,0,Normal
TST000509,122.6269,5.0,17.088,65.3925,221.2762,1.8939,0,Normal
TST000510,60.8006,2.0,17.9474,10.8927,197.7458,0.6753,0,Normal
TST000511,157.1602,8.0,32.1957,53.9979,137.3021,0.013,0,Normal
TST000512,122.4879,6.0,25.7746,2043.5618,19.084,0.1494,1,Cografi_Uyumsuzluk
TST000513,176.1531,3.0,16.808,2.926,247.0776,2.0237,0,Normal
TST000514,29.7119,3.0,17.4909,38.0381,298.607,0.9133,0,Normal
TST000515,363.8599,10.0,28.3045,37.3407,333.9938,1.6602,0,Normal
TST000516,181.1148,11.0,28.9135,38.1362,405.1476,2.2264,0,Normal
TST000517,57.0378,4.0,26.1673,4.5577,296.8187,5.0795,0,Normal
TST000518,84.1112,3.0,29.4699,4.7976,612.8184,0.8478,0,Normal
TST000519,44.9643,1.0,22.5821,45.5778,307.8409,1.2668,0,Normal
TST000520,78.0609,5.0,27.5326,24.0439,215.4213,4.3356,0,Normal
TST000521,237.7101,3.0,22.7479,29.2905,369.6902,0.4154,0,Normal
TST000522,234.2715,3.0,19.3772,7.6646,577.9683,3.568,0,Normal
TST000523,73.3668,10.0,34.3198,32.8414,300.1306,1.1375,0,Normal
TST000524,119.4203,5.0,20.0905,43.2169,268.6164,0.574,0,Normal
TST000525,95.4409,4.0,19.5882,6.3447,232.1466,0.2985,0,Normal
TST000526,85.1143,2.0,26.7108,53.8033,591.3387,0.7346,0,Normal
TST000527,157.0847,1.0,16.5599,104.1718,424.1449,0.5655,0,Normal
TST000528,85.6768,3.0,29.8131,5.1018,409.129,1.6236,0,Normal
TST000529,103.2917,4.0,22.1413,51.3576,192.0711,1.4039,0,Normal
TST000530,143.6566,5.0,25.7872,26.3163,263.6452,2.449,0,Normal
TST000531,71.8352,4.0,21.5,42.965,470.5473,1.5703,0,Normal
TST000532,34.498,5.0,17.8916,27.3446,165.1572,2.0112,0,Normal
TST000533,88.7289,5.0,19.8709,53.5943,490.8589,0.5204,0,Normal
TST000534,70.1323,6.0,18.8451,8.0703,139.8331,1.0342,0,Normal
TST000535,55.0397,1.0,17.9417,87.93,262.3505,0.4793,0,Normal
TST000536,57.6196,2.0,18.4726,29.19,441.3384,2.7523,0,Normal
TST000537,178.0301,2.0,24.6354,51.3929,107.4536,0.7418,0,Normal
TST000538,132.5398,1.0,21.1136,1.9987,401.9313,2.2769,0,Normal
TST000539,255.9066,1.0,15.0346,5.8737,171.5688,1.1597,0,Normal
TST000540,133.278,3.0,20.0631,11.4593,553.2375,2.7152,0,Normal
TST000541,41.9696,1.0,12.7079,24.8426,222.148,2.9141,0,Normal
TST000542,23.7132,4.0,9.7188,71.6631,538.385,2.0692,0,Normal
TST000543,2338.6337,3.0,97.7702,17.3778,278.8049,2.8875,1,Yuksek_Tutar
TST000544,114.0434,3.0,24.3017,4.0809,364.101,1.4241,0,Normal
TST000545,4017.8566,4.0,86.0088,7.1405,112.4475,0.3473,1,Yuksek_Tutar
TST000546,85.4999,4.0,16.426,50.8358,138.484,1.8974,0,Normal
TST000547,96.4854,2.0,17.3498,44.1618,193.6817,0.9364,0,Normal
TST000548,194.526,1.0,18.5607,54.2889,374.1649,1.9272,0,Normal
TST000549,3925.7843,3.0,98.1331,3.0122,467.7724,0.2897,1,Yuksek_Tutar
TST000550,47.0872,3.0,17.7231,24.1855,154.7073,3.1641,0,Normal
TST000551,69.1804,3.0,23.8319,59.2179,152.0938,1.9013,0,Normal
TST000552,47.5474,1.0,15.7787,8.7147,100.4078,2.9599,0,Normal
TST000553,180.6967,2.0,20.7704,27.7746,87.1776,0.5921,0,Normal
TST000554,457.8924,5.0,41.3609,30.5183,291.8864,1.4962,0,Normal
TST000555,7.8904,49.0,88.5752,46.6866,650.7568,0.2577,1,Hizli_Mikro_Islem
TST000556,124.5577,1.0,17.3738,21.0615,453.7902,2.6609,0,Normal
TST000557,78.7434,1.0,11.5118,14.9506,492.0818,0.7197,0,Normal
TST000558,168.3483,4.0,24.6403,35.9308,250.753,3.408,0,Normal
TST000559,112.1874,2.0,14.9242,11.491,236.6116,2.2685,0,Normal
TST000560,21.5531,59.0,73.2564,55.5649,490.2339,2.8488,1,Hizli_Mikro_Islem
TST000561,219.6486,2.0,21.4946,42.8327,324.7286,1.603,0,Normal
TST000562,151.8368,4.0,18.0635,38.5637,216.8644,1.1866,0,Normal
TST000563,142.6113,3.0,13.5707,2.4229,332.0808,2.229,0,Normal
TST000564,132.9762,3.0,22.87,78.6617,240.5551,0.1654,0,Normal
TST000565,149.801,4.0,17.4857,16.5846,508.0359,0.2051,0,Normal
TST000566,4016.5277,2.0,81.3252,18.0949,625.4125,1.3245,1,Yuksek_Tutar
TST000567,21.8337,66.0,76.8988,14.2353,379.8149,3.0069,1,Hizli_Mikro_Islem
TST000568,154.2165,3.0,22.7525,29.5037,647.5284,1.1297,0,Normal
TST000569,69.2537,3.0,14.3264,59.7339,381.8641,0.3827,0,Normal
TST000570,110.5768,1.0,18.6898,68.0343,288.4569,3.9915,0,Normal
TST000571,104.1211,3.0,20.1201,37.7231,628.0601,0.7306,0,Normal
TST000572,156.8846,3.0,20.5636,15.5296,513.1566,1.7868,0,Normal
TST000573,102.3816,6.0,86.6973,832.3375,2.7818,8.8794,1,Hesap_Ele_Gecirme
TST000574,273.4248,4.0,26.8034,5.6484,378.4,2.9182,0,Normal
TST000575,53.608,1.0,17.1222,20.5046,117.823,3.3981,0,Normal
TST000576,150.7302,3.0,21.674,16.38,147.7194,1.1839,0,Normal
TST000577,222.1687,4.0,22.1167,55.8206,291.8315,1.0877,0,Normal
TST000578,124.8178,6.0,23.0175,1446.8173,11.1307,2.802,1,Cografi_Uyumsuzluk
TST000579,54.836,3.0,14.8532,18.74,134.0394,2.5712,0,Normal
TST000580,161.9476,2.0,27.8143,4.0449,612.8961,0.1595,0,Normal
TST000581,24.9394,52.0,65.3019,8.0475,389.3111,0.8046,1,Hizli_Mikro_Islem
TST000582,3979.1741,1.0,94.4243,8.2875,153.5942,1.5405,1,Yuksek_Tutar
TST000583,92.0067,2.0,18.9416,44.4889,214.8942,1.8652,0,Normal
TST000584,109.1231,2.0,0.0,20.4256,546.224,3.4482,0,Normal
TST000585,75.2995,3.0,19.8514,51.0777,708.075,2.0819,0,Normal
TST000586,49.4739,9.0,28.2105,16.6461,639.6892,2.2975,0,Normal
TST000587,155.1147,4.0,16.6413,12.5977,415.7715,1.1916,0,Normal
TST000588,408.6108,1.0,28.2681,81.3243,242.3527,2.3956,0,Normal
TST000589,56.2128,5.0,12.4288,19.2938,296.5193,0.5859,0,Normal
TST000590,73.3365,4.0,20.3995,56.3601,459.6046,1.4238,0,Normal
TST000591,85.9807,5.0,27.3117,12.9558,172.9629,2.4335,0,Normal
TST000592,29.288,1.0,12.8112,15.166,362.6063,1.7913,0,Normal
TST000593,132.5837,4.0,23.4214,25.9733,512.7511,1.437,0,Normal
TST000594,164.5042,5.0,25.0418,32.424,538.3556,4.1475,0,Normal
TST000595,62.5437,8.0,29.2927,34.0926,244.0199,1.6096,0,Normal
TST000596,60.634,1.0,10.8855,50.6679,222.2826,0.5548,0,Normal
TST000597,158.3187,2.0,18.7341,22.0703,266.7151,1.7825,0,Normal
TST000598,3810.9233,6.0,91.1173,35.2964,500.1613,0.1631,1,Yuksek_Tutar
TST000599,51.4528,2.0,14.4359,106.999,432.2777,4.0556,0,Normal
TST000600,91.3389,5.0,20.6017,20.4225,387.0942,0.6631,0,Normal
TST000601,51.1341,7.0,28.3102,32.6305,119.3782,2.5931,0,Normal
TST000602,54.9874,6.0,25.9191,8.6669,111.1516,1.1239,0,Normal
TST000603,40.3186,7.0,28.0868,1140.059,16.3502,3.3826,1,Cografi_Uyumsuzluk
TST000604,170.3007,4.0,25.1537,22.8866,459.4528,0.1185,0,Normal
TST000605,85.9721,7.0,14.5421,7.2594,71.7121,1.5059,0,Normal
TST000606,94.0939,1.0,17.2685,19.7891,338.2238,2.2305,0,Normal
TST000607,94.2244,2.0,18.053,4.9052,418.7276,0.559,0,Normal
TST000608,101.264,2.0,19.6205,24.9384,509.2676,0.5482,0,Normal
TST000609,87.4799,1.0,9.8621,29.2753,522.0522,5.4608,0,Normal
TST000610,58.6031,1.0,10.1371,28.1994,188.7457,0.1694,0,Normal
TST000611,61.9937,11.0,81.4104,855.7258,1.3505,10.532,1,Hesap_Ele_Gecirme
TST000612,29.7936,3.0,17.6095,76.2316,287.9127,2.8633,0,Normal
TST000613,63.2461,4.0,21.1922,29.4284,227.3218,0.2644,0,Normal
TST000614,157.9896,3.0,15.3371,36.075,298.0232,1.0102,0,Normal
TST000615,137.2185,8.0,22.9525,24.394,222.6505,1.7577,0,Normal
TST000616,161.933,10.0,29.2676,8.4822,348.013,0.9143,0,Normal
TST000617,61.2883,2.0,15.317,6.7986,165.6868,3.4229,0,Normal
TST000618,105.0558,10.0,28.7927,3.8418,259.8434,1.9885,0,Normal
TST000619,164.5669,5.0,17.1387,69.4579,274.8533,0.353,0,Normal
TST000620,54.3743,8.0,32.1813,8.783,127.1415,0.6101,0,Normal
TST000621,34.4365,2.0,16.2336,49.2467,575.4199,0.8963,0,Normal
TST000622,2900.2248,7.0,96.3779,19.6551,317.5792,3.6724,1,Yuksek_Tutar
TST000623,150.7516,2.0,22.3313,20.4717,399.807,0.7618,0,Normal
TST000624,90.1167,6.0,36.2614,50.1238,270.4478,0.2188,0,Normal
TST000625,3892.6682,5.0,78.1589,11.0145,230.0991,0.5587,1,Yuksek_Tutar
TST000626,218.0679,7.0,31.8335,9.7947,158.2088,0.9113,0,Normal
TST000627,50.1014,5.0,84.4014,755.9645,2.8071,8.122,1,Hesap_Ele_Gecirme
TST000628,142.4507,3.0,22.1779,36.4897,190.7725,1.5493,0,Normal
TST000629,199.7325,4.0,29.1508,8.7394,169.1807,0.2547,0,Normal
TST000630,152.333,11.0,39.1205,12.8057,462.1882,5.7758,0,Normal
TST000631,126.6833,6.0,26.3992,24.9652,374.1618,1.0159,0,Normal
TST000632,80.2154,6.0,26.4368,1363.941,3.9728,0.8492,1,Cografi_Uyumsuzluk
TST000633,62.1624,4.0,19.1905,51.1488,693.1942,0.6933,0,Normal
TST000634,172.9065,2.0,23.0098,11.0534,296.7475,0.5738,0,Normal
TST000635,6.3941,86.0,69.0765,42.707,386.6698,1.8445,1,Hizli_Mikro_Islem
TST000636,92.1016,1.0,15.1441,3.2989,375.0799,1.6339,0,Normal
TST000637,60.2747,8.0,25.4602,19.0541,102.3637,4.1305,0,Normal
TST000638,59.3303,7.0,22.2865,16.5789,305.167,0.7014,0,Normal
TST000639,172.5821,7.0,23.0173,18.157,544.3498,3.8716,0,Normal
TST000640,300.2853,6.0,33.5037,51.0065,398.659,0.17,0,Normal
TST000641,51.6892,5.0,16.5317,90.8711,283.9848,0.9232,0,Normal
TST000642,85.1643,5.0,14.6582,3.7204,652.0087,0.8134,0,Normal
TST000643,131.5544,11.0,39.2108,55.8064,156.6715,1.4287,0,Normal
TST000644,92.8685,3.0,98.8004,695.8215,0.5378,12.4089,1,Hesap_Ele_Gecirme
TST000645,36.6601,2.0,16.4886,1818.6838,10.1474,1.2087,1,Cografi_Uyumsuzluk
TST000646,72.4114,6.0,26.4648,38.7066,302.4677,1.702,0,Normal
TST000647,81.2106,6.0,12.0309,14.6574,140.836,5.7268,0,Normal
TST000648,101.4719,7.0,27.7179,31.1268,216.3446,3.0051,0,Normal
TST000649,126.6313,6.0,29.6319,1794.2942,19.9323,3.3213,1,Cografi_Uyumsuzluk
TST000650,147.4412,4.0,19.5594,81.4605,237.1712,0.3221,0,Normal
TST000651,156.767,1.0,21.0564,30.0853,125.3579,1.658,0,Normal
TST000652,136.578,11.0,37.0684,48.9554,507.0264,2.4513,0,Normal
TST000653,114.1034,2.0,15.6592,9.1799,313.1908,0.6912,0,Normal
TST000654,109.6771,2.0,20.0866,48.4394,152.5443,1.4755,0,Normal
TST000655,74.0439,2.0,27.8856,41.6993,188.0466,3.7602,0,Normal
TST000656,118.4651,7.0,23.7478,10.9836,273.3677,1.4063,0,Normal
TST000657,55.6411,4.0,16.6273,11.3155,304.0911,0.3728,0,Normal
TST000658,162.9565,2.0,14.9819,56.7993,324.2064,2.7706,0,Normal
TST000659,106.0126,6.0,85.0914,914.5409,1.2389,11.1543,1,Hesap_Ele_Gecirme
TST000660,114.6587,3.0,25.7045,25.1793,232.6901,2.0703,0,Normal
TST000661,87.3472,2.0,13.6787,106.3742,156.1335,3.0519,0,Normal
TST000662,22.878,68.0,91.7648,8.3208,228.7809,0.595,1,Hizli_Mikro_Islem
TST000663,117.4578,3.0,8.492,18.2167,193.5394,0.1752,0,Normal
TST000664,81.3946,1.0,16.3597,59.2764,578.2014,3.0604,0,Normal
TST000665,99.1708,6.0,24.5031,46.2871,143.2258,1.999,0,Normal
TST000666,68.249,5.0,23.1522,19.2195,312.8299,1.5661,0,Normal
TST000667,198.3273,8.0,28.2703,40.3773,591.6219,1.2384,0,Normal
TST000668,70.0071,2.0,20.6505,16.4439,296.7068,2.3825,0,Normal
TST000669,66.5467,1.0,20.2866,16.4409,370.6717,1.8932,0,Normal
TST000670,132.4425,13.0,86.7863,639.3946,2.247,10.678,1,Hesap_Ele_Gecirme
TST000671,4102.0086,2.0,83.7022,12.0244,505.1089,0.7412,1,Yuksek_Tutar
TST000672,63.6743,4.0,84.7402,640.0757,0.9856,7.4719,1,Hesap_Ele_Gecirme
TST000673,41.6109,2.0,15.7603,18.7341,374.5109,0.3089,0,Normal
TST000674,116.3114,4.0,28.9082,55.6937,462.5339,0.5405,0,Normal
TST000675,98.49,2.0,7.5129,23.3687,469.9879,1.4173,0,Normal
TST000676,206.5792,2.0,18.2235,8.8642,364.3202,1.801,0,Normal
TST000677,106.8401,5.0,22.7002,34.5537,513.3323,2.4118,0,Normal
TST000678,36.122,6.0,26.5402,15.6971,456.9214,1.4044,0,Normal
TST000679,17.7718,63.0,73.652,5.5775,71.9783,0.5373,1,Hizli_Mikro_Islem
TST000680,120.4755,7.0,34.9817,6.2958,838.3457,0.6326,0,Normal
TST000681,55.5439,2.0,10.2008,2043.8113,1.659,1.462,1,Cografi_Uyumsuzluk
TST000682,2877.2542,5.0,87.9128,24.5177,389.1854,0.1797,1,Yuksek_Tutar
TST000683,58.574,1.0,17.8821,78.5834,479.9162,2.7898,0,Normal
TST000684,149.0385,4.0,21.1788,34.5025,418.9357,0.5455,0,Normal
TST000685,89.167,5.0,18.1779,2.7463,127.1652,1.8994,0,Normal
TST000686,96.2716,3.0,8.041,16.3348,131.77,0.7081,0,Normal
TST000687,153.5124,5.0,27.4043,16.4581,200.1931,1.9182,0,Normal
TST000688,90.7168,4.0,27.4982,19.7267,162.6616,0.4497,0,Normal
TST000689,60.5604,8.0,32.726,15.8122,338.751,4.1712,0,Normal
TST000690,90.7108,1.0,16.9378,36.7757,246.5907,1.063,0,Normal
TST000691,59.1717,2.0,15.2111,41.0359,450.8981,1.2146,0,Normal
TST000692,107.9893,4.0,15.1485,24.1339,202.6169,1.4841,0,Normal
TST000693,33.3317,3.0,23.3065,15.7616,239.0108,1.2872,0,Normal
TST000694,36.1723,4.0,18.8432,48.1284,167.4319,1.5769,0,Normal
TST000695,59.7245,4.0,11.9811,6.6637,449.6821,1.1436,0,Normal
TST000696,138.3778,4.0,28.9453,171.438,214.5881,1.1637,0,Normal
TST000697,99.2736,3.0,90.155,460.0422,0.8792,12.1273,1,Hesap_Ele_Gecirme
TST000698,90.1881,1.0,21.5675,25.0565,286.325,1.8744,0,Normal
TST000699,123.6635,3.0,26.1792,5.5864,164.3207,3.0921,0,Normal
TST000700,162.8945,3.0,30.1937,2163.7028,18.5574,0.9627,1,Cografi_Uyumsuzluk
TST000701,123.8958,10.0,34.5873,24.1438,283.1606,1.9691,0,Normal
TST000702,108.873,3.0,28.4917,14.2609,339.8699,0.1396,0,Normal
TST000703,55.6773,2.0,17.5394,72.9211,352.8342,4.6477,0,Normal
TST000704,49.4248,6.0,25.4007,20.385,496.8933,1.6105,0,Normal
TST000705,85.434,5.0,28.4165,58.7984,454.2131,0.0214,0,Normal
TST000706,54.2852,3.0,16.1367,2198.3414,3.848,0.1377,1,Cografi_Uyumsuzluk
TST000707,43.3563,5.0,14.9986,3.1468,313.9315,3.1848,0,Normal
TST000708,85.1719,2.0,15.1456,19.7805,462.5478,0.6666,0,Normal
TST000709,92.6339,5.0,21.5715,0.3758,130.7496,1.3931,0,Normal
TST000710,24.423,1.0,2.6159,74.9281,747.0913,3.346,0,Normal
TST000711,111.9009,6.0,32.237,14.9606,308.114,1.7807,0,Normal
TST000712,145.7761,4.0,15.6806,29.3167,183.4932,1.1374,0,Normal
TST000713,62.8846,5.0,28.4009,5.6656,179.7866,3.3817,0,Normal
TST000714,74.5492,4.0,22.8842,142.2218,529.6464,0.8109,0,Normal
TST000715,71.4253,3.0,16.8245,16.388,189.7768,1.2634,0,Normal
TST000716,30.9283,2.0,20.9345,32.0695,304.1061,3.7236,0,Normal
TST000717,60.9021,4.0,3.9232,90.6279,268.4844,1.4997,0,Normal
TST000718,162.089,6.0,25.3801,54.6627,215.7916,1.2198,0,Normal
TST000719,39.4354,5.0,28.697,6.7011,727.5735,3.1492,0,Normal
TST000720,144.1641,2.0,18.4538,32.2932,156.4068,1.3854,0,Normal
TST000721,60.148,1.0,82.1236,532.5709,1.6081,8.4981,1,Hesap_Ele_Gecirme
TST000722,69.5243,3.0,21.6764,29.2606,209.8894,2.0086,0,Normal
TST000723,83.0437,4.0,24.839,0.7581,502.5637,4.0939,0,Normal
TST000724,83.5382,2.0,9.2884,14.9567,975.6403,1.586,0,Normal
TST000725,121.08,1.0,26.5633,32.4788,536.495,1.2697,0,Normal
TST000726,271.1425,3.0,28.7775,40.2996,134.8525,3.2916,0,Normal
TST000727,67.7354,4.0,14.5358,40.1367,131.3761,1.3519,0,Normal
TST000728,37.6568,3.0,19.8341,108.5981,397.6687,0.5356,0,Normal
TST000729,36.2993,2.0,22.6911,14.1175,198.7257,1.0486,0,Normal
TST000730,137.8557,2.0,22.2668,13.5255,307.8108,0.6294,0,Normal
TST000731,77.6052,2.0,16.4623,24.2088,143.1857,1.5048,0,Normal
TST000732,148.0987,4.0,18.4183,59.866,339.3164,1.2835,0,Normal
TST000733,164.3892,5.0,22.3693,1958.4838,8.5095,0.5848,1,Cografi_Uyumsuzluk
TST000734,134.1439,2.0,18.0939,39.3336,612.4436,1.9652,0,Normal
TST000735,111.7308,1.0,20.2615,6.852,126.2797,3.0044,0,Normal
TST000736,84.5742,3.0,24.3954,54.645,255.2833,1.0576,0,Normal
TST000737,74.3692,3.0,22.152,19.0491,177.6627,0.4303,0,Normal
TST000738,169.3535,1.0,80.8809,918.7326,1.0628,11.3647,1,Hesap_Ele_Gecirme
TST000739,150.88,3.0,15.184,10.6881,223.5318,1.3039,0,Normal
TST000740,243.8183,4.0,32.7787,26.3072,134.0995,0.2488,0,Normal
TST000741,5.005,89.0,72.4184,60.5111,339.0472,2.3625,1,Hizli_Mikro_Islem
TST000742,90.9406,2.0,19.6406,50.7173,197.0731,1.6022,0,Normal
TST000743,2068.0653,2.0,98.4313,3.7633,401.8561,3.5211,1,Yuksek_Tutar
TST000744,405.7919,12.0,49.3931,2025.1466,18.8687,0.0656,1,Cografi_Uyumsuzluk
TST000745,140.7364,4.0,18.8164,6.2452,388.8217,3.673,0,Normal
TST000746,70.0457,9.0,27.7906,40.941,181.2464,0.4927,0,Normal
TST000747,2536.5905,2.0,78.4233,16.9077,219.2051,1.8975,1,Yuksek_Tutar
TST000748,20.653,91.0,94.7607,6.2817,409.5146,0.3083,1,Hizli_Mikro_Islem
TST000749,124.3712,7.0,19.5286,2.8802,340.1333,1.7566,0,Normal
TST000750,4088.1297,5.0,81.5105,75.3773,232.3732,0.2464,1,Yuksek_Tutar
TST000751,37.7248,2.0,19.3158,1140.8802,4.042,1.2938,1,Cografi_Uyumsuzluk
TST000752,45.3317,4.0,23.5075,93.8056,528.3247,3.102,0,Normal
TST000753,51.1765,3.0,15.6152,10.5576,228.7068,0.6311,0,Normal
TST000754,186.5998,4.0,23.1288,12.6982,309.5328,0.5876,0,Normal
TST000755,102.5355,1.0,12.832,836.9456,11.9451,3.9967,1,Cografi_Uyumsuzluk
TST000756,83.0715,4.0,24.9375,59.553,351.3961,2.6063,0,Normal
TST000757,207.4494,4.0,21.3741,9.3464,285.2847,1.0374,0,Normal
TST000758,326.5031,4.0,30.1617,13.6286,608.1713,2.5949,0,Normal
TST000759,126.256,5.0,25.0945,34.1003,280.2509,0.2344,0,Normal
TST000760,42.0554,2.0,86.5142,909.417,2.128,15.6896,1,Hesap_Ele_Gecirme
TST000761,131.4096,2.0,10.9425,131.3211,1226.2187,0.1527,0,Normal
TST000762,3143.513,3.0,93.7523,14.2592,561.7563,1.5725,1,Yuksek_Tutar
TST000763,98.4356,7.0,27.9822,58.6506,332.0019,1.0236,0,Normal
TST000764,45.7223,2.0,16.7498,24.8227,246.0524,2.2423,0,Normal
TST000765,53.1399,2.0,14.9285,29.6406,206.5787,6.3863,0,Normal
TST000766,71.8211,4.0,17.0765,29.9702,359.0069,1.8764,0,Normal
TST000767,94.9535,3.0,21.014,34.8602,216.6928,0.2484,0,Normal
TST000768,135.8282,6.0,31.3884,33.9246,330.1572,2.9092,0,Normal
TST000769,281.0197,4.0,91.8361,753.8601,0.7389,11.0766,1,Hesap_Ele_Gecirme
TST000770,83.0704,1.0,19.7463,41.5037,424.6031,4.1571,0,Normal
TST000771,70.6792,4.0,20.9592,17.1104,321.469,1.7589,0,Normal
TST000772,67.5695,3.0,19.7377,25.3583,307.5156,0.9011,0,Normal
TST000773,122.3341,2.0,21.7107,60.2063,210.6844,3.3379,0,Normal
TST000774,141.1826,10.0,38.6686,25.7544,105.1596,1.4997,0,Normal
TST000775,224.9022,3.0,33.9047,12.6363,210.8705,0.7424,0,Normal
TST000776,229.4009,6.0,28.7886,26.4389,402.1964,2.2022,0,Normal
TST000777,82.9493,1.0,18.4366,849.1264,9.3333,0.0969,1,Cografi_Uyumsuzluk
TST000778,163.5259,1.0,21.783,15.2143,473.3618,1.5214,0,Normal
TST000779,156.2314,2.0,22.4053,21.0147,258.3648,3.4429,0,Normal
TST000780,36.7731,2.0,89.9863,867.3023,1.4775,10.1119,1,Hesap_Ele_Gecirme
TST000781,12.9267,77.0,81.9873,32.3086,202.4749,1.6472,1,Hizli_Mikro_Islem
TST000782,74.6122,4.0,18.1697,42.8656,294.7358,2.26,0,Normal
TST000783,2.4255,58.0,77.1656,72.057,159.7031,0.6316,1,Hizli_Mikro_Islem
TST000784,87.6746,9.0,27.5827,61.9327,112.799,2.8702,0,Normal
TST000785,90.9847,2.0,18.8821,76.7877,436.226,1.5654,0,Normal
TST000786,56.8265,3.0,19.5345,32.8007,425.156,3.9948,0,Normal
TST000787,136.2252,3.0,32.4696,61.0897,167.5017,0.2283,0,Normal
TST000788,172.1261,6.0,23.6061,80.3239,429.0079,0.6631,0,Normal
TST000789,144.1818,9.0,31.0777,25.7535,328.389,1.1229,0,Normal
TST000790,88.7159,7.0,33.0123,21.2757,530.0598,0.4236,0,Normal
TST000791,113.7176,7.0,29.4594,20.8384,199.8123,0.0152,0,Normal
TST000792,79.0685,4.0,27.8887,38.3195,195.771,0.3004,0,Normal
TST000793,86.0584,3.0,25.455,40.068,347.0918,0.2959,0,Normal
TST000794,52.5714,6.0,37.1998,1252.3474,8.9888,0.0777,1,Cografi_Uyumsuzluk
TST000795,105.2618,2.0,25.3037,50.115,215.4653,1.5574,0,Normal
TST000796,28.9757,3.0,15.1836,17.9277,240.948,0.3675,0,Normal
TST000797,166.0217,3.0,24.4503,20.6069,693.7387,3.3563,0,Normal
TST000798,166.0637,9.0,30.6387,13.6764,490.1902,0.0404,0,Normal
TST000799,179.5144,3.0,18.8661,35.7883,389.1671,1.0133,0,Normal
TST000800,127.8197,1.0,16.4219,47.4607,319.91,1.2634,0,Normal
TST000801,77.479,1.0,13.2889,12.4636,154.1382,0.1058,0,Normal
TST000802,201.7337,6.0,23.6315,21.7403,822.6038,2.096,0,Normal
TST000803,74.9454,2.0,12.6808,983.7871,9.3275,0.0275,1,Cografi_Uyumsuzluk
TST000804,67.6904,4.0,17.9864,63.2143,268.1226,0.1738,0,Normal
TST000805,3806.5908,7.0,78.1186,21.595,288.7067,3.3705,1,Yuksek_Tutar
TST000806,73.1819,7.0,24.5895,24.6593,357.2819,0.9897,0,Normal
TST000807,72.5087,7.0,23.3852,30.9068,430.0955,0.9009,0,Normal
TST000808,274.4429,2.0,29.475,12.6814,166.7289,2.1734,0,Normal
TST000809,39.7185,1.0,11.2733,14.871,312.7613,1.637,0,Normal
TST000810,80.1897,2.0,16.0284,76.4409,331.8202,1.2491,0,Normal
TST000811,115.4947,1.0,16.4357,3.5226,141.1201,1.472,0,Normal
TST000812,120.3891,2.0,19.5809,40.2565,204.5733,1.7681,0,Normal
TST000813,16.1534,48.0,91.4036,19.1321,625.238,2.6029,1,Hizli_Mikro_Islem
TST000814,87.166,5.0,20.1676,4.0456,602.4739,5.1503,0,Normal
TST000815,85.7357,3.0,16.578,47.6549,139.6685,0.0544,0,Normal
TST000816,31.4741,3.0,23.7879,14.949,448.9794,2.312,0,Normal
TST000817,75.394,6.0,26.0058,87.2384,195.0412,2.3229,0,Normal
TST000818,97.5672,4.0,17.4216,72.1707,470.7832,5.0329,0,Normal
TST000819,112.0194,1.0,13.4025,19.9506,188.3153,3.094,0,Normal
TST000820,102.4687,3.0,21.9982,16.9163,624.1309,0.0035,0,Normal
TST000821,137.0476,4.0,88.5275,451.5813,1.6522,12.3169,1,Hesap_Ele_Gecirme
TST000822,83.391,1.0,27.2622,15.624,200.9561,0.4975,0,Normal
TST000823,52.8096,1.0,6.3359,35.1198,380.9393,0.5177,0,Normal
TST000824,54.0446,1.0,14.0993,55.889,68.9642,2.8047,0,Normal
TST000825,3731.3151,1.0,92.4691,17.2489,236.3135,0.5344,1,Yuksek_Tutar
TST000826,133.0321,5.0,31.2626,7.2382,257.6533,2.3633,0,Normal
TST000827,136.9539,5.0,27.0411,40.523,164.8492,0.7415,0,Normal
TST000828,444.0817,2.0,30.401,36.4012,331.5516,5.1724,0,Normal
TST000829,74.8593,4.0,22.9725,27.5718,665.2938,1.1418,0,Normal
TST000830,11.3393,83.0,83.9531,7.4344,362.7109,1.4059,1,Hizli_Mikro_Islem
TST000831,353.8903,7.0,32.1935,17.5518,234.7373,6.6161,0,Normal
TST000832,220.7473,3.0,21.7149,72.0079,444.4171,1.6448,0,Normal
TST000833,89.2147,2.0,29.3779,58.4829,356.6434,0.1286,0,Normal
TST000834,161.3584,1.0,17.8549,18.4459,303.4145,2.6871,0,Normal
TST000835,25.5761,3.0,11.3194,40.4557,298.8832,0.1202,0,Normal
TST000836,85.6343,1.0,20.7702,42.5008,233.6151,2.0759,0,Normal
TST000837,73.4731,2.0,24.7393,24.5221,367.406,1.9702,0,Normal
TST000838,55.3622,2.0,15.8167,20.0792,192.0642,0.6277,0,Normal
TST000839,35.2145,1.0,17.1777,88.6033,281.4503,0.6851,0,Normal
TST000840,123.302,3.0,23.6141,30.5282,109.8685,1.3856,0,Normal
TST000841,80.5689,1.0,13.4238,1735.1596,3.7879,1.5428,1,Cografi_Uyumsuzluk
TST000842,81.4821,5.0,20.2387,44.6278,129.0419,0.0962,0,Normal
TST000843,168.1467,4.0,98.1915,572.8711,3.3941,10.0366,1,Hesap_Ele_Gecirme
TST000844,68.8357,9.0,30.1686,31.4911,306.3941,2.0147,0,Normal
TST000845,64.3157,4.0,18.5563,14.3312,432.4794,2.1084,0,Normal
TST000846,53.9961,6.0,31.4791,66.4579,448.935,4.3173,0,Normal
TST000847,171.5542,2.0,25.9189,10.2422,412.8721,1.0972,0,Normal
TST000848,100.2582,4.0,21.3264,3.4211,172.5523,2.2839,0,Normal
TST000849,116.4489,7.0,32.1076,26.1025,410.3426,2.7107,0,Normal
TST000850,2697.2793,3.0,77.296,9.5013,697.5577,1.2645,1,Yuksek_Tutar
TST000851,73.1237,1.0,12.8893,23.7827,162.6839,2.2753,0,Normal
TST000852,108.7631,10.0,40.1067,30.2133,59.1865,0.759,0,Normal
TST000853,92.4701,2.0,9.7145,28.4969,145.2342,2.288,0,Normal
TST000854,64.8177,3.0,17.5434,55.9598,359.0099,0.3458,0,Normal
TST000855,42.4593,1.0,92.7538,701.8574,2.7566,12.3687,1,Hesap_Ele_Gecirme
TST000856,35.3941,4.0,21.0957,42.0844,127.2748,0.1095,0,Normal
TST000857,73.0871,8.0,26.6144,67.0385,444.3519,2.3465,0,Normal
TST000858,4415.7513,6.0,80.9267,13.3782,143.838,1.9435,1,Yuksek_Tutar
TST000859,238.7403,1.0,9.8993,50.7958,447.7694,3.662,0,Normal
TST000860,81.5054,2.0,10.2961,13.2932,155.956,2.8858,0,Normal
TST000861,67.186,7.0,92.5638,564.1563,2.8617,12.3434,1,Hesap_Ele_Gecirme
TST000862,211.3676,4.0,18.1768,7.4598,130.1819,0.721,0,Normal
TST000863,130.0141,2.0,20.9572,37.1418,782.1566,3.0927,0,Normal
TST000864,27.3678,6.0,30.3582,5.7882,173.1922,1.6099,0,Normal
TST000865,10.2993,101.0,90.2603,10.2068,363.3991,0.6065,1,Hizli_Mikro_Islem
TST000866,19.2943,2.0,15.0274,78.8748,193.5436,1.2229,0,Normal
TST000867,123.6396,4.0,19.8018,20.3126,210.458,1.6035,0,Normal
TST000868,130.8283,9.0,38.6714,50.7455,630.5568,1.6321,0,Normal
TST000869,106.3841,1.0,19.9963,35.378,827.1193,2.185,0,Normal
TST000870,55.8515,5.0,19.4341,57.4408,518.21,1.3288,0,Normal
TST000871,86.7025,2.0,16.7668,11.5653,283.6412,0.9369,0,Normal
TST000872,2926.5333,7.0,84.4681,61.0046,464.4198,3.7347,1,Yuksek_Tutar
TST000873,73.7599,4.0,14.5837,23.1447,189.9721,2.7528,0,Normal
TST000874,80.353,3.0,12.3993,21.7076,236.0171,0.473,0,Normal
TST000875,162.2016,5.0,30.1705,18.1296,224.5643,2.4324,0,Normal
TST000876,76.4419,2.0,13.9212,22.9641,256.0568,0.0521,0,Normal
TST000877,146.3032,5.0,21.3785,17.2945,220.8549,2.4391,0,Normal
TST000878,14.0495,58.0,92.3954,54.2628,137.6895,0.1248,1,Hizli_Mikro_Islem
TST000879,44.8784,2.0,14.469,21.2369,488.699,0.8186,0,Normal
TST000880,163.2543,6.0,33.6315,12.8954,294.5232,1.6687,0,Normal
TST000881,84.7521,1.0,24.216,22.2383,395.7409,0.8276,0,Normal
TST000882,80.9651,4.0,17.7812,14.8564,315.3845,1.9465,0,Normal
TST000883,123.0625,6.0,34.2927,17.8259,761.4697,0.2846,0,Normal
TST000884,119.3318,1.0,28.863,16.9749,203.8388,1.9248,0,Normal
TST000885,113.9102,4.0,20.5065,3.6171,122.89,2.7887,0,Normal
TST000886,71.4786,7.0,17.9224,1612.9006,1.7352,0.0722,1,Cografi_Uyumsuzluk
TST000887,66.6359,4.0,25.863,33.9596,241.4132,1.0279,0,Normal
TST000888,128.3969,8.0,34.5737,69.6069,263.8921,1.2543,0,Normal
TST000889,70.8293,4.0,20.7078,34.0369,240.4365,1.3311,0,Normal
TST000890,173.745,9.0,30.8406,56.5634,304.1286,0.3277,0,Normal
TST000891,86.1006,5.0,24.5526,21.6504,320.2943,0.2936,0,Normal
TST000892,122.9161,5.0,19.1418,12.7928,376.6744,0.7468,0,Normal
TST000893,50.7355,9.0,20.3286,15.3499,542.7033,2.117,0,Normal
TST000894,64.5469,5.0,18.2783,30.1202,788.9427,2.1963,0,Normal
TST000895,85.877,2.0,14.6243,28.1613,177.1006,0.8554,0,Normal
TST000896,63.2505,5.0,26.7664,23.6498,166.1303,0.6829,0,Normal
TST000897,21.202,70.0,85.1139,15.8643,638.5383,3.8984,1,Hizli_Mikro_Islem
TST000898,2408.7408,2.0,86.9908,21.1648,122.8944,1.224,1,Yuksek_Tutar
TST000899,254.4608,1.0,17.7485,27.6489,250.5219,0.2021,0,Normal
TST000900,74.9985,2.0,24.7279,108.2555,872.7369,0.9925,0,Normal
TST000901,77.9481,2.0,19.8908,19.835,523.823,2.2908,0,Normal
TST000902,140.0785,3.0,23.9626,64.9198,74.5667,1.4596,0,Normal
TST000903,2532.7954,4.0,76.7793,13.9099,827.3766,3.1379,1,Yuksek_Tutar
TST000904,79.6493,5.0,16.3223,7.3374,311.8292,0.532,0,Normal
TST000905,113.7535,1.0,22.5471,19.7642,215.9908,2.6985,0,Normal
TST000906,51.1026,7.0,30.6493,5.8812,420.4145,3.7395,0,Normal
TST000907,32.7903,6.0,15.7886,59.1337,416.2771,0.3685,0,Normal
TST000908,41.6622,3.0,17.8569,1498.7104,16.9359,2.7489,1,Cografi_Uyumsuzluk
TST000909,58.2812,2.0,97.6288,900.2848,3.1478,9.4549,1,Hesap_Ele_Gecirme
TST000910,83.9754,10.0,34.9134,26.2607,574.3934,0.8266,0,Normal
TST000911,24.6945,66.0,82.5671,4.8211,125.4049,2.6273,1,Hizli_Mikro_Islem
TST000912,52.9088,9.0,24.7888,42.2569,504.4398,0.4479,0,Normal
TST000913,83.7169,5.0,23.9881,29.6469,653.4912,0.0765,0,Normal
TST000914,232.4841,3.0,30.5768,28.6668,573.8338,0.7374,0,Normal
TST000915,105.424,5.0,15.7467,13.6241,342.8238,2.5389,0,Normal
TST000916,77.1416,4.0,20.4337,46.6153,423.2568,0.6664,0,Normal
TST000917,76.8985,3.0,13.2519,60.1626,794.5979,3.0814,0,Normal
TST000918,160.5746,7.0,32.7388,28.4937,429.8061,0.2602,0,Normal
TST000919,2139.0835,4.0,91.2694,19.4936,290.5541,1.0354,1,Yuksek_Tutar
TST000920,53.9442,5.0,32.4151,16.0227,479.6723,2.6799,0,Normal
TST000921,68.8628,2.0,13.2427,4.5004,198.7087,1.9531,0,Normal
TST000922,54.6713,3.0,23.2464,10.7565,680.1838,2.0358,0,Normal
TST000923,112.1649,5.0,16.6195,29.6127,777.9143,0.3944,0,Normal
TST000924,61.0509,4.0,20.4523,29.4718,395.325,3.8328,0,Normal
TST000925,45.8382,1.0,9.1358,39.3571,197.1111,0.8748,0,Normal
TST000926,4358.7358,2.0,77.2811,23.1873,519.4573,0.1844,1,Yuksek_Tutar
TST000927,16.3727,91.0,93.5136,52.3677,720.219,0.4829,1,Hizli_Mikro_Islem
TST000928,62.1416,5.0,19.6863,1936.3565,7.5682,3.3595,1,Cografi_Uyumsuzluk
TST000929,124.1401,5.0,25.3342,36.7043,315.8856,0.6331,0,Normal
TST000930,170.505,7.0,28.1811,13.3804,413.0343,1.084,0,Normal
TST000931,175.218,3.0,24.9548,19.1016,291.3261,0.268,0,Normal
TST000932,137.0157,1.0,23.8272,25.7748,243.9491,3.1203,0,Normal
TST000933,153.379,3.0,19.996,30.0937,262.4876,1.6873,0,Normal
TST000934,152.8407,3.0,16.1859,24.4959,352.0672,1.3081,0,Normal
TST000935,103.3174,4.0,16.4025,22.8205,294.5668,0.5312,0,Normal
TST000936,49.9028,1.0,14.6357,4.4155,209.8024,1.4599,0,Normal
TST000937,132.7749,3.0,21.4083,80.0388,360.8461,1.8214,0,Normal
TST000938,57.2191,6.0,25.8105,23.7028,754.2056,0.918,0,Normal
TST000939,113.7931,1.0,14.8275,64.734,226.4309,4.6927,0,Normal
TST000940,131.5442,3.0,15.0316,60.4142,131.3108,2.7061,0,Normal
TST000941,111.7159,2.0,13.8089,83.4489,358.5022,0.419,0,Normal
TST000942,204.4873,11.0,35.0641,38.3458,222.8152,2.9362,0,Normal
TST000943,211.2186,3.0,21.1288,2147.9559,5.7003,2.5344,1,Cografi_Uyumsuzluk
TST000944,57.5182,1.0,16.1576,19.9353,317.7192,0.5974,0,Normal
TST000945,75.8782,4.0,13.9464,59.0869,364.6912,1.372,0,Normal
TST000946,121.0081,3.0,24.4742,9.5983,426.7604,2.5113,0,Normal
TST000947,46.2311,3.0,12.3616,7.719,697.6237,1.4802,0,Normal
TST000948,130.8863,4.0,20.2332,37.9203,224.9712,2.7605,0,Normal
TST000949,150.805,1.0,23.4815,48.9147,217.1892,0.3989,0,Normal
TST000950,3602.6025,2.0,93.6859,48.3223,226.9009,1.9016,1,Yuksek_Tutar
TST000951,149.2378,3.0,10.3696,12.2507,93.9583,0.8052,0,Normal
TST000952,145.1013,5.0,24.0449,37.1584,173.0893,0.0471,0,Normal
TST000953,50.7962,1.0,15.743,9.1028,237.3641,1.6628,0,Normal
TST000954,18.3619,1.0,16.9801,72.8328,101.5299,1.5039,0,Normal
TST000955,82.7288,7.0,22.4717,830.3991,14.4437,0.821,1,Cografi_Uyumsuzluk
TST000956,180.1024,1.0,94.3862,851.0801,1.5159,12.3945,1,Hesap_Ele_Gecirme
TST000957,71.5323,6.0,20.0788,1.7091,662.6383,0.7013,0,Normal
TST000958,76.6779,3.0,15.9631,27.2542,226.1344,0.6914,0,Normal
TST000959,141.5448,4.0,20.2693,23.0781,265.9941,1.2377,0,Normal
TST000960,62.4337,5.0,19.2662,20.1171,147.6457,2.6888,0,Normal
TST000961,230.9965,5.0,28.577,1794.0971,11.6087,0.5446,1,Cografi_Uyumsuzluk
TST000962,56.8985,7.0,25.5197,24.1233,246.2679,4.9013,0,Normal
TST000963,88.9621,2.0,14.3707,31.4821,309.0467,0.9432,0,Normal
TST000964,208.1917,4.0,31.2298,22.4272,151.2499,1.3208,0,Normal
TST000965,103.6969,3.0,26.8935,20.3208,154.8574,4.8297,0,Normal
TST000966,196.1228,5.0,24.8659,20.2296,316.7155,0.2744,0,Normal
TST000967,106.1033,5.0,18.2064,4.7442,311.5666,0.344,0,Normal
TST000968,44.3502,1.0,10.9315,11.6325,97.3724,2.9681,0,Normal
TST000969,143.9706,2.0,11.65,10.6151,303.2658,0.4772,0,Normal
TST000970,142.3444,1.0,21.1815,64.9356,306.4497,1.4919,0,Normal
TST000971,105.1736,3.0,24.9274,1179.0497,15.3052,0.4366,1,Cografi_Uyumsuzluk
TST000972,142.3373,5.0,27.391,12.9781,558.227,1.335,0,Normal
TST000973,93.8681,6.0,27.3249,90.0949,465.718,2.0459,0,Normal
TST000974,78.9913,5.0,17.0608,100.3218,541.7549,2.1133,0,Normal
TST000975,82.4841,1.0,16.9826,8.3056,548.4763,1.0063,0,Normal
TST000976,84.704,4.0,23.2392,83.1725,192.638,0.8511,0,Normal
TST000977,12.9897,77.0,73.4998,14.4907,259.6172,3.2123,1,Hizli_Mikro_Islem
TST000978,19.8351,2.0,9.9278,16.4059,99.0101,0.3291,0,Normal
TST000979,40.4645,4.0,23.6229,18.4669,529.6406,1.0361,0,Normal
TST000980,136.9314,3.0,22.4271,10.0298,551.879,2.4652,0,Normal
TST000981,52.9168,6.0,19.4606,42.5035,105.5084,0.0855,0,Normal
TST000982,70.1013,3.0,23.9344,34.6776,354.8135,0.3737,0,Normal
TST000983,58.6336,2.0,18.142,19.5774,307.9726,0.4513,0,Normal
TST000984,55.6169,5.0,11.9859,77.652,377.6132,0.285,0,Normal
TST000985,268.4817,2.0,22.4403,68.8608,295.7711,3.1734,0,Normal
TST000986,96.542,2.0,26.1396,23.8637,96.238,1.2884,0,Normal
TST000987,48.2273,7.0,20.465,55.4881,424.6226,1.9422,0,Normal
TST000988,83.0729,4.0,18.9047,28.9843,263.1473,1.8683,0,Normal
TST000989,161.065,5.0,24.309,7.8848,559.3563,1.329,0,Normal
TST000990,45.0937,3.0,18.5444,33.6661,306.752,2.1561,0,Normal
TST000991,130.8353,8.0,23.5502,19.183,426.0213,3.0137,0,Normal
TST000992,206.7036,3.0,27.1976,8.5844,628.2248,1.845,0,Normal
TST000993,299.326,8.0,38.6367,1892.51,19.5769,0.3313,1,Cografi_Uyumsuzluk
TST000994,79.8486,4.0,21.2168,77.8474,119.3649,1.2493,0,Normal
TST000995,130.9821,8.0,26.8186,50.8963,178.7633,0.9418,0,Normal
TST000996,112.3925,4.0,17.4819,1788.1886,4.419,1.0553,1,Cografi_Uyumsuzluk
TST000997,182.6576,6.0,27.6014,5.8718,300.8263,2.2268,0,Normal
TST000998,98.3653,5.0,22.2271,23.6473,418.0404,3.3875,0,Normal
TST000999,111.7413,5.0,25.6423,41.6151,215.9582,1.6841,0,Normal
TST001000,260.1925,2.0,21.1367,9.9956,910.1503,0.6717,0,Normal
TST001001,42.6044,14.0,34.0145,39.4151,324.2893,0.8025,0,Normal
TST001002,98.4891,5.0,24.8745,52.9775,381.5889,0.8647,0,Normal
TST001003,30.9575,8.0,22.2737,5.7614,297.315,1.8451,0,Normal
TST001004,49.0525,4.0,20.3733,22.7597,486.7791,0.4342,0,Normal
TST001005,102.685,1.0,16.75,20.8431,415.841,0.5117,0,Normal
TST001006,192.6823,4.0,31.7026,8.7008,379.8895,2.1154,0,Normal
TST001007,6.3787,61.0,88.6039,22.6912,415.968,1.428,1,Hizli_Mikro_Islem
TST001008,92.8917,6.0,21.2636,16.302,349.2619,0.1509,0,Normal
TST001009,179.077,2.0,29.591,19.7812,153.6611,0.0367,0,Normal
TST001010,216.631,2.0,26.6537,63.9667,571.7232,2.1064,0,Normal
TST001011,87.616,8.0,20.7796,7.3125,206.9009,1.0208,0,Normal
TST001012,280.9918,12.0,31.906,25.5657,491.6431,2.8209,0,Normal
TST001013,88.2634,1.0,12.6943,29.2912,71.4698,1.0501,0,Normal
TST001014,147.2056,3.0,24.3159,41.9069,527.6943,1.178,0,Normal
TST001015,432.5753,3.0,33.7241,8.055,326.4837,0.7426,0,Normal
TST001016,88.9531,4.0,21.1888,8.2268,255.7204,4.3863,0,Normal
TST001017,138.106,4.0,20.6321,38.1058,254.042,1.0677,0,Normal
TST001018,173.9471,10.0,31.6808,27.2999,1063.1462,2.6059,0,Normal
TST001019,235.3254,4.0,24.9313,18.0696,341.4687,0.5101,0,Normal
TST001020,133.5699,4.0,26.2349,8.0821,263.8613,0.4449,0,Normal
TST001021,52.0375,2.0,15.2574,87.1012,142.1089,1.846,0,Normal
TST001022,41.1138,4.0,14.4946,10.9114,279.2812,1.4113,0,Normal
TST001023,42.2914,1.0,10.2678,9.947,361.923,2.5996,0,Normal
TST001024,97.5963,9.0,34.4864,63.2583,585.3982,0.7466,0,Normal
TST001025,4538.7493,3.0,75.8804,60.6274,536.6968,2.9075,1,Yuksek_Tutar
TST001026,64.1189,4.0,21.1528,39.8502,290.8461,1.6395,0,Normal
TST001027,96.7505,2.0,23.1022,9.1069,270.4203,1.3171,0,Normal
TST001028,73.0433,7.0,27.516,78.4491,53.9106,3.1571,0,Normal
TST001029,69.0155,2.0,15.2957,32.6196,91.8724,0.6561,0,Normal
TST001030,119.7738,5.0,25.6355,7.0492,257.9559,3.1243,0,Normal
TST001031,27.3482,2.0,16.8363,27.8577,346.2405,0.8393,0,Normal
TST001032,94.8653,4.0,21.9919,934.7483,18.1259,4.5659,1,Cografi_Uyumsuzluk
TST001033,23.3438,58.0,94.6301,19.4198,213.9292,0.8257,1,Hizli_Mikro_Islem
TST001034,283.6038,1.0,27.9168,34.5973,312.8903,2.2157,0,Normal
TST001035,182.816,5.0,23.5089,17.5624,213.7072,2.3104,0,Normal
TST001036,77.049,1.0,20.3356,15.5015,521.576,0.5228,0,Normal
TST001037,286.589,1.0,22.5174,173.0907,133.7261,4.2415,0,Normal
TST001038,89.9278,4.0,94.3964,391.0577,0.847,8.2342,1,Hesap_Ele_Gecirme
TST001039,78.4587,2.0,13.5793,15.4797,244.1447,0.4261,0,Normal
TST001040,46.3077,1.0,15.0977,13.1172,842.0043,0.7033,0,Normal
TST001041,111.4549,5.0,23.5442,32.0073,210.1826,3.2583,0,Normal
TST001042,46.83,8.0,21.9762,11.6176,247.994,0.0004,0,Normal
TST001043,112.2539,2.0,19.8827,24.2873,172.3856,2.6792,0,Normal
TST001044,134.9795,5.0,29.6993,51.8661,266.5047,2.4971,0,Normal
TST001045,71.2975,2.0,29.323,30.416,137.089,1.3296,0,Normal
TST001046,60.7854,8.0,32.9374,33.8864,276.2826,2.1234,0,Normal
TST001047,129.0894,3.0,9.4589,35.6802,562.1886,2.7632,0,Normal
TST001048,206.8271,1.0,10.8731,40.2066,271.5939,0.858,0,Normal
TST001049,67.4593,4.0,19.0537,8.5813,370.0359,3.5551,0,Normal
TST001050,188.9645,7.0,20.8126,27.0659,168.7474,2.9367,0,Normal
TST001051,34.7376,5.0,22.5614,78.3144,328.4394,1.3805,0,Normal
TST001052,73.2052,2.0,8.7928,15.2136,366.4507,0.1577,0,Normal
TST001053,221.1578,6.0,32.0528,95.8393,458.5452,2.9687,0,Normal
TST001054,63.7478,4.0,87.4264,385.2723,1.37,14.2852,1,Hesap_Ele_Gecirme
TST001055,142.175,7.0,27.7338,18.9132,511.8945,0.7481,0,Normal
TST001056,275.8204,2.0,21.5354,2226.7071,16.302,0.5174,1,Cografi_Uyumsuzluk
TST001057,163.844,6.0,31.8274,39.643,258.4332,0.8055,0,Normal
TST001058,24.0623,58.0,77.5664,48.6053,259.1381,0.6147,1,Hizli_Mikro_Islem
TST001059,110.8787,2.0,15.4109,13.7378,202.078,3.3058,0,Normal
TST001060,105.2928,4.0,19.9357,19.7619,68.1693,1.612,0,Normal
TST001061,122.4382,4.0,21.2708,49.1694,388.9496,2.8553,0,Normal
TST001062,98.6951,8.0,22.7343,7.8468,230.9096,0.4776,0,Normal
TST001063,84.5901,2.0,15.7129,25.7,368.7964,0.7899,0,Normal
TST001064,149.1841,7.0,21.1459,24.8768,661.9374,1.3775,0,Normal
TST001065,39.9388,5.0,24.1911,38.5859,610.734,0.8689,0,Normal
TST001066,136.19,2.0,25.5465,7.3983,414.5161,3.1493,0,Normal
TST001067,339.2191,3.0,27.3119,32.9502,143.6219,1.4473,0,Normal
TST001068,4003.2471,2.0,93.2278,10.492,213.6651,2.8922,1,Yuksek_Tutar
TST001069,42.1777,1.0,15.9185,9.8194,377.6656,1.7004,0,Normal
TST001070,72.1918,3.0,19.5941,11.6306,705.5772,1.0382,0,Normal
TST001071,140.0084,5.0,22.7599,37.9044,261.2645,3.1511,0,Normal
TST001072,136.2867,2.0,26.6518,25.9913,330.9062,0.4608,0,Normal
TST001073,262.9596,1.0,21.9954,63.2276,387.9461,0.3839,0,Normal
TST001074,61.8224,3.0,3.6014,18.252,160.4858,5.2429,0,Normal
TST001075,133.2082,1.0,18.6223,28.0011,431.4494,1.8885,0,Normal
TST001076,194.2297,3.0,25.3098,25.26,456.7974,0.1596,0,Normal
TST001077,78.0975,3.0,24.3631,7.3169,940.7989,1.6419,0,Normal
TST001078,172.8885,4.0,20.3481,127.6607,264.753,1.5935,0,Normal
TST001079,76.0701,4.0,83.2446,675.7722,2.7822,10.255,1,Hesap_Ele_Gecirme
TST001080,50.6818,1.0,11.7377,29.7631,269.8244,2.0697,0,Normal
