flow_id,duration_ms,packets_per_second,bytes_per_packet,inbound_ratio,unique_ports,failed_connections,is_anomaly,traffic_type
TR00001,113.276,39.2283,678.6076,0.5944,1.0,1.0,0,Normal
TR00002,89.5647,14.5278,712.7964,0.4031,6.0,0.0,0,Normal
TR00003,117.8918,45.6423,771.2882,0.4592,4.0,0.0,0,Normal
TR00004,176.6997,52.96,688.035,0.174,2.0,0.0,0,Normal
TR00005,185.6243,16.5359,666.5708,0.376,5.0,0.0,0,Normal
TR00006,50.0243,19.215,820.2179,0.4304,1.0,0.0,0,Normal
TR00007,84.4483,33.2857,703.181,0.5358,2.0,2.0,0,Normal
TR00008,57.4581,23.8456,641.5266,0.6371,3.0,0.0,0,Normal
TR00009,121.6373,31.415,687.2741,0.4134,4.0,2.0,0,Normal
TR00010,94.3787,28.6626,682.3627,0.298,4.0,0.0,0,Normal
TR00011,145.3827,45.7021,725.1614,0.2677,4.0,0.0,0,Normal
TR00012,151.6448,39.9141,728.713,0.5838,3.0,0.0,0,Normal
TR00013,25.5293,30.4386,601.2084,0.7033,3.0,0.0,0,Normal
TR00014,117.3189,52.3806,681.0566,0.4338,5.0,0.0,0,Normal
TR00015,235.2669,37.0751,706.9031,0.5651,5.0,0.0,0,Normal
TR00016,84.4706,24.732,664.195,0.697,2.0,0.0,0,Normal
TR00017,82.8867,39.9746,673.7677,0.4418,6.0,0.0,0,Normal
TR00018,211.0275,25.8367,661.0884,0.4907,2.0,0.0,0,Normal
TR00019,190.8891,53.3966,739.9682,0.606,4.0,2.0,0,Normal
TR00020,61.3349,36.3153,760.5989,0.6246,4.0,0.0,0,Normal
TR00021,179.6148,24.9383,687.0788,0.4767,2.0,1.0,0,Normal
TR00022,70.3761,19.523,708.0388,0.5814,1.0,1.0,0,Normal
TR00023,82.3325,53.0956,715.774,0.3953,3.0,0.0,0,Normal
TR00024,61.2981,27.7332,735.0194,0.5226,3.0,0.0,0,Normal
TR00025,49.7702,21.0397,713.1296,0.5237,2.0,0.0,0,Normal
TR00026,126.1285,25.3922,749.6088,0.3836,5.0,0.0,0,Normal
TR00027,45.052,37.6445,769.9849,0.3902,3.0,0.0,0,Normal
TR00028,129.3431,33.9493,754.4829,0.451,2.0,1.0,0,Normal
TR00029,126.8191,36.478,708.2531,0.6611,5.0,0.0,0,Normal
TR00030,106.5457,44.2394,733.0137,0.6582,3.0,0.0,0,Normal
TR00031,87.0437,79.6635,891.1139,0.6571,4.0,0.0,0,Normal
TR00032,76.4594,39.3376,641.8011,0.6473,1.0,0.0,0,Normal
TR00033,56.3451,26.6582,640.5256,0.4307,1.0,0.0,0,Normal
TR00034,269.0465,21.2857,689.5403,0.7539,3.0,0.0,0,Normal
TR00035,103.5711,41.469,752.6904,0.1868,5.0,1.0,0,Normal
TR00036,101.3825,52.6961,690.8467,0.6285,3.0,0.0,0,Normal
TR00037,63.2129,32.6809,691.0282,0.4951,1.0,1.0,0,Normal
TR00038,252.1007,32.869,669.6338,0.3517,1.0,1.0,0,Normal
TR00039,79.5954,18.4074,521.5154,0.4498,3.0,1.0,0,Normal
TR00040,137.0942,46.3505,709.7666,0.5262,5.0,0.0,0,Normal
TR00041,153.7252,44.763,718.2984,0.3197,4.0,1.0,0,Normal
TR00042,126.1877,32.3443,709.2789,0.462,5.0,1.0,0,Normal
TR00043,44.3684,28.0503,779.6061,0.3787,1.0,0.0,0,Normal
TR00044,174.9933,41.6156,623.0877,0.5933,3.0,0.0,0,Normal
TR00045,79.0724,29.3214,646.2947,0.5968,3.0,1.0,0,Normal
TR00046,189.7354,35.0337,524.8423,0.2656,6.0,0.0,0,Normal
TR00047,112.7081,37.5158,701.6923,0.5351,4.0,0.0,0,Normal
TR00048,159.4942,28.8567,680.1818,0.5602,3.0,0.0,0,Normal
TR00049,242.1276,47.7986,690.6978,0.2196,2.0,0.0,0,Normal
TR00050,171.0718,30.5892,779.8406,0.5755,4.0,1.0,0,Normal
TR00051,161.8763,30.5875,770.5721,0.6669,4.0,0.0,0,Normal
TR00052,179.8369,42.863,729.7392,0.7181,1.0,0.0,0,Normal
TR00053,68.7845,14.7403,637.4381,0.5594,4.0,0.0,0,Normal
TR00054,194.6316,25.6254,761.7822,0.3317,7.0,0.0,0,Normal
TR00055,98.5751,29.9601,684.2757,0.5431,5.0,0.0,0,Normal
TR00056,100.6383,18.6603,623.8936,0.5479,2.0,0.0,0,Normal
TR00057,123.7173,23.9809,571.132,0.5889,4.0,1.0,0,Normal
TR00058,92.8417,60.7264,738.998,0.731,5.0,1.0,0,Normal
TR00059,59.855,27.0914,728.4359,0.5028,4.0,0.0,0,Normal
TR00060,117.9004,54.249,899.5032,0.5744,1.0,1.0,0,Normal
TR00061,100.9455,12.4576,663.7701,0.4864,3.0,0.0,0,Normal
TR00062,98.6747,32.4882,635.9285,0.5054,2.0,0.0,0,Normal
TR00063,110.4453,30.3432,622.7122,0.5665,5.0,0.0,0,Normal
TR00064,26.9515,50.0646,760.9706,0.4242,5.0,1.0,0,Normal
TR00065,99.1399,37.4712,604.3269,0.6474,3.0,0.0,0,Normal
TR00066,260.4275,51.2963,770.1589,0.5465,5.0,0.0,0,Normal
TR00067,248.1099,24.3578,746.3403,0.5264,3.0,0.0,0,Normal
TR00068,120.4896,36.4183,716.4198,0.3457,2.0,1.0,0,Normal
TR00069,117.9522,48.8392,719.3302,0.3093,5.0,1.0,0,Normal
TR00070,23.3969,24.4494,733.3695,0.6382,2.0,0.0,0,Normal
TR00071,82.0205,16.1155,678.7823,0.7429,2.0,0.0,0,Normal
TR00072,178.7452,23.7867,615.2334,0.5577,3.0,0.0,0,Normal
TR00073,91.415,27.0122,803.9013,0.8012,2.0,1.0,0,Normal
TR00074,216.1673,39.0771,693.9591,0.6514,3.0,0.0,0,Normal
TR00075,208.3247,34.1959,759.2342,0.309,3.0,1.0,0,Normal
TR00076,80.9903,46.5576,557.6116,0.515,2.0,0.0,0,Normal
TR00077,126.2049,27.4024,776.2116,0.4173,1.0,0.0,0,Normal
TR00078,272.8913,27.7358,808.3217,0.5511,1.0,0.0,0,Normal
TR00079,43.7344,37.5511,726.1283,0.5076,5.0,1.0,0,Normal
TR00080,92.7175,29.2767,729.3668,0.6386,7.0,0.0,0,Normal
TR00081,40.9476,44.8449,756.0147,0.6221,6.0,0.0,0,Normal
TR00082,65.6141,32.3132,635.5884,0.3844,3.0,0.0,0,Normal
TR00083,321.2929,31.372,726.9845,0.509,2.0,0.0,0,Normal
TR00084,92.6973,28.6961,631.5449,0.554,1.0,0.0,0,Normal
TR00085,30.6742,23.1094,625.8003,0.5161,4.0,1.0,0,Normal
TR00086,59.4571,35.9285,797.0417,0.6433,3.0,0.0,0,Normal
TR00087,38.2564,25.508,753.9115,0.3334,3.0,0.0,0,Normal
TR00088,129.245,28.0477,650.9746,0.3595,2.0,0.0,0,Normal
TR00089,152.341,32.916,666.549,0.3783,3.0,0.0,0,Normal
TR00090,196.2146,40.2688,671.3108,0.6487,5.0,0.0,0,Normal
TR00091,172.9429,43.2449,777.0782,0.6495,2.0,1.0,0,Normal
TR00092,45.0828,34.1416,626.7595,0.3914,3.0,0.0,0,Normal
TR00093,147.6417,29.5185,711.9397,0.4842,2.0,0.0,0,Normal
TR00094,107.4325,32.1595,749.6451,0.3091,3.0,1.0,0,Normal
TR00095,213.5099,18.5365,653.2063,0.3116,4.0,0.0,0,Normal
TR00096,184.9792,17.2123,734.2688,0.4276,6.0,0.0,0,Normal
TR00097,346.6846,20.425,644.5996,0.6453,2.0,0.0,0,Normal
TR00098,62.5956,17.4191,657.6547,0.5747,6.0,0.0,0,Normal
TR00099,56.9083,39.6989,646.2187,0.3706,4.0,0.0,0,Normal
TR00100,85.2943,25.2191,745.8949,0.4018,2.0,0.0,0,Normal
TR00101,110.1628,23.9522,634.595,0.3169,2.0,0.0,0,Normal
TR00102,74.8801,55.4839,782.546,0.4394,2.0,1.0,0,Normal
TR00103,64.7437,24.4348,683.8899,0.4543,4.0,0.0,0,Normal
TR00104,141.6849,40.9864,655.3526,0.5371,2.0,1.0,0,Normal
TR00105,85.1261,15.9953,631.4127,0.4563,1.0,0.0,0,Normal
TR00106,72.8401,35.6836,790.1878,0.198,4.0,0.0,0,Normal
TR00107,45.029,26.7999,687.7948,0.3071,2.0,0.0,0,Normal
TR00108,24.4248,30.4401,618.7418,0.6584,2.0,0.0,0,Normal
TR00109,252.8818,55.4044,755.2314,0.507,4.0,0.0,0,Normal
TR00110,248.3852,14.5448,648.4996,0.4879,2.0,1.0,0,Normal
TR00111,188.4133,53.564,957.7963,0.546,2.0,0.0,0,Normal
TR00112,162.286,34.2225,728.359,0.4128,1.0,0.0,0,Normal
TR00113,80.1453,26.209,655.6888,0.6366,2.0,0.0,0,Normal
TR00114,166.3602,15.4446,762.9856,0.5223,5.0,0.0,0,Normal
TR00115,54.2979,34.8459,573.5881,0.4147,3.0,0.0,0,Normal
TR00116,124.3052,29.7975,690.6509,0.7807,2.0,0.0,0,Normal
TR00117,68.8858,34.7155,847.8227,0.4944,5.0,0.0,0,Normal
TR00118,166.7839,41.1786,692.6037,0.6535,4.0,1.0,0,Normal
TR00119,284.0067,63.9034,655.438,0.6352,3.0,0.0,0,Normal
TR00120,59.3093,30.2919,664.6344,0.3573,3.0,0.0,0,Normal
TR00121,82.7124,16.274,773.8638,0.4193,6.0,0.0,0,Normal
TR00122,122.8607,36.595,732.5811,0.7301,2.0,0.0,0,Normal
TR00123,32.9303,34.4275,649.0242,0.4429,2.0,0.0,0,Normal
TR00124,39.415,53.592,713.6159,0.5139,1.0,0.0,0,Normal
TR00125,279.0266,41.5617,694.4312,0.4199,3.0,1.0,0,Normal
TR00126,142.0709,50.5333,738.22,0.5771,6.0,0.0,0,Normal
TR00127,77.311,57.8472,861.5852,0.4176,6.0,0.0,0,Normal
TR00128,114.7979,12.138,742.227,0.6471,3.0,0.0,0,Normal
TR00129,85.5258,20.9689,713.0709,0.5473,4.0,0.0,0,Normal
TR00130,125.1621,21.4261,580.9948,0.5737,2.0,1.0,0,Normal
TR00131,87.5978,29.9007,594.9631,0.6346,2.0,0.0,0,Normal
TR00132,109.2299,20.7229,702.1998,0.5166,4.0,1.0,0,Normal
TR00133,175.8875,45.1665,630.2755,0.4519,2.0,0.0,0,Normal
TR00134,169.0397,25.9242,677.0815,0.2785,4.0,0.0,0,Normal
TR00135,269.6269,18.9554,684.4235,0.6414,4.0,0.0,0,Normal
TR00136,148.3282,16.5081,592.5894,0.6508,4.0,0.0,0,Normal
TR00137,119.4317,33.4054,639.5607,0.7693,3.0,1.0,0,Normal
TR00138,293.8636,40.9131,727.1657,0.574,9.0,0.0,0,Normal
TR00139,102.1391,68.0801,840.3106,0.3558,2.0,0.0,0,Normal
TR00140,25.688,114.1261,966.319,0.7094,4.0,0.0,0,Normal
TR00141,189.8325,41.5268,757.7031,0.4538,2.0,0.0,0,Normal
TR00142,137.6596,26.0014,677.9512,0.4076,3.0,1.0,0,Normal
TR00143,115.9307,13.266,600.44,0.5731,1.0,0.0,0,Normal
TR00144,192.8893,39.6922,634.5568,0.3626,3.0,0.0,0,Normal
TR00145,88.0822,13.9375,641.0986,0.5794,2.0,0.0,0,Normal
TR00146,26.3917,31.1928,715.889,0.4486,3.0,0.0,0,Normal
TR00147,195.2065,25.6314,705.4281,0.6754,3.0,1.0,0,Normal
TR00148,75.5539,33.2982,548.4134,0.5956,2.0,1.0,0,Normal
TR00149,60.8696,51.9714,690.1808,0.2737,2.0,0.0,0,Normal
TR00150,27.1868,29.2466,789.7703,0.6284,3.0,0.0,0,Normal
TR00151,185.3721,22.4472,700.3886,0.4403,2.0,2.0,0,Normal
TR00152,21.3162,17.1527,572.5919,0.8024,7.0,0.0,0,Normal
TR00153,240.9739,18.6619,824.5008,0.1584,2.0,0.0,0,Normal
TR00154,93.7038,29.5387,683.1948,0.509,3.0,1.0,0,Normal
TR00155,190.7699,24.4456,725.1165,0.3773,2.0,1.0,0,Normal
TR00156,151.1114,62.3344,816.0664,0.7826,5.0,0.0,0,Normal
TR00157,326.6944,30.1835,678.7675,0.2644,3.0,1.0,0,Normal
TR00158,148.596,46.5645,689.9473,0.6468,4.0,1.0,0,Normal
TR00159,235.6145,19.1361,833.3832,0.254,3.0,1.0,0,Normal
TR00160,81.0311,12.3439,738.8597,0.5733,2.0,0.0,0,Normal
TR00161,39.3142,17.2266,730.8751,0.5715,3.0,0.0,0,Normal
TR00162,208.8762,24.0288,719.334,0.4883,4.0,0.0,0,Normal
TR00163,38.5736,72.3302,745.3506,0.5421,6.0,0.0,0,Normal
TR00164,184.1295,22.0844,766.0857,0.2721,4.0,1.0,0,Normal
TR00165,56.2304,50.8014,674.7522,0.4811,4.0,0.0,0,Normal
TR00166,139.3296,15.3915,694.5812,0.243,1.0,0.0,0,Normal
TR00167,330.375,46.2908,623.5502,0.3838,3.0,2.0,0,Normal
TR00168,175.4627,42.7393,571.1785,0.3971,3.0,1.0,0,Normal
TR00169,102.424,27.8712,717.1867,0.6012,3.0,1.0,0,Normal
TR00170,153.285,28.5885,642.0051,0.402,2.0,0.0,0,Normal
TR00171,82.9553,30.1235,541.5234,0.2818,4.0,0.0,0,Normal
TR00172,407.4281,37.0626,754.3266,0.4254,2.0,0.0,0,Normal
TR00173,71.8852,31.9563,834.4901,0.7245,2.0,1.0,0,Normal
TR00174,109.6815,21.2695,765.081,0.3897,3.0,1.0,0,Normal
TR00175,165.9794,16.9947,648.7601,0.5155,3.0,0.0,0,Normal
TR00176,146.5096,36.8042,706.6335,0.7288,3.0,0.0,0,Normal
TR00177,156.8325,63.7152,837.4218,0.846,2.0,0.0,0,Normal
TR00178,84.0807,39.3286,784.1094,0.676,3.0,0.0,0,Normal
TR00179,99.7408,27.7028,672.0639,0.7626,1.0,1.0,0,Normal
TR00180,203.0625,36.2876,712.5964,0.5191,1.0,0.0,0,Normal
TR00181,197.0185,55.0745,779.4983,0.7721,3.0,0.0,0,Normal
TR00182,148.677,38.6093,746.4929,0.3691,2.0,0.0,0,Normal
TR00183,253.3657,21.8016,678.0033,0.7132,2.0,0.0,0,Normal
TR00184,207.9734,56.0111,738.9095,0.3622,4.0,0.0,0,Normal
TR00185,193.4233,40.6456,812.3731,0.7753,3.0,0.0,0,Normal
TR00186,38.1152,54.408,857.1481,0.5173,3.0,1.0,0,Normal
TR00187,147.5678,40.6012,739.8185,0.3635,3.0,0.0,0,Normal
TR00188,131.5712,30.3043,788.1723,0.2656,3.0,0.0,0,Normal
TR00189,272.9826,23.0224,637.982,0.3778,1.0,0.0,0,Normal
TR00190,105.7844,71.1504,893.647,0.6162,6.0,0.0,0,Normal
TR00191,124.9079,66.4282,822.9795,0.4343,2.0,1.0,0,Normal
TR00192,55.7495,21.3685,923.1618,0.3019,4.0,0.0,0,Normal
TR00193,63.0793,18.0224,604.6338,0.5713,4.0,0.0,0,Normal
TR00194,273.5083,60.3938,719.5419,0.7832,2.0,0.0,0,Normal
TR00195,156.4633,17.1412,699.5687,0.3696,2.0,0.0,0,Normal
TR00196,330.8234,17.4031,702.7464,0.5828,4.0,1.0,0,Normal
TR00197,104.5544,41.6134,861.3276,0.261,3.0,0.0,0,Normal
TR00198,43.988,30.1906,640.9955,0.4792,4.0,1.0,0,Normal
TR00199,95.1947,24.6674,763.1724,0.4818,1.0,0.0,0,Normal
TR00200,84.976,27.6326,776.065,0.4379,3.0,0.0,0,Normal
TR00201,179.2141,44.4237,761.5113,0.1898,2.0,0.0,0,Normal
TR00202,174.8421,52.4172,697.2143,0.593,1.0,0.0,0,Normal
TR00203,161.2608,37.5897,801.6454,0.5435,4.0,0.0,0,Normal
TR00204,392.8943,39.5143,810.8975,0.6027,2.0,0.0,0,Normal
TR00205,244.5574,16.2556,695.7876,0.4311,1.0,0.0,0,Normal
TR00206,66.0224,36.8385,712.684,0.5464,2.0,1.0,0,Normal
TR00207,212.1113,26.1629,691.9688,0.4548,2.0,1.0,0,Normal
TR00208,119.7868,23.7252,662.4369,0.6689,4.0,0.0,0,Normal
TR00209,102.721,16.3715,720.1787,0.464,4.0,0.0,0,Normal
TR00210,263.0537,33.3785,691.705,0.7374,4.0,0.0,0,Normal
TR00211,63.278,42.7491,678.1347,0.5177,2.0,0.0,0,Normal
TR00212,203.6074,19.6298,592.4287,0.4153,2.0,0.0,0,Normal
TR00213,184.4935,33.7056,648.3933,0.5,2.0,0.0,0,Normal
TR00214,62.4851,28.5373,700.8286,0.397,4.0,0.0,0,Normal
TR00215,37.2857,29.5705,687.8273,0.5146,4.0,1.0,0,Normal
TR00216,111.5228,44.5402,756.9721,0.4096,8.0,0.0,0,Normal
TR00217,227.0227,33.3654,755.3438,0.4444,3.0,0.0,0,Normal
TR00218,147.2168,60.479,716.3806,0.5864,5.0,0.0,0,Normal
TR00219,268.1649,30.9186,797.5697,0.5153,2.0,0.0,0,Normal
TR00220,141.0402,29.6364,660.9841,0.5249,4.0,1.0,0,Normal
TR00221,278.9769,28.9048,662.4812,0.664,3.0,0.0,0,Normal
TR00222,79.23,28.4051,742.3443,0.4118,1.0,0.0,0,Normal
TR00223,160.9469,39.294,577.6027,0.5049,3.0,0.0,0,Normal
TR00224,90.7383,18.4415,615.3959,0.4563,2.0,0.0,0,Normal
TR00225,109.3214,34.9496,771.7741,0.2382,1.0,1.0,0,Normal
TR00226,124.6375,31.9819,586.4285,0.3543,3.0,0.0,0,Normal
TR00227,146.926,100.3399,928.5263,0.5066,3.0,1.0,0,Normal
TR00228,72.2751,66.0043,901.7474,0.6739,3.0,1.0,0,Normal
TR00229,156.2302,20.6751,650.0437,0.3359,3.0,0.0,0,Normal
TR00230,120.7215,28.8988,711.3308,0.2152,5.0,0.0,0,Normal
TR00231,45.6206,11.8457,741.6027,0.538,4.0,1.0,0,Normal
TR00232,33.8878,26.6217,649.7475,0.8071,4.0,0.0,0,Normal
TR00233,227.5354,44.5953,772.0835,0.5884,1.0,0.0,0,Normal
TR00234,105.9127,50.6486,705.7719,0.3628,6.0,1.0,0,Normal
TR00235,42.4845,25.535,645.4661,0.4715,2.0,0.0,0,Normal
TR00236,306.6016,10.5654,624.8279,0.3894,3.0,0.0,0,Normal
TR00237,166.0805,12.7914,676.4504,0.572,3.0,0.0,0,Normal
TR00238,144.5094,28.3216,775.7748,0.6768,1.0,0.0,0,Normal
TR00239,68.0608,16.389,658.3158,0.5253,3.0,0.0,0,Normal
TR00240,45.1951,31.0272,595.0624,0.794,3.0,0.0,0,Normal
TR00241,131.6923,20.5103,599.5643,0.4605,4.0,0.0,0,Normal
TR00242,115.9714,29.8705,724.5166,0.6445,3.0,0.0,0,Normal
TR00243,56.3558,13.4085,787.3243,0.5023,2.0,0.0,0,Normal
TR00244,55.0466,7.6964,690.7619,0.4322,1.0,0.0,0,Normal
TR00245,53.2257,72.5987,788.5639,0.3974,7.0,1.0,0,Normal
TR00246,52.0177,23.44,720.2193,0.2297,2.0,0.0,0,Normal
TR00247,77.5203,9.6382,653.705,0.2948,3.0,0.0,0,Normal
TR00248,144.5398,65.3849,766.5613,0.6227,3.0,0.0,0,Normal
TR00249,159.8874,106.4053,823.9176,0.6512,2.0,0.0,0,Normal
TR00250,114.4594,28.2819,767.5008,0.4181,4.0,1.0,0,Normal
TR00251,127.9363,31.2575,510.7916,0.3904,1.0,0.0,0,Normal
TR00252,164.6091,34.1502,768.1904,0.5002,2.0,1.0,0,Normal
TR00253,28.8337,72.6636,752.8904,0.2222,3.0,0.0,0,Normal
TR00254,134.2935,17.4393,644.1308,0.2617,4.0,0.0,0,Normal
TR00255,251.1845,33.9131,810.631,0.5047,3.0,1.0,0,Normal
TR00256,104.1513,37.5603,680.8975,0.5629,4.0,0.0,0,Normal
TR00257,221.9503,43.7771,668.4221,0.4208,2.0,1.0,0,Normal
TR00258,105.3878,25.2929,679.1814,0.4628,3.0,1.0,0,Normal
TR00259,171.3882,25.1085,724.5969,0.4201,3.0,1.0,0,Normal
TR00260,142.7148,16.8767,633.976,0.3461,6.0,1.0,0,Normal
TR00261,52.6552,30.3406,582.2145,0.7051,7.0,0.0,0,Normal
TR00262,61.1303,26.139,630.9331,0.2898,4.0,0.0,0,Normal
TR00263,278.9668,38.0473,797.8873,0.3122,5.0,0.0,0,Normal
TR00264,194.5991,22.4279,688.5916,0.7733,1.0,1.0,0,Normal
TR00265,109.9799,42.1105,749.0976,0.6695,1.0,1.0,0,Normal
TR00266,100.8901,51.1747,724.1094,0.4014,4.0,0.0,0,Normal
TR00267,68.3636,33.854,659.2318,0.5644,1.0,0.0,0,Normal
TR00268,150.347,34.8878,830.1666,0.4454,6.0,1.0,0,Normal
TR00269,72.2888,33.4801,688.6327,0.642,1.0,0.0,0,Normal
TR00270,92.5797,34.7524,668.9669,0.3989,5.0,0.0,0,Normal
TR00271,77.3172,33.9429,755.8147,0.3375,1.0,2.0,0,Normal
TR00272,187.2409,41.2465,660.8082,0.4511,5.0,0.0,0,Normal
TR00273,107.095,35.5988,655.1661,0.706,3.0,0.0,0,Normal
TR00274,128.5442,92.5243,813.4217,0.2614,4.0,0.0,0,Normal
TR00275,53.3523,64.5433,774.9276,0.6327,3.0,1.0,0,Normal
TR00276,76.9708,40.0528,732.2468,0.4498,4.0,0.0,0,Normal
TR00277,130.3324,26.7456,824.4806,0.3886,3.0,1.0,0,Normal
TR00278,38.6243,15.0111,693.6771,0.7022,2.0,0.0,0,Normal
TR00279,102.0107,50.5543,585.4709,0.3201,3.0,0.0,0,Normal
TR00280,116.6975,33.2027,732.1749,0.5943,3.0,0.0,0,Normal
TR00281,49.0223,42.3879,720.5262,0.7109,6.0,0.0,0,Normal
TR00282,216.0009,14.5082,661.4893,0.572,4.0,0.0,0,Normal
TR00283,145.899,47.932,755.3186,0.8335,3.0,0.0,0,Normal
TR00284,106.5916,44.1664,714.8154,0.3427,2.0,0.0,0,Normal
TR00285,73.3792,24.3883,666.4986,0.3466,4.0,0.0,0,Normal
TR00286,37.6829,25.4422,728.54,0.5808,2.0,0.0,0,Normal
TR00287,206.0543,32.3981,671.4246,0.6698,2.0,0.0,0,Normal
TR00288,87.0997,38.3894,635.4444,0.7467,2.0,0.0,0,Normal
TR00289,43.9832,32.174,902.4262,0.1735,2.0,0.0,0,Normal
TR00290,72.0226,22.6076,646.4873,0.1821,3.0,0.0,0,Normal
TR00291,155.565,27.2207,698.9762,0.3544,2.0,0.0,0,Normal
TR00292,136.6601,34.9451,600.5977,0.6471,4.0,1.0,0,Normal
TR00293,56.5244,63.2626,776.5739,0.612,4.0,1.0,0,Normal
TR00294,228.47,15.4394,581.8963,0.6764,1.0,0.0,0,Normal
TR00295,43.6035,30.3895,661.4517,0.6352,3.0,0.0,0,Normal
TR00296,257.2724,37.3887,779.3107,0.3497,3.0,0.0,0,Normal
TR00297,133.0497,36.5567,743.6307,0.6782,1.0,1.0,0,Normal
TR00298,91.4425,24.003,728.2194,0.5237,5.0,1.0,0,Normal
TR00299,99.8459,13.9946,534.268,0.4024,3.0,0.0,0,Normal
TR00300,123.6869,36.8213,840.3985,0.6478,4.0,0.0,0,Normal
TR00301,163.0691,65.9302,701.8273,0.5062,2.0,0.0,0,Normal
TR00302,33.6611,7.3744,769.0049,0.4186,3.0,0.0,0,Normal
TR00303,70.4824,44.0081,806.4968,0.5067,5.0,0.0,0,Normal
TR00304,121.2051,28.1567,730.1025,0.6089,4.0,0.0,0,Normal
TR00305,233.7544,29.7795,638.1169,0.6721,3.0,1.0,0,Normal
TR00306,228.3919,19.3294,682.0201,0.7441,5.0,0.0,0,Normal
TR00307,289.5533,30.2463,656.5514,0.7041,2.0,0.0,0,Normal
TR00308,221.8261,49.8489,760.1421,0.5826,1.0,1.0,0,Normal
TR00309,67.0374,32.732,704.6895,0.4936,1.0,0.0,0,Normal
TR00310,116.3917,64.5006,642.901,0.4701,3.0,0.0,0,Normal
TR00311,222.6268,56.291,829.7009,0.458,3.0,0.0,0,Normal
TR00312,209.6065,46.9183,710.5238,0.4489,3.0,0.0,0,Normal
TR00313,103.1023,70.4763,752.4781,0.5735,2.0,3.0,0,Normal
TR00314,160.2971,31.1377,676.9746,0.4764,6.0,1.0,0,Normal
TR00315,86.7835,44.1465,758.363,0.4937,4.0,0.0,0,Normal
TR00316,41.4074,29.5355,628.0679,0.4026,2.0,0.0,0,Normal
TR00317,108.9696,33.7949,544.4052,0.5741,2.0,0.0,0,Normal
TR00318,104.8184,26.5712,708.1858,0.6527,2.0,0.0,0,Normal
TR00319,84.1097,43.9049,777.5626,0.2561,5.0,2.0,0,Normal
TR00320,163.4692,19.8332,654.7969,0.6821,1.0,0.0,0,Normal
TR00321,100.9043,46.5498,650.7671,0.7839,7.0,0.0,0,Normal
TR00322,149.7124,33.6659,700.0694,0.1844,2.0,0.0,0,Normal
TR00323,185.1554,48.3061,648.3195,0.5537,1.0,0.0,0,Normal
TR00324,421.764,42.1385,657.7546,0.6792,4.0,0.0,0,Normal
TR00325,110.1438,55.2261,739.3142,0.5632,3.0,0.0,0,Normal
TR00326,235.7366,40.3884,787.8149,0.4801,3.0,2.0,0,Normal
TR00327,135.4329,13.9129,635.9547,0.3791,3.0,1.0,0,Normal
TR00328,140.3449,26.0148,666.4311,0.6724,2.0,0.0,0,Normal
TR00329,111.1,20.3882,805.7288,0.2624,3.0,0.0,0,Normal
TR00330,128.1588,25.4606,709.0232,0.6562,2.0,0.0,0,Normal
TR00331,101.508,49.0715,794.6485,0.6835,7.0,0.0,0,Normal
TR00332,211.3047,42.9028,698.6841,0.4692,5.0,0.0,0,Normal
TR00333,72.2037,19.2179,637.9029,0.3409,2.0,0.0,0,Normal
TR00334,41.148,23.3332,519.2133,0.5728,2.0,1.0,0,Normal
TR00335,82.324,26.0344,768.9209,0.5823,3.0,0.0,0,Normal
TR00336,76.7194,19.3475,699.3755,0.5451,4.0,1.0,0,Normal
TR00337,82.2954,22.7239,667.8076,0.2367,3.0,0.0,0,Normal
TR00338,107.4039,37.9961,701.5956,0.6881,2.0,1.0,0,Normal
TR00339,82.4943,52.6091,801.4941,0.4413,2.0,0.0,0,Normal
TR00340,106.4368,40.047,614.4774,0.6032,6.0,0.0,0,Normal
TR00341,82.6611,4.5426,609.2681,0.1929,4.0,0.0,0,Normal
TR00342,151.6797,28.9776,631.368,0.2725,2.0,1.0,0,Normal
TR00343,419.4457,30.0635,826.463,0.3263,4.0,0.0,0,Normal
TR00344,133.7413,38.0341,776.4845,0.6302,6.0,1.0,0,Normal
TR00345,84.8744,60.0476,623.5336,0.6892,5.0,0.0,0,Normal
TR00346,23.3156,16.5787,547.6683,0.2528,2.0,0.0,0,Normal
TR00347,337.3189,23.5688,673.1482,0.5495,2.0,1.0,0,Normal
TR00348,138.4534,36.1891,689.4645,0.71,1.0,0.0,0,Normal
TR00349,105.8327,15.0783,568.4652,0.1946,6.0,0.0,0,Normal
TR00350,24.0335,60.609,904.8325,0.6867,5.0,1.0,0,Normal
TR00351,109.3953,38.9786,735.2633,0.1719,3.0,0.0,0,Normal
TR00352,127.4765,55.0555,767.3961,0.4726,1.0,1.0,0,Normal
TR00353,82.8577,21.8327,634.502,0.412,2.0,0.0,0,Normal
TR00354,46.3603,44.6711,783.1553,0.4411,4.0,0.0,0,Normal
TR00355,44.3822,52.2543,718.679,0.5183,2.0,1.0,0,Normal
TR00356,340.5582,35.1709,688.3861,0.6247,3.0,0.0,0,Normal
TR00357,125.1771,32.8075,751.0467,0.7084,6.0,0.0,0,Normal
TR00358,82.8095,28.1014,595.5895,0.623,5.0,0.0,0,Normal
TR00359,120.5122,19.7134,787.4608,0.4827,3.0,1.0,0,Normal
TR00360,115.3672,24.7089,707.9607,0.3267,4.0,0.0,0,Normal
TR00361,42.9604,21.3813,784.702,0.4585,5.0,1.0,0,Normal
TR00362,202.8727,33.6125,638.6978,0.3288,3.0,0.0,0,Normal
TR00363,104.0712,43.4637,677.1264,0.5591,2.0,1.0,0,Normal
TR00364,126.2634,23.4338,589.9542,0.286,3.0,0.0,0,Normal
TR00365,273.5083,33.3687,713.4289,0.4596,4.0,0.0,0,Normal
TR00366,47.275,55.098,773.6623,0.3883,2.0,0.0,0,Normal
TR00367,69.7645,22.1151,646.0317,0.5858,4.0,0.0,0,Normal
TR00368,143.1,13.364,605.6532,0.729,2.0,0.0,0,Normal
TR00369,200.4361,32.3662,618.4329,0.5183,3.0,2.0,0,Normal
TR00370,77.8262,47.6163,730.6597,0.4188,5.0,0.0,0,Normal
TR00371,80.758,36.2786,667.7938,0.7316,2.0,0.0,0,Normal
TR00372,172.5365,52.3535,711.8043,0.5113,6.0,1.0,0,Normal
TR00373,399.7267,51.1191,842.9458,0.3767,1.0,1.0,0,Normal
TR00374,123.0497,37.9939,728.168,0.3836,5.0,0.0,0,Normal
TR00375,69.6186,34.1471,809.8662,0.4328,3.0,0.0,0,Normal
TR00376,56.9549,88.6077,795.3209,0.5899,3.0,0.0,0,Normal
TR00377,107.2017,37.7137,710.5296,0.4652,3.0,0.0,0,Normal
TR00378,194.8397,16.2615,650.6025,0.3478,1.0,0.0,0,Normal
TR00379,506.5734,62.5711,658.0986,0.4596,2.0,0.0,0,Normal
TR00380,96.0259,15.4277,785.9928,0.6714,4.0,1.0,0,Normal
TR00381,123.174,23.371,694.2474,0.624,1.0,0.0,0,Normal
TR00382,306.6376,56.1118,810.9111,0.4958,3.0,1.0,0,Normal
TR00383,141.6335,14.5361,608.1741,0.5496,3.0,1.0,0,Normal
TR00384,134.3247,13.3875,655.7526,0.6213,2.0,1.0,0,Normal
TR00385,271.4224,16.6609,600.1533,0.4477,4.0,0.0,0,Normal
TR00386,125.0067,23.5,763.8307,0.5089,3.0,0.0,0,Normal
TR00387,60.0808,43.2115,738.0222,0.542,3.0,0.0,0,Normal
TR00388,238.4381,40.5638,745.3957,0.6984,4.0,0.0,0,Normal
TR00389,38.4859,42.0791,804.9157,0.7525,5.0,0.0,0,Normal
TR00390,214.4449,17.7189,745.1412,0.241,2.0,0.0,0,Normal
TR00391,117.0738,11.551,703.8932,0.3932,1.0,1.0,0,Normal
TR00392,96.6838,38.0605,602.3264,0.3804,4.0,1.0,0,Normal
TR00393,95.0856,21.3558,636.9225,0.6548,2.0,1.0,0,Normal
TR00394,106.937,52.8822,646.7528,0.5978,3.0,0.0,0,Normal
TR00395,87.8453,44.8486,778.3582,0.525,5.0,0.0,0,Normal
TR00396,154.6328,35.8171,716.728,0.5949,4.0,1.0,0,Normal
TR00397,89.8579,46.6608,632.7524,0.8504,2.0,0.0,0,Normal
TR00398,117.6244,44.6194,694.8723,0.3271,2.0,1.0,0,Normal
TR00399,29.3057,43.9419,615.3605,0.3931,5.0,0.0,0,Normal
TR00400,117.1328,15.7768,675.7843,0.3408,3.0,0.0,0,Normal
TR00401,86.7086,36.6922,578.311,0.3603,3.0,0.0,0,Normal
TR00402,204.9053,33.0525,743.9105,0.3986,4.0,0.0,0,Normal
TR00403,99.2877,45.7024,759.3739,0.437,2.0,0.0,0,Normal
TR00404,186.9973,20.7263,821.3627,0.3822,4.0,0.0,0,Normal
TR00405,174.1175,42.4612,778.9267,0.6272,6.0,0.0,0,Normal
TR00406,177.0779,25.3625,661.9444,0.525,4.0,2.0,0,Normal
TR00407,101.5727,30.9594,753.4114,0.3013,2.0,0.0,0,Normal
TR00408,122.0414,43.917,635.5072,0.3533,4.0,0.0,0,Normal
TR00409,152.0806,23.4801,587.2646,0.3426,1.0,1.0,0,Normal
TR00410,124.4194,28.4752,689.7297,0.9181,4.0,0.0,0,Normal
TR00411,99.4276,17.4035,511.8499,0.4619,3.0,0.0,0,Normal
TR00412,63.7682,12.3284,647.4201,0.5071,1.0,0.0,0,Normal
TR00413,118.4944,22.2003,608.7505,0.1963,6.0,1.0,0,Normal
TR00414,41.2477,49.3679,736.6862,0.4236,6.0,0.0,0,Normal
TR00415,28.0537,26.7468,615.5368,0.7267,3.0,0.0,0,Normal
TR00416,54.475,32.6651,736.627,0.3813,3.0,0.0,0,Normal
TR00417,175.8162,55.4553,747.7588,0.6768,4.0,0.0,0,Normal
TR00418,136.0453,53.1973,857.7476,0.4031,4.0,1.0,0,Normal
TR00419,176.9068,30.8954,698.1818,0.5044,4.0,0.0,0,Normal
TR00420,73.9554,48.5935,707.4452,0.5741,4.0,0.0,0,Normal
TR00421,217.7657,36.7834,685.8741,0.4315,3.0,0.0,0,Normal
TR00422,44.4059,32.2159,582.1823,0.461,4.0,1.0,0,Normal
TR00423,55.829,28.5365,710.7556,0.6416,5.0,0.0,0,Normal
TR00424,215.4508,24.4918,704.2466,0.6982,3.0,0.0,0,Normal
TR00425,129.9409,17.8064,847.936,0.7139,3.0,2.0,0,Normal
TR00426,177.5602,28.7142,645.3029,0.4332,5.0,0.0,0,Normal
TR00427,136.4053,40.1305,713.3702,0.5864,5.0,1.0,0,Normal
TR00428,80.9722,64.7823,744.4998,0.3962,1.0,0.0,0,Normal
TR00429,51.5293,21.7686,679.6167,0.7346,4.0,1.0,0,Normal
TR00430,32.4487,38.2492,741.0686,0.4188,5.0,0.0,0,Normal
TR00431,322.4112,13.6073,667.94,0.5937,2.0,0.0,0,Normal
TR00432,37.5412,32.4852,793.6938,0.4223,5.0,0.0,0,Normal
TR00433,265.895,23.38,652.526,0.4098,2.0,0.0,0,Normal
TR00434,125.4801,17.2888,726.111,0.283,1.0,0.0,0,Normal
TR00435,139.043,57.5774,775.8397,0.6285,7.0,1.0,0,Normal
TR00436,133.4106,31.6319,681.207,0.283,5.0,0.0,0,Normal
TR00437,164.1006,16.0921,661.8844,0.6208,3.0,0.0,0,Normal
TR00438,69.3441,27.5238,840.9129,0.6479,3.0,0.0,0,Normal
TR00439,25.9325,28.9932,623.5874,0.5633,5.0,0.0,0,Normal
TR00440,79.8712,30.5735,736.6053,0.7466,5.0,0.0,0,Normal
TR00441,155.6095,28.039,641.3722,0.6852,1.0,1.0,0,Normal
TR00442,56.1907,42.2142,836.835,0.2519,3.0,0.0,0,Normal
TR00443,221.0433,40.0056,775.2113,0.5325,5.0,1.0,0,Normal
TR00444,108.2026,49.1787,711.8259,0.6601,5.0,0.0,0,Normal
TR00445,52.8062,30.7629,725.1547,0.4571,6.0,0.0,0,Normal
TR00446,129.1398,6.5219,681.0622,0.4572,3.0,1.0,0,Normal
TR00447,153.9884,48.9833,709.0798,0.5455,4.0,0.0,0,Normal
TR00448,160.9395,33.5308,742.6741,0.4777,2.0,0.0,0,Normal
TR00449,215.5975,51.1961,775.0116,0.4201,5.0,0.0,0,Normal
TR00450,42.203,35.0959,729.0754,0.2715,5.0,0.0,0,Normal
TR00451,215.7805,34.7319,692.7785,0.7716,2.0,0.0,0,Normal
TR00452,228.0175,41.922,742.7945,0.4802,2.0,0.0,0,Normal
TR00453,51.6037,79.1644,817.5928,0.5545,3.0,1.0,0,Normal
TR00454,58.629,80.9312,815.5352,0.3956,6.0,1.0,0,Normal
TR00455,183.1252,38.3531,657.4944,0.5988,6.0,1.0,0,Normal
TR00456,90.2273,37.8916,824.1312,0.4965,7.0,0.0,0,Normal
TR00457,248.7681,51.6152,672.1894,0.0801,1.0,0.0,0,Normal
TR00458,291.5526,22.8811,706.0184,0.4663,3.0,1.0,0,Normal
TR00459,52.7667,35.6184,689.5949,0.5759,6.0,0.0,0,Normal
TR00460,68.4424,25.5924,822.304,0.71,2.0,0.0,0,Normal
TR00461,124.9585,31.7331,648.0304,0.6854,2.0,0.0,0,Normal
TR00462,25.5267,21.1396,624.9058,0.3609,6.0,0.0,0,Normal
TR00463,33.0442,17.621,593.147,0.4929,2.0,1.0,0,Normal
TR00464,63.3845,20.6018,676.1368,0.4022,3.0,0.0,0,Normal
TR00465,353.3765,19.8051,573.9216,0.4281,2.0,0.0,0,Normal
TR00466,137.2307,31.4102,652.4851,0.5179,2.0,1.0,0,Normal
TR00467,75.9486,33.689,540.0655,0.6442,2.0,0.0,0,Normal
TR00468,58.3195,71.0379,817.3174,0.6472,5.0,0.0,0,Normal
TR00469,51.2159,53.8933,712.2846,0.6961,4.0,0.0,0,Normal
TR00470,79.6248,20.1453,569.2434,0.5844,4.0,0.0,0,Normal
TR00471,76.6666,43.6423,788.5718,0.4553,3.0,0.0,0,Normal
TR00472,100.9254,30.1502,595.8909,0.5256,4.0,0.0,0,Normal
TR00473,158.603,22.4451,746.7799,0.4368,6.0,1.0,0,Normal
TR00474,111.1508,35.3979,657.4028,0.7632,2.0,0.0,0,Normal
TR00475,189.9081,49.7445,835.8698,0.5116,3.0,0.0,0,Normal
TR00476,96.3016,26.8442,741.8443,0.6643,6.0,0.0,0,Normal
TR00477,305.2073,52.2651,674.503,0.6651,3.0,0.0,0,Normal
TR00478,187.0631,22.5381,605.326,0.5886,4.0,0.0,0,Normal
TR00479,134.8743,26.9022,742.6,0.366,4.0,0.0,0,Normal
TR00480,158.9393,97.8277,839.819,0.4339,3.0,0.0,0,Normal
TR00481,81.0482,28.174,696.0039,0.4651,2.0,0.0,0,Normal
TR00482,99.8665,55.2935,855.1108,0.3255,5.0,0.0,0,Normal
TR00483,97.3884,38.6326,650.7267,0.4694,3.0,0.0,0,Normal
TR00484,70.1328,42.6238,728.4906,0.6242,4.0,0.0,0,Normal
TR00485,45.6211,29.7235,764.9386,0.5481,1.0,0.0,0,Normal
TR00486,164.3383,32.0221,751.1126,0.2225,4.0,0.0,0,Normal
TR00487,208.6128,22.7654,666.4917,0.5013,3.0,0.0,0,Normal
TR00488,150.0312,38.4017,695.6236,0.7003,2.0,1.0,0,Normal
TR00489,110.9404,25.6624,554.2286,0.3004,3.0,0.0,0,Normal
TR00490,390.1104,38.6841,651.8652,0.5326,3.0,2.0,0,Normal
TR00491,75.3184,50.6806,768.4825,0.5834,3.0,0.0,0,Normal
TR00492,137.7788,35.7642,703.6622,0.44,2.0,1.0,0,Normal
TR00493,227.2467,20.4471,696.1826,0.4691,4.0,1.0,0,Normal
TR00494,54.7687,34.1195,789.5521,0.6114,2.0,0.0,0,Normal
TR00495,172.2248,35.9501,607.1601,0.6902,1.0,1.0,0,Normal
TR00496,317.4842,49.3257,721.9725,0.5055,4.0,0.0,0,Normal
TR00497,116.9024,8.2105,670.2808,0.3329,2.0,1.0,0,Normal
TR00498,130.1082,20.0911,640.1911,0.361,2.0,0.0,0,Normal
TR00499,75.6129,13.3073,754.8738,0.3666,4.0,0.0,0,Normal
TR00500,157.8065,24.8843,726.2969,0.388,4.0,0.0,0,Normal
TR00501,69.0101,55.8107,782.1705,0.6222,3.0,0.0,0,Normal
TR00502,112.5105,53.1403,862.1094,0.6299,1.0,0.0,0,Normal
TR00503,42.029,25.4142,574.2136,0.3856,3.0,0.0,0,Normal
TR00504,20.0008,19.3813,662.0217,0.6054,4.0,0.0,0,Normal
TR00505,85.7689,2.5346,668.6765,0.5651,4.0,0.0,0,Normal
TR00506,84.8705,30.1568,619.654,0.4199,1.0,1.0,0,Normal
TR00507,90.6359,86.7641,862.1469,0.4368,4.0,1.0,0,Normal
TR00508,183.5859,42.7281,638.5709,0.4276,4.0,0.0,0,Normal
TR00509,212.2349,21.2269,731.5834,0.855,5.0,1.0,0,Normal
TR00510,141.4328,39.7882,791.3058,0.4278,3.0,0.0,0,Normal
TR00511,175.6804,18.3721,680.5937,0.4459,3.0,0.0,0,Normal
TR00512,70.3205,27.4732,560.9127,0.8046,1.0,0.0,0,Normal
TR00513,59.6085,35.388,635.7377,0.4426,4.0,0.0,0,Normal
TR00514,159.8121,29.5315,736.6884,0.7896,5.0,0.0,0,Normal
TR00515,54.2904,41.361,732.9996,0.423,4.0,0.0,0,Normal
TR00516,50.3965,45.0115,523.88,0.5165,6.0,0.0,0,Normal
TR00517,516.8631,47.6144,812.9223,0.5668,3.0,1.0,0,Normal
TR00518,121.7616,20.1613,689.48,0.7076,2.0,1.0,0,Normal
TR00519,84.9059,49.499,679.3067,0.3123,5.0,1.0,0,Normal
TR00520,78.7093,59.7136,848.2144,0.4522,2.0,0.0,0,Normal
TR00521,42.802,15.3673,625.7991,0.2438,1.0,0.0,0,Normal
TR00522,139.566,27.21,626.9108,0.4453,2.0,0.0,0,Normal
TR00523,96.1521,47.5587,785.2827,0.4558,3.0,0.0,0,Normal
TR00524,208.5417,34.1632,818.4951,0.5346,1.0,1.0,0,Normal
TR00525,162.9315,56.4412,877.9132,0.5381,2.0,0.0,0,Normal
TR00526,94.0424,25.5146,711.6107,0.4794,9.0,2.0,0,Normal
TR00527,29.2268,61.0085,799.7664,0.6516,3.0,0.0,0,Normal
TR00528,121.9709,36.7229,759.9471,0.4188,4.0,0.0,0,Normal
TR00529,115.0978,31.5341,621.1756,0.2343,2.0,1.0,0,Normal
TR00530,25.9328,65.3277,819.4381,0.3872,5.0,0.0,0,Normal
TR00531,151.4118,28.056,637.3378,0.4932,5.0,0.0,0,Normal
TR00532,53.0862,15.2716,696.1732,0.3865,5.0,0.0,0,Normal
TR00533,215.2523,25.6558,670.3401,0.4811,8.0,1.0,0,Normal
TR00534,110.6716,45.6016,751.8226,0.4236,2.0,0.0,0,Normal
TR00535,77.2647,24.9616,669.7139,0.6809,8.0,0.0,0,Normal
TR00536,133.0366,45.4109,509.4482,0.4871,3.0,0.0,0,Normal
TR00537,127.8985,19.568,696.3217,0.5651,4.0,1.0,0,Normal
TR00538,124.9401,54.2752,794.506,0.6834,5.0,1.0,0,Normal
TR00539,197.9914,15.9608,680.4813,0.3065,5.0,0.0,0,Normal
TR00540,138.186,26.6259,670.3123,0.479,2.0,1.0,0,Normal
TR00541,72.8264,19.6839,774.3491,0.5095,3.0,0.0,0,Normal
TR00542,98.0519,24.4337,698.3396,0.4887,2.0,0.0,0,Normal
TR00543,263.0125,35.1459,739.4069,0.5659,2.0,0.0,0,Normal
TR00544,68.6111,26.6378,767.3135,0.2656,2.0,0.0,0,Normal
TR00545,149.8909,19.2799,717.3054,0.3891,5.0,0.0,0,Normal
TR00546,202.4923,31.6287,631.965,0.572,2.0,1.0,0,Normal
TR00547,159.0066,35.784,536.4506,0.3235,5.0,1.0,0,Normal
TR00548,122.4505,23.7381,638.9772,0.6439,3.0,0.0,0,Normal
TR00549,134.6931,36.3731,780.9182,0.6407,4.0,0.0,0,Normal
TR00550,165.2879,45.4942,700.9559,0.4417,5.0,0.0,0,Normal
TR00551,68.0782,47.8896,770.1246,0.5138,5.0,0.0,0,Normal
TR00552,115.5756,40.8185,731.4767,0.4533,3.0,2.0,0,Normal
TR00553,388.7524,35.9341,800.7708,0.4855,6.0,0.0,0,Normal
TR00554,152.7809,76.7687,787.3941,0.3038,2.0,0.0,0,Normal
TR00555,125.2084,41.0123,729.8595,0.539,5.0,0.0,0,Normal
TR00556,91.7987,23.0096,725.7316,0.7055,6.0,0.0,0,Normal
TR00557,68.5793,24.3347,783.4088,0.5043,5.0,0.0,0,Normal
TR00558,137.5317,16.7442,552.3917,0.4966,5.0,1.0,0,Normal
TR00559,143.56,16.2388,635.3459,0.5245,2.0,0.0,0,Normal
TR00560,110.6946,21.7828,734.4731,0.543,2.0,0.0,0,Normal
TR00561,484.3772,37.8006,805.8728,0.6691,4.0,1.0,0,Normal
TR00562,72.5367,45.8286,728.8641,0.4791,2.0,0.0,0,Normal
TR00563,61.8725,34.9355,681.2477,0.4787,2.0,0.0,0,Normal
TR00564,92.6478,21.3184,731.0017,0.6206,3.0,1.0,0,Normal
TR00565,112.9679,59.1669,797.5673,0.3519,2.0,0.0,0,Normal
TR00566,66.2781,41.516,703.9581,0.4417,4.0,0.0,0,Normal
TR00567,135.4605,27.069,717.9332,0.4019,3.0,1.0,0,Normal
TR00568,144.7367,15.4504,763.4498,0.7054,4.0,0.0,0,Normal
TR00569,177.4542,47.2693,853.0543,0.513,1.0,1.0,0,Normal
TR00570,83.2512,39.47,758.5543,0.463,3.0,0.0,0,Normal
TR00571,249.7643,29.5073,666.6355,0.4414,3.0,0.0,0,Normal
TR00572,170.1689,24.1516,693.9629,0.4313,5.0,1.0,0,Normal
TR00573,71.577,43.0137,748.3249,0.3089,4.0,0.0,0,Normal
TR00574,66.0855,22.2809,666.7284,0.522,3.0,0.0,0,Normal
TR00575,96.7555,38.6865,719.9148,0.5129,2.0,2.0,0,Normal
TR00576,144.9572,9.1305,589.3722,0.2818,2.0,0.0,0,Normal
TR00577,158.2213,63.4291,851.0157,0.6898,3.0,1.0,0,Normal
TR00578,169.9724,57.9807,675.3074,0.3804,4.0,0.0,0,Normal
TR00579,373.7738,28.5854,661.702,0.5585,4.0,0.0,0,Normal
TR00580,34.5547,40.5029,720.025,0.5014,3.0,1.0,0,Normal
TR00581,108.783,7.8023,788.4435,0.567,4.0,0.0,0,Normal
TR00582,355.0373,16.792,639.6352,0.3001,3.0,0.0,0,Normal
TR00583,182.4653,25.9683,644.0926,0.5801,4.0,0.0,0,Normal
TR00584,59.4015,11.1344,632.438,0.6337,3.0,0.0,0,Normal
TR00585,131.2236,47.5063,844.1165,0.3852,2.0,0.0,0,Normal
TR00586,104.7049,79.9976,608.2348,0.3279,3.0,0.0,0,Normal
TR00587,102.3332,16.0156,598.6141,0.4575,6.0,1.0,0,Normal
TR00588,82.2263,24.252,867.4676,0.5044,2.0,1.0,0,Normal
TR00589,124.642,33.9985,749.6772,0.4802,2.0,0.0,0,Normal
TR00590,222.1874,64.5954,699.9661,0.2887,2.0,0.0,0,Normal
TR00591,87.0624,16.0128,664.9425,0.4542,2.0,0.0,0,Normal
TR00592,170.7488,31.1112,713.5427,0.458,2.0,0.0,0,Normal
TR00593,189.2497,74.0244,851.139,0.5021,1.0,0.0,0,Normal
TR00594,248.5311,15.6712,788.7415,0.5412,2.0,1.0,0,Normal
TR00595,65.3531,28.7949,693.9095,0.5951,2.0,1.0,0,Normal
TR00596,118.5165,27.016,649.1759,0.7497,3.0,0.0,0,Normal
TR00597,76.1985,21.085,739.3843,0.5383,4.0,0.0,0,Normal
TR00598,124.7897,51.1512,683.6635,0.6375,3.0,0.0,0,Normal
TR00599,124.2651,38.5725,636.2125,0.7472,4.0,0.0,0,Normal
TR00600,55.2205,18.8185,534.7667,0.5697,4.0,0.0,0,Normal
TR00601,129.4303,45.687,609.7761,0.4598,6.0,0.0,0,Normal
TR00602,385.0902,21.8436,620.0178,0.3543,4.0,1.0,0,Normal
TR00603,158.6019,54.0167,674.1872,0.4705,1.0,1.0,0,Normal
TR00604,48.1476,23.7281,703.3898,0.827,3.0,0.0,0,Normal
TR00605,62.7331,18.0385,597.2725,0.3898,4.0,0.0,0,Normal
TR00606,114.7565,38.8477,500.3574,0.5897,3.0,0.0,0,Normal
TR00607,63.6853,50.7689,657.1437,0.4845,5.0,2.0,0,Normal
TR00608,240.5259,39.8132,683.536,0.6376,2.0,0.0,0,Normal
TR00609,44.5134,9.0346,617.0307,0.2743,1.0,1.0,0,Normal
TR00610,159.2811,32.3342,826.6502,0.4367,2.0,0.0,0,Normal
TR00611,38.7638,29.0486,628.8638,0.5799,3.0,0.0,0,Normal
TR00612,113.6106,34.872,769.9737,0.3417,2.0,0.0,0,Normal
TR00613,57.812,14.3606,662.6654,0.4949,3.0,0.0,0,Normal
TR00614,177.2155,37.2277,713.5328,0.3042,4.0,0.0,0,Normal
TR00615,216.5901,15.4181,618.535,0.7012,2.0,1.0,0,Normal
TR00616,144.6895,25.7876,662.5654,0.5892,5.0,1.0,0,Normal
TR00617,222.6354,41.2218,674.4109,0.4024,2.0,0.0,0,Normal
TR00618,22.6064,42.2552,720.4473,0.6437,2.0,0.0,0,Normal
TR00619,128.4061,24.9845,665.2782,0.3961,2.0,0.0,0,Normal
TR00620,157.9009,66.0117,701.0362,0.3424,4.0,1.0,0,Normal
TR00621,170.5114,27.8768,755.916,0.507,2.0,1.0,0,Normal
TR00622,152.2403,36.7006,730.965,0.5098,6.0,0.0,0,Normal
TR00623,172.7844,39.4217,678.2011,0.56,2.0,0.0,0,Normal
TR00624,127.4981,27.7837,691.8526,0.5336,1.0,0.0,0,Normal
TR00625,48.4605,40.7417,711.6374,0.6706,5.0,0.0,0,Normal
TR00626,81.8303,24.4126,623.2106,0.4894,3.0,0.0,0,Normal
TR00627,241.2723,36.4966,692.2333,0.6063,3.0,0.0,0,Normal
TR00628,225.091,52.1807,718.3177,0.7358,2.0,0.0,0,Normal
TR00629,156.1236,20.6917,605.53,0.6086,1.0,0.0,0,Normal
TR00630,179.5038,11.6903,535.4458,0.5594,2.0,0.0,0,Normal
TR00631,209.2829,64.9615,752.2707,0.5239,3.0,0.0,0,Normal
TR00632,155.0212,91.2118,893.0858,0.6825,4.0,0.0,0,Normal
TR00633,237.1556,28.5653,638.8526,0.4773,2.0,1.0,0,Normal
TR00634,232.4428,13.3419,831.9149,0.555,2.0,0.0,0,Normal
TR00635,457.6867,20.178,752.2173,0.613,2.0,0.0,0,Normal
TR00636,84.0636,28.4232,782.2416,0.4681,3.0,0.0,0,Normal
TR00637,85.0594,24.0438,749.5335,0.2921,1.0,1.0,0,Normal
TR00638,147.9981,11.3757,799.8197,0.4908,2.0,0.0,0,Normal
TR00639,342.5792,41.5035,666.9578,0.5728,2.0,0.0,0,Normal
TR00640,248.4456,42.3256,540.4637,0.4997,2.0,0.0,0,Normal
TR00641,193.1287,19.7165,631.4788,0.798,3.0,0.0,0,Normal
TR00642,258.6954,45.7585,766.3818,0.5666,5.0,0.0,0,Normal
TR00643,159.6419,66.1193,820.0617,0.5769,3.0,0.0,0,Normal
TR00644,97.4916,27.5916,725.2747,0.6157,2.0,1.0,0,Normal
TR00645,393.7287,37.6405,781.8959,0.2791,7.0,0.0,0,Normal
TR00646,152.5229,24.9112,722.1122,0.3152,6.0,2.0,0,Normal
TR00647,229.3972,44.4899,779.5132,0.7154,2.0,1.0,0,Normal
TR00648,22.5258,12.0346,592.9037,0.5463,2.0,1.0,0,Normal
TR00649,24.896,34.6858,629.0411,0.5196,3.0,0.0,0,Normal
TR00650,130.9355,23.9936,800.8877,0.4467,1.0,0.0,0,Normal
TR00651,63.7033,72.3422,800.8992,0.4318,2.0,0.0,0,Normal
TR00652,138.5338,30.4266,650.7307,0.7123,1.0,0.0,0,Normal
TR00653,84.9827,62.2317,737.6852,0.7029,3.0,0.0,0,Normal
TR00654,497.6341,14.8782,624.884,0.4473,4.0,0.0,0,Normal
TR00655,218.4472,42.2902,672.7512,0.5456,3.0,0.0,0,Normal
TR00656,273.7961,30.5304,621.6646,0.686,6.0,1.0,0,Normal
TR00657,27.7327,24.3517,570.5063,0.4857,1.0,0.0,0,Normal
TR00658,191.5415,47.6077,692.5379,0.4445,1.0,0.0,0,Normal
TR00659,104.9758,60.0006,711.6197,0.5585,3.0,0.0,0,Normal
TR00660,276.9497,31.5229,767.3291,0.4249,3.0,0.0,0,Normal
TR00661,174.8212,15.2948,679.8224,0.6949,2.0,0.0,0,Normal
TR00662,114.893,22.0711,717.9843,0.6901,4.0,0.0,0,Normal
TR00663,51.8768,15.2936,622.7443,0.5828,3.0,0.0,0,Normal
TR00664,129.3624,34.1284,680.8141,0.5908,2.0,0.0,0,Normal
TR00665,237.9817,26.9733,722.5752,0.516,2.0,1.0,0,Normal
TR00666,286.6027,12.1364,709.2153,0.7781,2.0,0.0,0,Normal
TR00667,93.4058,15.4066,654.0147,0.2639,3.0,1.0,0,Normal
TR00668,449.651,33.8712,793.4923,0.4594,4.0,0.0,0,Normal
TR00669,226.8469,19.5585,684.7902,0.4788,3.0,1.0,0,Normal
TR00670,64.5728,10.6452,702.7433,0.5531,4.0,1.0,0,Normal
TR00671,55.1802,40.0371,696.9471,0.5094,2.0,0.0,0,Normal
TR00672,109.281,32.1732,582.8144,0.598,2.0,0.0,0,Normal
TR00673,93.2532,19.8043,698.0608,0.2902,1.0,0.0,0,Normal
TR00674,160.4294,21.0176,716.7872,0.5614,4.0,1.0,0,Normal
TR00675,120.9036,44.2968,773.9178,0.7697,3.0,1.0,0,Normal
TR00676,98.4422,36.1644,742.1961,0.7738,3.0,2.0,0,Normal
TR00677,40.1879,90.03,813.2122,0.512,2.0,2.0,0,Normal
TR00678,178.1237,37.4661,658.9685,0.3801,2.0,0.0,0,Normal
TR00679,38.0171,36.2677,752.7684,0.501,3.0,0.0,0,Normal
TR00680,227.2975,32.1856,724.4346,0.3873,6.0,0.0,0,Normal
TR00681,29.5696,48.4365,693.4757,0.5138,4.0,0.0,0,Normal
TR00682,36.6294,40.8718,801.6775,0.4057,2.0,0.0,0,Normal
TR00683,64.3759,54.5369,693.5341,0.3358,3.0,0.0,0,Normal
TR00684,87.9112,21.7985,643.422,0.5319,2.0,0.0,0,Normal
TR00685,76.4679,22.3486,801.1798,0.7625,2.0,0.0,0,Normal
TR00686,87.6627,30.0131,746.2191,0.3338,7.0,0.0,0,Normal
TR00687,140.2778,46.8309,706.4548,0.6767,3.0,3.0,0,Normal
TR00688,65.3754,62.319,790.223,0.5581,2.0,0.0,0,Normal
TR00689,141.0999,27.7953,696.8129,0.7344,1.0,1.0,0,Normal
TR00690,22.6741,27.0023,494.7353,0.3313,3.0,0.0,0,Normal
TR00691,63.7526,39.9943,647.8275,0.5054,1.0,0.0,0,Normal
TR00692,35.5082,33.5373,688.595,0.6446,3.0,0.0,0,Normal
TR00693,225.7007,52.288,714.3668,0.6572,5.0,0.0,0,Normal
TR00694,71.244,11.9246,668.3683,0.603,4.0,0.0,0,Normal
TR00695,171.2842,29.5478,755.596,0.4961,2.0,1.0,0,Normal
TR00696,31.7034,24.1798,655.0861,0.7568,1.0,0.0,0,Normal
TR00697,283.7227,15.2375,576.1531,0.5492,2.0,0.0,0,Normal
TR00698,125.4398,22.7595,696.1123,0.6539,4.0,0.0,0,Normal
TR00699,116.4067,23.0233,651.607,0.6978,4.0,1.0,0,Normal
TR00700,40.5033,25.7294,682.5959,0.5387,2.0,0.0,0,Normal
TR00701,58.5827,54.576,727.2488,0.6595,2.0,0.0,0,Normal
TR00702,100.4931,43.0967,849.1042,0.5293,2.0,2.0,0,Normal
TR00703,60.0945,18.8812,515.0386,0.6466,4.0,0.0,0,Normal
TR00704,212.117,31.5986,670.9257,0.2426,4.0,1.0,0,Normal
TR00705,123.0259,47.4881,744.0395,0.7809,4.0,0.0,0,Normal
TR00706,60.5949,18.7988,618.4172,0.3102,1.0,0.0,0,Normal
TR00707,192.3633,29.5524,737.5633,0.479,1.0,0.0,0,Normal
TR00708,91.9186,37.0957,778.0793,0.8077,1.0,0.0,0,Normal
TR00709,186.9687,26.7865,689.5494,0.4083,1.0,0.0,0,Normal
TR00710,82.4787,34.0629,706.0539,0.7245,3.0,0.0,0,Normal
TR00711,163.9342,28.0291,691.7058,0.4628,4.0,0.0,0,Normal
TR00712,89.8041,34.4251,720.0827,0.4108,3.0,0.0,0,Normal
TR00713,212.1634,23.877,666.3089,0.5451,5.0,0.0,0,Normal
TR00714,32.1282,45.8365,686.435,0.5205,1.0,1.0,0,Normal
TR00715,49.1295,27.4566,710.8964,0.4905,1.0,0.0,0,Normal
TR00716,106.4813,10.8691,720.7321,0.8034,3.0,0.0,0,Normal
TR00717,73.3954,21.0946,575.3682,0.2698,1.0,0.0,0,Normal
TR00718,87.9951,39.0462,653.1557,0.5148,4.0,0.0,0,Normal
TR00719,175.8739,34.1111,566.6396,0.3298,5.0,0.0,0,Normal
TR00720,86.7737,19.4195,732.722,0.6112,2.0,0.0,0,Normal
TR00721,144.3168,27.574,714.3554,0.3597,3.0,1.0,0,Normal
TR00722,63.4521,50.5033,783.8515,0.6799,3.0,1.0,0,Normal
TR00723,28.1701,16.0671,550.6306,0.6865,2.0,1.0,0,Normal
TR00724,186.2472,15.9299,787.6139,0.4295,3.0,1.0,0,Normal
TR00725,323.6011,19.234,631.6745,0.6045,3.0,1.0,0,Normal
TR00726,134.8882,58.1177,779.554,0.488,2.0,0.0,0,Normal
TR00727,110.3128,29.6733,769.8883,0.2503,3.0,0.0,0,Normal
TR00728,125.9271,46.1535,661.3324,0.3738,5.0,0.0,0,Normal
TR00729,259.8943,10.8899,631.3161,0.3738,1.0,0.0,0,Normal
TR00730,135.9211,17.7754,682.532,0.5252,2.0,0.0,0,Normal
TR00731,191.928,42.4188,916.5777,0.7002,3.0,0.0,0,Normal
TR00732,186.6498,34.3081,723.0609,0.3728,4.0,0.0,0,Normal
TR00733,223.3661,43.2457,833.1806,0.6306,4.0,0.0,0,Normal
TR00734,108.7633,29.2493,778.3335,0.2605,3.0,1.0,0,Normal
TR00735,81.7437,41.8141,735.6741,0.673,2.0,0.0,0,Normal
TR00736,165.0875,38.8208,636.2495,0.4783,3.0,0.0,0,Normal
TR00737,213.645,46.5934,805.0894,0.4055,3.0,0.0,0,Normal
TR00738,239.0497,49.5486,627.4094,0.4789,6.0,0.0,0,Normal
TR00739,279.7195,19.9582,772.5766,0.5587,2.0,0.0,0,Normal
TR00740,201.8219,10.2547,665.1304,0.5302,4.0,0.0,0,Normal
TR00741,78.7781,42.019,556.3306,0.3798,7.0,0.0,0,Normal
TR00742,134.7853,54.8,727.91,0.5358,2.0,0.0,0,Normal
TR00743,127.2486,23.5746,717.8868,0.3877,5.0,0.0,0,Normal
TR00744,118.4942,20.1048,640.0394,0.2488,5.0,2.0,0,Normal
TR00745,165.297,28.6775,753.4482,0.5101,2.0,1.0,0,Normal
TR00746,102.3268,42.7762,678.7693,0.5263,2.0,1.0,0,Normal
TR00747,102.4245,70.3824,698.7884,0.3486,4.0,0.0,0,Normal
TR00748,335.7331,39.393,714.3709,0.5018,4.0,0.0,0,Normal
TR00749,112.495,17.9458,690.646,0.2458,2.0,0.0,0,Normal
TR00750,222.367,23.8663,650.5899,0.7049,3.0,0.0,0,Normal
TR00751,230.3812,22.8922,786.2961,0.3702,1.0,0.0,0,Normal
TR00752,137.1726,23.4941,631.0365,0.4689,3.0,0.0,0,Normal
TR00753,105.0721,27.6513,694.1537,0.4808,1.0,1.0,0,Normal
TR00754,65.1878,84.7816,813.901,0.7232,1.0,2.0,0,Normal
TR00755,37.6552,61.6502,680.3511,0.1981,3.0,1.0,0,Normal
TR00756,172.7808,49.9198,656.5847,0.7705,3.0,0.0,0,Normal
TR00757,151.454,21.9493,675.1743,0.658,2.0,1.0,0,Normal
TR00758,188.9386,54.7318,873.2481,0.5122,3.0,0.0,0,Normal
TR00759,85.2407,39.3977,765.2039,0.5482,4.0,0.0,0,Normal
TR00760,356.6617,36.152,595.5467,0.4888,3.0,0.0,0,Normal
TR00761,159.9885,61.8307,537.4835,0.3275,4.0,0.0,0,Normal
TR00762,109.7464,39.9133,775.7819,0.56,2.0,0.0,0,Normal
TR00763,27.1754,47.2758,722.427,0.5665,7.0,0.0,0,Normal
TR00764,91.675,34.4285,804.4242,0.6275,4.0,0.0,0,Normal
TR00765,194.5605,36.0681,650.6604,0.4061,3.0,0.0,0,Normal
TR00766,275.2829,6.8311,682.3376,0.5287,4.0,0.0,0,Normal
TR00767,121.1667,27.8667,762.0917,0.425,3.0,0.0,0,Normal
TR00768,303.0789,29.5297,652.0118,0.1622,3.0,0.0,0,Normal
TR00769,61.9234,18.4445,636.909,0.5882,4.0,0.0,0,Normal
TR00770,154.3619,63.2559,783.897,0.2718,6.0,0.0,0,Normal
TR00771,157.1294,62.4055,823.3605,0.3459,4.0,1.0,0,Normal
TR00772,173.6528,55.5307,760.5815,0.2026,2.0,1.0,0,Normal
TR00773,132.0342,37.1262,777.2314,0.3251,2.0,0.0,0,Normal
TR00774,149.0648,61.3444,728.7392,0.4533,4.0,0.0,0,Normal
TR00775,60.9389,19.0367,607.4183,0.29,6.0,1.0,0,Normal
TR00776,259.1715,30.6862,845.5009,0.6882,3.0,0.0,0,Normal
TR00777,208.9373,21.0116,628.2158,0.2042,3.0,0.0,0,Normal
TR00778,145.3768,37.3119,674.7245,0.4408,2.0,0.0,0,Normal
TR00779,211.979,34.8388,697.4487,0.3168,6.0,2.0,0,Normal
TR00780,264.2701,19.8535,670.9921,0.4181,3.0,0.0,0,Normal
TR00781,172.0759,29.7949,671.2303,0.5079,2.0,0.0,0,Normal
TR00782,380.3049,28.3119,696.1451,0.5145,2.0,1.0,0,Normal
TR00783,181.1048,66.8544,787.4214,0.5898,4.0,0.0,0,Normal
TR00784,67.4238,52.33,748.703,0.7275,1.0,2.0,0,Normal
TR00785,140.7691,28.4942,535.3614,0.2376,4.0,0.0,0,Normal
TR00786,217.1213,35.2106,840.4729,0.5771,4.0,0.0,0,Normal
TR00787,264.4269,33.5165,691.1892,0.7082,3.0,1.0,0,Normal
TR00788,133.8303,37.1876,734.1081,0.4081,1.0,0.0,0,Normal
TR00789,63.9147,18.8085,574.3081,0.4082,1.0,0.0,0,Normal
TR00790,103.5975,34.827,662.1123,0.4398,4.0,0.0,0,Normal
TR00791,46.6168,29.5514,631.4168,0.4795,4.0,0.0,0,Normal
TR00792,192.8374,18.6085,770.1988,0.3146,7.0,1.0,0,Normal
TR00793,90.9236,38.6106,678.1536,0.5063,4.0,0.0,0,Normal
TR00794,74.6304,36.0701,767.354,0.4444,3.0,1.0,0,Normal
TR00795,204.6494,13.8303,612.2441,0.6447,4.0,0.0,0,Normal
TR00796,299.3566,34.6641,664.2989,0.486,6.0,1.0,0,Normal
TR00797,74.4156,49.77,724.3488,0.7525,3.0,1.0,0,Normal
TR00798,134.3906,51.1058,834.6926,0.3876,2.0,0.0,0,Normal
TR00799,106.4449,43.608,610.7957,0.7166,3.0,0.0,0,Normal
TR00800,271.955,27.6898,609.2218,0.2845,3.0,0.0,0,Normal
TR00801,114.5109,33.1566,539.7871,0.4515,2.0,0.0,0,Normal
TR00802,59.9584,19.4101,594.6229,0.5342,4.0,0.0,0,Normal
TR00803,118.0672,33.1096,655.6466,0.3703,1.0,0.0,0,Normal
TR00804,237.75,44.6815,600.8013,0.5472,1.0,0.0,0,Normal
TR00805,102.4139,56.3586,705.9835,0.4041,4.0,1.0,0,Normal
TR00806,79.6725,53.6822,605.9485,0.314,5.0,0.0,0,Normal
TR00807,111.2017,29.5811,624.419,0.4919,4.0,0.0,0,Normal
TR00808,61.2446,17.3825,751.4692,0.2643,4.0,0.0,0,Normal
TR00809,106.3554,27.1383,718.2166,0.4818,4.0,0.0,0,Normal
TR00810,83.7045,28.1432,720.765,0.4135,2.0,0.0,0,Normal
TR00811,422.8421,28.9564,623.2957,0.7132,5.0,0.0,0,Normal
TR00812,30.8966,26.584,575.2336,0.4906,4.0,0.0,0,Normal
TR00813,67.2269,44.8381,629.2236,0.6738,8.0,0.0,0,Normal
TR00814,79.6322,26.3256,681.7143,0.3,2.0,1.0,0,Normal
TR00815,61.5233,12.9095,742.2233,0.7274,4.0,0.0,0,Normal
TR00816,155.3129,36.0021,774.3458,0.5329,4.0,0.0,0,Normal
TR00817,73.5332,40.7262,731.7146,0.3784,2.0,1.0,0,Normal
TR00818,43.378,39.7867,657.0081,0.4529,1.0,0.0,0,Normal
TR00819,126.8548,31.8364,711.4455,0.5274,2.0,0.0,0,Normal
TR00820,98.5946,22.7851,647.08,0.575,3.0,0.0,0,Normal
TR00821,75.8542,22.4338,671.2764,0.3268,5.0,0.0,0,Normal
TR00822,267.791,51.7646,908.9331,0.7271,6.0,0.0,0,Normal
TR00823,158.6128,17.9,545.7646,0.379,3.0,2.0,0,Normal
TR00824,147.6527,13.6118,636.4581,0.2555,1.0,0.0,0,Normal
TR00825,160.8292,5.2793,741.4225,0.3754,2.0,0.0,0,Normal
TR00826,155.7001,26.6478,598.3717,0.6238,3.0,0.0,0,Normal
TR00827,101.899,32.4699,655.9833,0.3234,2.0,0.0,0,Normal
TR00828,74.0498,28.4168,659.1116,0.4453,8.0,1.0,0,Normal
TR00829,128.6443,55.2612,737.5877,0.3736,4.0,0.0,0,Normal
TR00830,100.6827,4.3406,534.3179,0.6712,2.0,0.0,0,Normal
TR00831,30.6392,41.3599,756.1435,0.3384,3.0,1.0,0,Normal
TR00832,58.0031,55.7353,820.7754,0.5671,4.0,1.0,0,Normal
TR00833,92.5643,28.1405,705.4034,0.5692,1.0,0.0,0,Normal
TR00834,207.3741,18.7029,627.2782,0.3573,6.0,0.0,0,Normal
TR00835,129.0034,17.8621,684.368,0.6738,3.0,0.0,0,Normal
TR00836,65.5606,24.0664,611.988,0.6664,2.0,0.0,0,Normal
TR00837,54.7243,36.2234,666.4738,0.5266,2.0,0.0,0,Normal
TR00838,235.0805,59.8564,916.4458,0.5617,3.0,0.0,0,Normal
TR00839,104.9864,72.0446,799.7744,0.4345,2.0,1.0,0,Normal
TR00840,17.8239,27.8767,606.3457,0.5455,2.0,0.0,0,Normal
TR00841,109.3822,66.0942,810.6891,0.2678,2.0,0.0,0,Normal
TR00842,180.4362,30.031,606.5786,0.5848,3.0,0.0,0,Normal
TR00843,53.6111,60.7794,703.1667,0.3777,4.0,0.0,0,Normal
TR00844,122.8272,24.3768,624.0472,0.7157,6.0,0.0,0,Normal
TR00845,130.321,35.8195,673.4253,0.3996,8.0,0.0,0,Normal
TR00846,55.7712,31.6931,778.8604,0.4714,3.0,1.0,0,Normal
TR00847,248.3028,123.2121,964.5236,0.605,3.0,1.0,0,Normal
TR00848,131.7664,39.2447,770.9943,0.5079,5.0,0.0,0,Normal
TR00849,92.2534,25.2581,602.5158,0.5223,7.0,1.0,0,Normal
TR00850,105.4457,45.6293,702.2898,0.3385,3.0,0.0,0,Normal
TR00851,48.9489,34.5215,707.7612,0.4913,2.0,1.0,0,Normal
TR00852,47.619,27.6692,641.1441,0.5062,2.0,0.0,0,Normal
TR00853,86.696,53.0475,717.6859,0.4884,3.0,0.0,0,Normal
TR00854,90.2767,28.6423,731.9464,0.6617,3.0,0.0,0,Normal
TR00855,100.9908,36.2526,685.5156,0.3814,5.0,0.0,0,Normal
TR00856,261.8224,27.2831,716.2955,0.4768,3.0,1.0,0,Normal
TR00857,174.4212,34.791,823.6386,0.2485,3.0,0.0,0,Normal
TR00858,33.676,36.9425,703.6023,0.432,2.0,0.0,0,Normal
TR00859,231.8421,10.5561,738.017,0.2415,3.0,0.0,0,Normal
TR00860,86.2518,36.261,765.0021,0.4043,3.0,1.0,0,Normal
TR00861,184.9417,14.1173,570.2553,0.7095,3.0,0.0,0,Normal
TR00862,90.8369,5.7623,586.5029,0.6081,2.0,0.0,0,Normal
TR00863,126.4637,25.9428,639.7095,0.6689,3.0,1.0,0,Normal
TR00864,51.4078,36.2863,643.0337,0.4565,3.0,0.0,0,Normal
TR00865,144.6497,15.9215,673.4647,0.5103,2.0,1.0,0,Normal
TR00866,198.1188,38.5257,776.4408,0.6807,2.0,0.0,0,Normal
TR00867,37.7917,27.1654,753.3884,0.4513,4.0,1.0,0,Normal
TR00868,200.0209,23.7901,709.0036,0.5235,3.0,0.0,0,Normal
TR00869,73.8459,26.6356,651.3783,0.3889,3.0,1.0,0,Normal
TR00870,313.7109,34.5915,552.693,0.5993,4.0,1.0,0,Normal
TR00871,187.0673,39.2889,714.8819,0.4512,2.0,0.0,0,Normal
TR00872,167.3865,13.3443,674.1937,0.5956,3.0,0.0,0,Normal
TR00873,105.8459,42.2219,741.2481,0.393,4.0,2.0,0,Normal
TR00874,470.1895,24.7669,849.582,0.6414,2.0,0.0,0,Normal
TR00875,86.6097,26.6877,742.9821,0.3651,2.0,0.0,0,Normal
TR00876,58.8995,6.0827,710.097,0.242,2.0,0.0,0,Normal
TR00877,75.5723,26.5957,632.2417,0.4361,5.0,1.0,0,Normal
TR00878,220.4071,23.9608,657.0,0.6612,3.0,2.0,0,Normal
TR00879,124.9304,23.1565,689.9603,0.4069,5.0,0.0,0,Normal
TR00880,113.4836,38.3891,644.7868,0.5212,2.0,2.0,0,Normal
TR00881,87.4591,47.292,742.9819,0.4093,3.0,0.0,0,Normal
TR00882,109.7248,45.2649,764.0927,0.6213,4.0,0.0,0,Normal
TR00883,83.5516,13.4648,593.9857,0.7011,3.0,1.0,0,Normal
TR00884,177.2626,8.3758,752.6782,0.4875,3.0,0.0,0,Normal
TR00885,99.5058,18.9968,677.705,0.3284,2.0,1.0,0,Normal
TR00886,76.5024,34.5466,589.2862,0.4732,4.0,0.0,0,Normal
TR00887,209.1448,50.7235,751.356,0.657,2.0,0.0,0,Normal
TR00888,60.1463,27.8045,706.4284,0.3371,1.0,1.0,0,Normal
TR00889,126.0536,13.1659,716.0705,0.5135,4.0,0.0,0,Normal
TR00890,30.5151,17.259,635.4855,0.4828,4.0,1.0,0,Normal
TR00891,45.0942,20.9722,734.3377,0.1605,5.0,0.0,0,Normal
TR00892,92.6446,19.8092,696.3933,0.3815,3.0,1.0,0,Normal
TR00893,82.552,30.2853,595.3366,0.421,3.0,2.0,0,Normal
TR00894,82.4691,32.5853,602.2452,0.6638,2.0,0.0,0,Normal
TR00895,188.1269,32.5146,768.7613,0.5255,5.0,0.0,0,Normal
TR00896,194.9541,53.6729,828.0253,0.4855,4.0,0.0,0,Normal
TR00897,141.8066,16.9815,702.8294,0.6105,5.0,0.0,0,Normal
TR00898,58.038,15.1061,780.3924,0.4397,1.0,0.0,0,Normal
TR00899,109.1754,35.3513,791.7852,0.2617,3.0,1.0,0,Normal
TR00900,340.8096,11.5084,709.8283,0.4292,3.0,1.0,0,Normal
TR00901,442.2253,41.4667,650.4343,0.4779,3.0,0.0,0,Normal
TR00902,210.3964,35.165,824.7211,0.6304,3.0,0.0,0,Normal
TR00903,59.5501,35.5744,732.7373,0.4301,3.0,0.0,0,Normal
TR00904,109.7963,64.3354,748.8738,0.4577,4.0,0.0,0,Normal
TR00905,135.9942,25.6842,634.8234,0.4875,2.0,0.0,0,Normal
TR00906,123.4374,82.0236,828.0372,0.4962,4.0,1.0,0,Normal
TR00907,224.0178,31.4578,575.7989,0.6605,3.0,0.0,0,Normal
TR00908,183.061,19.0567,715.7676,0.5705,2.0,1.0,0,Normal
TR00909,57.4489,40.3559,635.6342,0.457,3.0,0.0,0,Normal
TR00910,77.7247,20.9388,696.8497,0.6515,5.0,0.0,0,Normal
TR00911,209.8557,21.8143,641.8266,0.2984,2.0,0.0,0,Normal
TR00912,267.0984,33.6177,696.0078,0.435,3.0,0.0,0,Normal
TR00913,137.0643,43.9253,668.0416,0.5773,5.0,0.0,0,Normal
TR00914,287.3765,30.8266,670.3173,0.5533,6.0,0.0,0,Normal
TR00915,127.4421,48.1929,873.3711,0.3908,2.0,0.0,0,Normal
TR00916,64.2686,58.5732,847.0381,0.4064,1.0,0.0,0,Normal
TR00917,172.944,48.6473,791.0571,0.3159,3.0,1.0,0,Normal
TR00918,561.8867,39.6911,718.1504,0.4209,2.0,0.0,0,Normal
TR00919,49.2028,56.5337,820.9294,0.3776,5.0,1.0,0,Normal
TR00920,280.7967,10.889,735.4079,0.4017,3.0,0.0,0,Normal
TR00921,166.9503,39.9196,631.9135,0.4644,2.0,0.0,0,Normal
TR00922,74.7073,21.9024,670.1627,0.7745,2.0,1.0,0,Normal
TR00923,30.9567,31.6045,576.5709,0.5737,2.0,0.0,0,Normal
TR00924,24.5316,25.3017,761.5468,0.5319,1.0,1.0,0,Normal
TR00925,82.3591,19.8289,839.1591,0.2317,4.0,1.0,0,Normal
TR00926,150.4283,66.7456,801.968,0.4801,4.0,0.0,0,Normal
TR00927,200.5412,34.7146,545.7452,0.7985,5.0,2.0,0,Normal
TR00928,229.4659,34.9292,757.8071,0.4406,3.0,0.0,0,Normal
TR00929,142.2005,24.8814,629.2781,0.6008,5.0,1.0,0,Normal
TR00930,128.6835,39.5816,656.1504,0.4703,2.0,1.0,0,Normal
TR00931,94.6569,38.7822,744.0628,0.5898,2.0,0.0,0,Normal
TR00932,152.7195,41.2151,734.3941,0.5926,2.0,2.0,0,Normal
TR00933,75.4611,49.9287,716.3432,0.6629,2.0,1.0,0,Normal
TR00934,50.9277,62.7232,734.3291,0.2031,2.0,0.0,0,Normal
TR00935,123.6884,32.4232,719.9185,0.2251,3.0,0.0,0,Normal
TR00936,191.1979,36.0169,693.8142,0.4722,7.0,1.0,0,Normal
TR00937,44.0955,14.5125,591.6899,0.7012,2.0,0.0,0,Normal
TR00938,82.3646,27.7502,673.8217,0.5881,3.0,1.0,0,Normal
TR00939,120.7923,42.323,762.5129,0.5159,4.0,0.0,0,Normal
TR00940,119.1797,38.2184,722.6249,0.3977,4.0,0.0,0,Normal
TR00941,164.1988,36.0713,608.49,0.5354,5.0,1.0,0,Normal
TR00942,334.9108,47.6065,805.3183,0.3431,2.0,1.0,0,Normal
TR00943,24.6522,47.8289,526.5955,0.8607,6.0,0.0,0,Normal
TR00944,344.0825,49.6357,721.1978,0.3768,1.0,1.0,0,Normal
TR00945,325.8646,37.6157,666.924,0.3104,6.0,0.0,0,Normal
TR00946,202.595,29.1229,699.2709,0.3962,3.0,0.0,0,Normal
TR00947,135.4598,35.5784,751.4352,0.6591,6.0,0.0,0,Normal
TR00948,76.4547,13.0671,722.2371,0.6278,2.0,0.0,0,Normal
TR00949,201.072,41.459,664.0888,0.6921,2.0,1.0,0,Normal
TR00950,139.9046,8.55,678.3432,0.3663,1.0,0.0,0,Normal
TR00951,95.9841,14.2379,672.4977,0.6111,1.0,0.0,0,Normal
TR00952,197.8647,36.8984,596.9073,0.5345,3.0,0.0,0,Normal
TR00953,219.2648,32.2681,850.805,0.5585,3.0,0.0,0,Normal
TR00954,265.8297,15.6094,568.3832,0.292,3.0,1.0,0,Normal
TR00955,70.9556,20.6179,708.6846,0.5882,2.0,1.0,0,Normal
TR00956,245.1004,51.284,789.5568,0.8146,2.0,0.0,0,Normal
TR00957,97.1597,28.3129,704.5777,0.3937,1.0,1.0,0,Normal
TR00958,135.7002,88.0687,790.5936,0.2947,3.0,1.0,0,Normal
TR00959,152.7972,27.4339,757.8432,0.8675,2.0,1.0,0,Normal
TR00960,232.9793,39.3992,605.7292,0.6003,5.0,0.0,0,Normal
TR00961,185.4782,57.9359,773.1581,0.6193,2.0,0.0,0,Normal
TR00962,94.9315,32.2858,665.0547,0.7333,5.0,1.0,0,Normal
TR00963,26.4095,17.5532,625.1012,0.6878,5.0,0.0,0,Normal
TR00964,162.9822,33.5682,726.4092,0.4016,3.0,0.0,0,Normal
TR00965,132.1533,28.131,774.2359,0.2978,4.0,0.0,0,Normal
TR00966,48.7818,23.0975,641.07,0.6825,2.0,0.0,0,Normal
TR00967,142.2845,27.5113,746.4974,0.4241,2.0,0.0,0,Normal
TR00968,119.81,20.1819,682.0567,0.3351,4.0,0.0,0,Normal
TR00969,264.2354,40.9133,675.4583,0.7308,4.0,1.0,0,Normal
TR00970,358.4672,33.7346,683.1148,0.3552,3.0,0.0,0,Normal
TR00971,215.9154,32.8924,670.0766,0.4442,4.0,0.0,0,Normal
TR00972,115.3737,31.9709,647.7445,0.7265,4.0,0.0,0,Normal
TR00973,126.8808,46.3379,737.8532,0.2579,2.0,0.0,0,Normal
TR00974,69.291,48.6118,740.0824,0.7669,3.0,0.0,0,Normal
TR00975,78.3067,19.4904,561.2246,0.4488,2.0,0.0,0,Normal
TR00976,111.0704,19.0713,556.0468,0.5753,3.0,0.0,0,Normal
TR00977,103.6572,53.2403,776.9573,0.6887,4.0,0.0,0,Normal
TR00978,46.9439,22.7214,630.2087,0.5325,2.0,0.0,0,Normal
TR00979,265.9203,23.4801,685.2646,0.6309,4.0,0.0,0,Normal
TR00980,288.9097,40.365,771.0577,0.5994,2.0,0.0,0,Normal
TR00981,260.698,40.1573,628.2208,0.3524,4.0,0.0,0,Normal
TR00982,294.9374,20.2593,563.2536,0.7627,3.0,0.0,0,Normal
TR00983,422.3798,43.8519,825.3046,0.3335,5.0,0.0,0,Normal
TR00984,70.1703,44.4384,753.5689,0.7096,3.0,0.0,0,Normal
TR00985,411.3318,36.8837,684.2755,0.5197,3.0,1.0,0,Normal
TR00986,94.5505,49.2714,658.9437,0.7807,2.0,0.0,0,Normal
TR00987,178.4979,22.5799,628.6245,0.4478,5.0,0.0,0,Normal
TR00988,39.7497,35.1684,628.5933,0.4852,4.0,0.0,0,Normal
TR00989,86.6853,28.2066,752.2905,0.7162,2.0,1.0,0,Normal
TR00990,219.7337,27.1038,630.9446,0.504,2.0,0.0,0,Normal
TR00991,183.8783,47.9347,811.8616,0.6307,1.0,1.0,0,Normal
TR00992,93.3443,52.7798,740.863,0.7581,5.0,0.0,0,Normal
TR00993,126.8442,60.2783,716.9423,0.8051,4.0,0.0,0,Normal
TR00994,80.698,51.1504,729.1272,0.6189,2.0,1.0,0,Normal
TR00995,219.3603,25.735,512.7049,0.3049,4.0,0.0,0,Normal
TR00996,276.8384,33.8906,704.3204,0.4456,2.0,0.0,0,Normal
TR00997,70.3824,47.3328,718.4897,0.1858,1.0,0.0,0,Normal
TR00998,118.6645,32.8261,761.909,0.5003,2.0,0.0,0,Normal
TR00999,45.6876,34.7886,572.4752,0.5716,2.0,0.0,0,Normal
TR01000,139.574,39.1063,814.4002,0.106,5.0,0.0,0,Normal
