transaction_id,amount,transactions_24h,risk_score,geo_distance_km,device_age_days,hour_deviation,anomaly_type
TST000001,0.9625,1.6569,1.1706,0.8128,0.7905,0.7226,Normal
TST000002,0.7844,1.2019,0.6983,1.0213,0.7364,0.7396,Normal
TST000003,2.1079,0.6224,0.8938,1.883,1.0132,3.9359,Normal
TST000004,2.2766,1.2019,0.9093,2.5672,0.7387,0.8481,Normal
TST000005,7.6971,0.508,7.6971,1.1013,1.8594,2.2448,Yuksek_Tutar
TST000006,1.3345,1.0019,1.6821,0.7426,1.5834,0.8272,Normal
TST000007,2.8772,7.6971,7.6971,1.4636,0.893,1.0494,Hizli_Mikro_Islem
TST000008,7.6971,0.508,7.6971,2.0068,2.1559,0.7216,Yuksek_Tutar
TST000009,3.8488,7.6971,7.6971,0.9352,0.7507,0.8128,Hizli_Mikro_Islem
TST000010,1.3187,1.6569,7.6971,7.6971,3.8488,7.6971,Hesap_Ele_Gecirme
TST000011,7.6971,0.6224,7.6971,0.6956,0.905,1.4414,Yuksek_Tutar
TST000012,0.7198,0.508,0.9435,0.7694,0.8284,0.6949,Normal
TST000013,1.8055,1.0019,1.7136,1.0314,0.8743,0.815,Normal
TST000014,1.0837,0.508,0.6955,2.1174,1.1027,1.1096,Normal
TST000015,1.6081,1.2019,3.0337,1.8449,1.4666,0.7311,Normal
TST000016,0.7198,1.6569,1.5703,0.697,0.9784,0.8771,Normal
TST000017,1.1587,0.508,0.9435,0.7854,0.7738,3.1863,Normal
TST000018,0.8839,0.508,1.0038,1.371,3.3796,2.3311,Normal
TST000019,0.9141,4.0336,7.6971,7.6971,3.8488,7.6971,Hesap_Ele_Gecirme
TST000020,1.3728,2.5973,1.3019,5.6177,2.1717,1.7675,Normal
TST000021,1.1234,1.6569,0.695,0.8738,1.2341,2.7067,Normal
TST000022,5.3945,1.2019,3.3931,1.8849,0.7278,2.265,Normal
TST000023,1.0468,2.1442,1.2514,0.946,1.1276,0.7759,Normal
TST000024,1.7755,1.2019,1.8507,0.8313,2.2165,1.0027,Normal
TST000025,2.095,0.6224,0.8221,2.5042,0.7806,0.6998,Normal
TST000026,7.6971,0.508,7.6971,1.1109,2.5438,0.7216,Yuksek_Tutar
TST000027,0.7263,0.7824,1.5946,0.9183,0.9321,1.5371,Normal
TST000028,0.8025,0.7824,1.1489,0.8216,0.7706,0.752,Normal
TST000029,7.6971,0.6224,7.6971,1.253,1.9041,7.6971,Yuksek_Tutar
TST000030,2.9435,0.508,0.7376,0.7905,0.7281,1.4416,Normal
TST000031,0.9116,0.508,1.0548,0.9854,1.1569,1.5788,Normal
TST000032,0.7067,1.2019,1.4905,1.546,2.7413,1.4056,Normal
TST000033,0.9521,0.7824,0.7042,1.253,0.7676,0.7534,Normal
TST000034,0.7239,0.6224,1.9448,0.751,2.9435,1.0443,Normal
TST000035,1.0015,0.508,1.1771,1.9556,2.1598,3.8488,Normal
TST000036,0.7492,0.6224,0.8071,2.3311,7.004,1.5254,Normal
TST000037,1.0004,0.6224,0.8557,0.6937,1.6545,0.7185,Normal
TST000038,0.859,1.2019,0.6984,1.9343,1.02,1.8665,Normal
TST000039,1.638,0.6224,1.3515,1.8507,0.9315,0.7023,Normal
TST000040,0.7189,0.7824,7.6971,7.6971,3.8488,7.6971,Hesap_Ele_Gecirme
TST000041,1.4452,1.2019,2.0804,0.8544,1.3908,1.1347,Normal
TST000042,1.6241,0.7824,1.4019,2.9013,1.6642,3.7081,Normal
TST000043,1.1069,2.1442,0.9099,1.2702,1.4205,0.9306,Normal
TST000044,1.1481,0.508,7.6971,7.6971,3.8488,7.6971,Hesap_Ele_Gecirme
TST000045,1.5239,2.1442,1.0533,7.6971,3.8488,0.8328,Cografi_Uyumsuzluk
TST000046,1.9257,0.7824,0.9275,1.9011,0.6977,0.7296,Normal
TST000047,0.8511,0.508,1.4416,2.2255,0.8061,1.3221,Normal
TST000048,1.0088,3.015,1.9195,0.825,0.9927,1.2804,Normal
TST000049,0.7029,0.508,1.7335,0.7774,0.7806,2.8608,Normal
TST000050,1.4868,1.6569,0.9817,1.904,1.4337,1.0905,Normal
TST000051,1.4173,1.2019,1.3235,1.1361,3.463,1.5415,Normal
TST000052,1.967,0.6224,1.9319,0.7895,1.2985,1.1866,Normal
TST000053,2.3741,0.508,1.0851,3.463,1.0946,1.0872,Normal
TST000054,0.8597,0.6224,0.802,1.0784,2.2461,0.6927,Normal
TST000055,1.5968,1.0019,1.5724,1.9735,3.3533,0.7117,Normal
TST000056,1.892,4.3649,2.4876,0.7358,1.5937,0.6941,Normal
TST000057,7.6971,1.0019,7.6971,0.8946,2.2418,0.9379,Yuksek_Tutar
TST000058,0.8837,1.2019,0.7647,0.6962,0.9017,1.3515,Normal
TST000059,1.0327,1.2019,2.123,0.7052,0.7008,0.7735,Normal
TST000060,4.0082,3.015,6.3108,1.4242,0.893,2.065,Normal
TST000061,1.4,0.508,1.0404,1.1964,1.1733,5.3945,Normal
TST000062,0.6983,0.6224,1.0132,7.6971,3.8488,0.8113,Cografi_Uyumsuzluk
TST000063,1.1943,0.7824,0.956,0.7501,1.645,1.5296,Normal
TST000064,1.1041,1.6569,2.2375,0.7755,1.1885,0.7702,Normal
TST000065,1.2578,1.2019,1.4588,1.2482,1.1752,1.1262,Normal
TST000066,0.6931,1.0019,1.0616,1.7439,0.9709,0.8794,Normal
TST000067,0.7141,0.7824,0.9161,2.1212,1.4056,1.5529,Normal
TST000068,0.7584,0.6224,1.4588,1.7809,1.3516,1.0572,Normal
TST000069,2.8068,1.0019,0.9066,0.7051,1.1771,0.6961,Normal
TST000070,3.4067,2.1442,2.1099,1.039,0.7201,0.7751,Normal
TST000071,0.6995,0.6224,0.742,1.1096,1.9195,1.1988,Normal
TST000072,1.4525,0.508,7.6971,7.6971,3.8488,7.6971,Hesap_Ele_Gecirme
TST000073,0.9952,1.2019,1.4986,0.7484,0.8055,1.1432,Normal
TST000074,0.6932,2.1442,0.9449,0.9192,2.7067,1.2294,Normal
TST000075,0.6968,1.2019,0.966,2.0133,1.0468,1.7543,Normal
TST000076,0.9981,1.0019,0.7445,1.0799,1.2897,0.7307,Normal
TST000077,1.2146,1.0019,0.9609,7.6971,3.8488,1.3208,Cografi_Uyumsuzluk
TST000078,3.0527,1.0019,0.9407,7.6971,3.8488,1.5968,Cografi_Uyumsuzluk
TST000079,1.0959,0.7824,0.8438,1.8278,0.7507,2.1677,Normal
TST000080,1.6982,1.0019,1.5254,7.6971,3.8488,4.4013,Cografi_Uyumsuzluk
TST000081,0.9531,0.6224,1.2493,1.8363,1.2273,0.6937,Normal
TST000082,2.2123,1.2019,1.4706,1.2723,1.5879,3.2545,Normal
TST000083,0.7461,2.5973,1.4414,1.389,0.6949,0.9948,Normal
TST000084,2.4554,0.508,1.1027,2.265,0.7722,1.9768,Normal
TST000085,1.2079,0.508,1.2562,1.6149,5.3945,0.7169,Normal
TST000086,1.0179,1.0019,1.1534,1.2248,1.1498,1.2515,Normal
TST000087,1.6957,1.2019,0.7569,1.2947,1.8488,1.1641,Normal
TST000088,1.7596,2.1442,0.928,0.7676,1.0403,0.8355,Normal
TST000089,7.6971,1.2019,7.6971,1.4139,1.1084,0.7656,Yuksek_Tutar
TST000090,1.5788,1.6569,2.0169,0.7358,0.7714,0.8457,Normal
TST000091,0.7461,0.508,1.2251,7.6971,3.8488,0.8809,Cografi_Uyumsuzluk
TST000092,0.7067,0.6224,0.7981,0.9795,1.6497,1.6427,Normal
TST000093,1.1361,0.7824,1.1532,0.7806,0.6931,0.769,Normal
TST000094,0.6967,0.7824,0.8903,0.703,2.0034,0.7613,Normal
TST000095,0.8903,0.7824,1.7157,0.7942,2.308,1.5551,Normal
TST000096,3.8488,7.6971,7.6971,1.99,0.7507,2.2249,Hizli_Mikro_Islem
TST000097,0.7088,0.508,0.7426,0.7032,0.6986,1.2404,Normal
TST000098,0.9426,0.7824,1.2294,0.8684,1.1692,1.892,Normal
TST000099,0.8453,0.7824,0.7023,0.711,1.3621,1.3927,Normal
TST000100,0.7201,1.2019,1.413,3.3027,1.4865,0.9166,Normal
TST000101,0.7655,1.0019,1.2922,0.9321,1.0404,1.4111,Normal
TST000102,0.7058,4.3649,2.9966,2.4554,1.3181,1.1277,Normal
TST000103,0.8523,0.508,7.6971,7.6971,3.8488,7.6971,Hesap_Ele_Gecirme
TST000104,0.9463,0.508,7.6971,7.6971,3.8488,7.6971,Hesap_Ele_Gecirme
TST000105,4.8639,0.6224,0.7609,0.8598,0.7531,0.7273,Normal
TST000106,1.5968,2.1442,2.2,0.8722,0.8134,0.6939,Normal
TST000107,1.2919,0.508,2.2944,1.0799,6.0877,0.8261,Normal
TST000108,1.3854,0.7824,2.2375,0.7309,1.3836,1.1361,Normal
TST000109,0.861,1.2019,1.5901,2.6219,0.8291,2.8608,Normal
TST000110,1.7132,1.2019,0.7793,3.9835,0.8193,1.9414,Normal
TST000111,0.7674,0.508,0.7239,1.024,2.0238,0.8672,Normal
TST000112,3.045,7.6971,7.6971,2.5973,0.853,1.0837,Hizli_Mikro_Islem
TST000113,1.88,1.6569,1.6126,1.6195,0.7145,0.7135,Normal
TST000114,1.1148,0.508,0.7023,7.6971,3.8488,0.7624,Cografi_Uyumsuzluk
TST000115,1.3181,0.508,0.983,1.3816,0.7059,0.7294,Normal
TST000116,3.847,1.6569,3.8905,0.7254,0.7101,1.0188,Normal
TST000117,4.439,0.508,2.2547,2.8107,0.8035,2.0481,Normal
TST000118,0.7844,0.6224,0.7682,1.428,2.5042,0.7106,Normal
TST000119,3.1224,1.2019,1.3341,0.9903,1.4416,0.8938,Normal
TST000120,3.015,0.7824,1.0238,5.2992,0.7245,0.7934,Normal
TST000121,1.0327,1.2019,0.8055,0.7682,0.7249,0.7759,Normal
TST000122,0.8826,2.5973,1.8166,2.7845,0.737,0.7106,Normal
TST000123,4.7527,1.2019,1.0163,0.7445,0.7928,0.6976,Normal
TST000124,3.57,1.6569,1.8741,1.2755,0.9673,1.0905,Normal
TST000125,0.8025,1.6569,0.9275,0.9827,0.8199,1.1123,Normal
TST000126,0.723,0.6224,1.4948,0.705,1.6761,0.7189,Normal
TST000127,1.4074,0.6224,1.1678,3.5862,0.7165,1.7071,Normal
TST000128,1.5254,0.508,2.4089,1.282,0.6935,1.3927,Normal
TST000129,3.8488,7.6971,7.6971,1.8849,1.8756,2.1598,Hizli_Mikro_Islem
TST000130,0.6966,1.2019,0.8481,0.8307,1.3532,1.0901,Normal
TST000131,1.4414,1.2019,0.857,1.4765,2.2255,0.7018,Normal
TST000132,1.898,0.7824,7.6971,7.6971,3.8488,7.6971,Hesap_Ele_Gecirme
TST000133,0.7242,1.0019,0.75,3.0527,0.8128,3.9359,Normal
TST000134,0.8025,1.2019,0.7487,0.6941,1.638,1.892,Normal
TST000135,2.9013,0.7824,0.7511,5.0581,2.6932,1.1234,Normal
TST000136,0.7411,1.6569,1.4205,3.8685,0.966,1.8665,Normal
TST000137,0.9342,0.7824,0.9025,1.8849,1.5937,1.3693,Normal
TST000138,3.8488,7.6971,7.6971,0.6986,2.8143,3.9129,Hizli_Mikro_Islem
TST000139,3.6898,0.7824,0.946,0.987,0.7281,0.6955,Normal
TST000140,1.4828,2.1442,1.9288,1.2985,0.8695,0.8349,Normal
TST000141,0.825,7.004,6.3108,1.1277,1.4946,0.7169,Normal
TST000142,1.1885,0.7824,1.2706,2.265,0.9721,0.8118,Normal
TST000143,7.6971,0.6224,7.6971,2.5153,1.6616,1.0277,Yuksek_Tutar
TST000144,0.8379,0.508,1.9448,0.8854,0.7832,0.8349,Normal
TST000145,2.3889,0.508,0.8134,1.3002,1.2044,2.1061,Normal
TST000146,0.7844,1.0019,0.6955,0.7608,1.0108,2.6282,Normal
TST000147,1.1866,0.6224,1.7136,1.1884,1.0132,0.7735,Normal
TST000148,3.8488,7.6971,7.6971,1.4868,1.0704,0.8428,Hizli_Mikro_Islem
TST000149,0.8205,2.5973,1.4205,1.5112,0.8946,0.9253,Normal
TST000150,2.1364,1.2019,0.9566,1.4416,0.8161,0.732,Normal
TST000151,0.8004,0.508,1.1518,1.159,0.8577,1.0455,Normal
TST000152,0.8604,2.5973,2.8451,1.0302,1.2125,1.275,Normal
TST000153,0.7029,1.6569,2.1212,7.6971,3.8488,2.065,Cografi_Uyumsuzluk
TST000154,0.6976,2.5973,0.9769,0.7918,1.0986,1.1361,Normal
TST000155,0.7037,1.6569,0.7517,0.8267,1.5465,0.6942,Normal
TST000156,1.5887,1.0019,0.9701,0.9025,1.02,3.4344,Normal
TST000157,2.9522,1.2019,5.1322,1.8138,0.6995,2.1918,Normal
TST000158,1.4471,1.2019,0.8365,0.8981,0.7396,0.6943,Normal
TST000159,2.9013,0.508,7.6971,7.6971,3.8488,7.6971,Hesap_Ele_Gecirme
TST000160,0.7236,1.2019,0.9414,0.8355,0.7966,0.8869,Normal
TST000161,7.6971,1.2019,7.6971,0.7784,1.1403,0.9244,Yuksek_Tutar
TST000162,1.0481,2.5973,2.1757,1.2702,0.9315,2.5381,Normal
TST000163,0.7083,1.0019,0.6932,1.4074,1.2998,2.0169,Normal
TST000164,0.8684,0.508,1.5598,1.7157,1.8055,1.2188,Normal
TST000165,0.6937,0.508,0.8472,1.2561,1.0851,0.8512,Normal
TST000166,0.9492,0.7824,0.6955,0.7569,1.3764,0.6957,Normal
TST000167,0.9288,1.2019,1.1619,0.8651,0.6944,1.0916,Normal
TST000168,0.7467,0.508,0.8631,0.9531,0.7722,1.4845,Normal
TST000169,2.0068,3.015,3.1122,2.0913,0.7895,0.739,Normal
TST000170,1.3208,0.508,1.2448,0.7288,1.3816,0.7471,Normal
TST000171,3.0337,1.2019,0.6939,0.7627,0.6951,1.3204,Normal
TST000172,3.8488,7.6971,7.6971,0.9637,1.5768,1.6785,Hizli_Mikro_Islem
TST000173,1.6103,1.2019,1.9605,0.7377,0.7976,0.7461,Normal
TST000174,0.7837,0.508,0.9463,1.8711,0.8502,1.5233,Normal
TST000175,4.8067,1.2019,3.6367,1.3155,0.7696,0.7302,Normal
TST000176,1.88,1.6569,1.3746,1.7071,0.847,0.8673,Normal
TST000177,1.4845,1.2019,1.1347,1.2922,1.3497,0.8459,Normal
TST000178,1.7596,0.7824,0.6936,0.7058,2.1099,1.275,Normal
TST000179,1.6103,1.2019,3.8685,0.7789,2.1136,0.7473,Normal
TST000180,1.1839,0.6224,1.012,1.1518,0.9104,0.7624,Normal
TST000181,0.8116,1.2019,0.7918,1.6249,1.0811,1.1446,Normal
TST000182,0.8915,0.508,1.6103,1.99,1.015,0.8216,Normal
TST000183,1.3289,0.7824,1.5551,0.7793,0.7101,0.8947,Normal
TST000184,1.7839,1.6569,0.9937,0.762,0.7161,0.7608,Normal
TST000185,0.7914,2.1442,0.8312,2.5791,0.7373,1.7233,Normal
TST000186,0.7772,1.2019,1.5171,1.0891,0.6943,3.3151,Normal
TST000187,0.6974,2.1442,0.6934,0.7034,1.0156,0.6937,Normal
TST000188,1.1898,0.6224,0.6932,1.2186,1.1148,0.8271,Normal
TST000189,2.6667,0.7824,2.0659,0.8826,0.8365,1.3691,Normal
TST000190,3.8488,7.6971,7.6971,0.8307,0.705,2.5322,Hizli_Mikro_Islem
TST000191,0.8428,0.508,0.7487,0.7789,1.159,0.9166,Normal
TST000192,0.8113,0.7824,0.8993,0.6937,1.0494,1.8944,Normal
TST000193,1.1082,2.5973,1.4885,1.1234,0.8178,3.7268,Normal
TST000194,1.515,0.508,0.7157,1.0713,0.8139,1.2404,Normal
TST000195,1.1084,2.1442,1.1432,0.9722,0.6943,0.7772,Normal
TST000196,3.7851,1.0019,0.7487,2.2207,1.8055,1.6932,Normal
TST000197,3.8488,7.6971,7.6971,0.7076,1.6737,0.8137,Hizli_Mikro_Islem
TST000198,0.8523,3.6196,7.6971,7.6971,3.8488,7.6971,Hesap_Ele_Gecirme
TST000199,0.8128,0.7824,0.954,1.355,0.8472,1.4318,Normal
TST000200,1.0886,0.508,0.9742,1.0872,1.413,1.034,Normal
TST000201,0.8025,0.6224,0.7098,0.8178,0.7381,1.6713,Normal
TST000202,7.6971,0.6224,7.6971,0.7137,0.9115,0.7555,Yuksek_Tutar
TST000203,3.2545,0.6224,0.7562,1.2886,0.6983,0.8869,Normal
TST000204,0.7985,0.508,0.8869,2.8219,0.754,1.2341,Normal
TST000205,1.2167,1.2019,0.705,1.0811,1.4599,2.7845,Normal
TST000206,2.5555,0.6224,1.0782,0.7868,0.7045,0.7301,Normal
TST000207,1.0088,0.508,0.8587,0.6984,0.7087,0.7281,Normal
TST000208,3.045,1.0019,0.9937,2.0659,4.9891,1.0901,Normal
TST000209,7.6971,0.7824,7.6971,0.8014,1.0625,0.6954,Yuksek_Tutar
TST000210,0.8914,1.2019,0.9709,0.729,0.7086,0.6994,Normal
TST000211,1.0699,0.6224,0.6948,1.6195,0.6943,0.7789,Normal
TST000212,1.2372,0.508,1.1692,1.0784,0.8662,0.7294,Normal
TST000213,1.1569,1.2019,7.6971,7.6971,3.8488,7.6971,Hesap_Ele_Gecirme
TST000214,0.753,1.0019,0.7251,4.0595,2.5732,1.453,Normal
TST000215,1.3155,0.6224,0.7448,0.905,0.7145,0.776,Normal
TST000216,1.9041,1.6569,1.0784,1.1148,0.8422,0.8652,Normal
TST000217,0.8517,1.0019,7.6971,7.6971,3.8488,7.6971,Hesap_Ele_Gecirme
TST000218,1.1659,1.2019,2.0411,0.753,1.034,1.118,Normal
TST000219,2.4554,0.508,1.5171,1.052,1.4745,1.5834,Normal
TST000220,0.7606,1.0019,1.6038,0.7541,0.7914,0.8794,Normal
TST000221,2.065,0.508,1.2872,1.681,1.0238,0.9701,Normal
TST000222,2.4089,1.2019,1.967,0.7976,1.3532,1.7032,Normal
TST000223,0.7147,3.015,1.99,0.9017,0.6931,0.8563,Normal
TST000224,0.7115,0.6224,0.7244,1.305,2.8849,1.2217,Normal
TST000225,0.9661,1.0019,0.9333,1.5724,0.9722,0.694,Normal
TST000226,2.2861,0.6224,1.4416,0.964,2.9876,1.2804,Normal
TST000227,0.7208,1.2019,0.6932,3.8685,1.3816,0.6958,Normal
TST000228,0.6989,0.6224,0.6969,2.2899,1.015,2.5496,Normal
TST000229,1.1973,0.6224,0.9435,1.9605,0.6956,1.4666,Normal
TST000230,1.6569,0.508,1.6038,7.6971,3.8488,0.7694,Cografi_Uyumsuzluk
TST000231,0.9993,1.2019,0.9757,1.8944,0.9321,0.9192,Normal
TST000232,1.1446,3.6196,3.8685,2.954,1.0507,0.7192,Normal
TST000233,1.453,1.0019,0.8472,0.9332,0.6934,1.1765,Normal
TST000234,1.1277,0.6224,1.0546,1.0961,1.3076,0.7396,Normal
TST000235,1.179,1.0019,1.2823,0.6954,1.2217,1.1619,Normal
TST000236,2.6865,1.0019,0.9297,0.815,0.6983,2.3548,Normal
TST000237,2.3741,3.015,3.102,0.7559,0.6933,0.9025,Normal
TST000238,0.7075,0.6224,1.1692,0.9263,0.8662,3.3404,Normal
TST000239,1.2973,0.508,0.7003,0.7309,0.7429,1.317,Normal
TST000240,7.6971,2.5973,7.6971,0.6961,0.752,0.8107,Yuksek_Tutar
TST000241,0.8794,0.508,1.1752,1.8335,0.7256,1.9288,Normal
TST000242,0.7947,0.7824,0.8938,1.0651,1.8536,1.5788,Normal
TST000243,0.9344,1.6569,1.7007,1.7491,0.718,1.4588,Normal
TST000244,1.6249,0.7824,1.0548,0.7115,0.7012,1.1,Normal
TST000245,0.8302,0.7824,1.1481,0.9025,0.968,0.8349,Normal
TST000246,1.2626,0.6224,0.7099,7.6971,3.8488,1.757,Cografi_Uyumsuzluk
TST000247,1.9573,0.6224,0.718,0.8715,1.0559,0.7666,Normal
TST000248,0.6986,2.1442,1.2578,0.8113,0.9091,1.1082,Normal
TST000249,1.3358,1.2019,0.7666,1.1692,0.6941,2.379,Normal
TST000250,0.9866,0.508,0.8141,2.419,2.3988,1.2044,Normal
TST000251,4.1136,0.6224,1.7782,0.7784,0.7312,1.2019,Normal
TST000252,1.0602,0.7824,0.748,0.964,1.1228,3.2198,Normal
TST000253,1.3086,0.7824,0.8738,0.6932,1.7336,0.7273,Normal
TST000254,0.8679,0.6224,1.0468,1.5112,0.7484,1.2146,Normal
TST000255,0.7742,0.6224,0.9948,0.6934,1.1733,0.7092,Normal
TST000256,0.8449,1.2019,0.9661,1.2273,0.7203,1.0851,Normal
TST000257,1.842,0.6224,1.1988,0.7309,1.5901,0.6933,Normal
TST000258,0.7448,1.0019,0.7179,2.095,0.7966,1.3927,Normal
TST000259,3.0527,1.2019,0.9275,0.9172,1.2837,0.7143,Normal
TST000260,0.9059,1.6569,7.6971,7.6971,3.8488,7.6971,Hesap_Ele_Gecirme
TST000261,1.3943,0.6224,1.0085,1.2561,1.3035,0.7041,Normal
TST000262,1.6761,1.2019,1.6785,2.0552,1.247,1.2584,Normal
TST000263,0.8491,2.1442,0.8903,1.2594,2.3596,0.7188,Normal
TST000264,0.7323,3.015,4.5616,1.4549,0.7347,0.9519,Normal
TST000265,3.9129,1.6569,2.2547,1.7474,1.1481,0.7434,Normal
TST000266,3.7851,1.2019,2.7699,1.1207,0.712,0.8355,Normal
TST000267,3.8488,7.6971,7.6971,1.8449,1.7208,2.2041,Hizli_Mikro_Islem
TST000268,2.0516,0.508,0.7034,0.7026,1.343,1.2105,Normal
TST000269,0.7294,0.508,0.7433,0.7113,1.3153,2.4501,Normal
TST000270,3.7459,0.6224,0.8438,1.2273,1.8507,1.0365,Normal
TST000271,0.758,0.508,1.0088,2.7204,1.043,0.9218,Normal
TST000272,0.9379,1.6569,0.9309,1.3235,0.9402,1.4588,Normal
TST000273,1.599,2.5973,3.554,2.3126,2.2678,1.5508,Normal
TST000274,2.8772,7.6971,7.6971,0.6986,1.4056,1.2404,Hizli_Mikro_Islem
TST000275,2.0101,0.508,2.299,7.6971,3.8488,0.875,Cografi_Uyumsuzluk
TST000276,2.1797,0.508,1.0001,0.7981,1.5192,0.6932,Normal
TST000277,1.2024,1.6569,1.1068,0.7094,1.2578,0.786,Normal
TST000278,2.2123,0.6224,1.8741,0.9116,0.7815,1.1347,Normal
TST000279,0.9332,1.0019,1.1771,0.7396,0.7079,1.9778,Normal
TST000280,3.2904,0.7824,1.6149,0.7387,0.6958,1.1619,Normal
TST000281,3.6718,0.6224,0.9903,0.8441,0.9093,1.3136,Normal
TST000282,0.965,0.7824,1.2248,1.6172,0.6946,0.7471,Normal
TST000283,7.6971,0.6224,3.7081,1.7008,1.0664,0.6975,Normal
TST000284,0.9352,1.2019,0.8459,0.9041,2.3311,0.7152,Normal
TST000285,1.0327,1.2019,0.9009,3.2545,1.4825,1.0727,Normal
TST000286,1.2631,1.2019,7.6971,7.6971,3.8488,7.6971,Hesap_Ele_Gecirme
TST000287,7.6971,0.7824,7.6971,1.1587,0.8665,0.8925,Yuksek_Tutar
TST000288,1.2788,4.0336,1.9445,1.2804,0.6941,0.7904,Normal
TST000289,2.1079,0.508,0.8576,2.5672,0.8903,1.2404,Normal
TST000290,0.7396,0.7824,0.7033,2.466,1.3428,3.4344,Normal
TST000291,0.7067,0.6224,0.758,0.986,1.0063,1.2188,Normal
TST000292,1.2947,1.2019,1.2482,0.7098,2.3126,0.9352,Normal
TST000293,0.6995,2.1442,1.1151,0.9784,4.2006,0.7169,Normal
TST000294,1.0828,1.0019,1.2584,1.6497,2.8451,0.7296,Normal
TST000295,1.1988,1.0019,0.9252,1.0992,0.9275,0.8619,Normal
TST000296,0.9927,3.6196,3.6196,0.964,5.6177,2.5613,Normal
TST000297,1.4845,1.2019,3.463,0.7096,0.9361,1.0455,Normal
TST000298,1.0797,3.015,1.6982,3.015,1.1228,0.8466,Normal
TST000299,1.3633,0.508,0.7647,2.3596,0.9806,1.924,Normal
TST000300,1.3879,2.1442,1.5901,0.9116,0.7647,0.6997,Normal
TST000301,1.8665,0.6224,1.2798,7.6971,3.8488,0.7755,Cografi_Uyumsuzluk
TST000302,1.2084,1.0019,0.7755,0.7548,0.963,0.7647,Normal
TST000303,0.8915,0.7824,1.4865,3.2783,0.7113,0.7566,Normal
TST000304,3.8488,7.6971,7.6971,1.6859,1.88,2.4241,Hizli_Mikro_Islem
TST000305,7.6971,2.1442,7.6971,1.211,1.4765,3.9359,Yuksek_Tutar
TST000306,0.754,0.508,0.8498,0.8449,1.413,1.2538,Normal
TST000307,0.6998,0.6224,1.0575,0.6949,0.6949,1.1721,Normal
TST000308,1.2341,0.7824,0.9161,1.0455,0.8938,2.5042,Normal
TST000309,2.1598,0.6224,0.695,0.7584,1.4433,0.9602,Normal
TST000310,1.0535,0.508,0.8631,0.9637,1.6413,0.815,Normal
TST000311,1.8138,0.7824,0.6958,0.7602,2.5381,0.8555,Normal
TST000312,2.0307,0.7824,0.7349,0.9183,0.7312,2.1715,Normal
TST000313,7.6971,0.7824,7.6971,2.8529,0.9227,1.3487,Yuksek_Tutar
TST000314,2.7135,0.6224,1.039,1.0704,0.8071,0.8284,Normal
TST000315,1.1866,0.508,1.034,0.6942,1.7082,0.6932,Normal
TST000316,0.7482,0.6224,0.7559,7.6971,1.5594,1.1928,Normal
TST000317,7.6971,0.7824,7.6971,1.8363,1.1884,1.9834,Yuksek_Tutar
TST000318,0.7627,0.508,1.1344,1.1924,2.259,0.7678,Normal
TST000319,1.4525,0.7824,0.7006,1.0228,1.1869,0.7037,Normal
TST000320,0.6966,4.0336,1.3746,0.7458,0.8617,0.857,Normal
TST000321,0.8771,0.7824,0.767,1.8652,0.7171,0.7433,Normal
TST000322,0.9492,1.6569,0.7552,1.3692,1.5887,1.8055,Normal
TST000323,0.7239,0.7824,1.7284,3.5227,1.8575,1.892,Normal
TST000324,0.8915,3.015,0.8447,2.1174,2.6219,2.0552,Normal
TST000325,2.5381,0.6224,0.7742,4.439,2.3596,0.755,Normal
TST000326,0.7281,2.1442,1.9319,1.159,1.3908,1.6593,Normal
TST000327,1.1561,0.508,0.6998,1.3002,0.8147,0.8155,Normal
TST000328,0.7339,0.6224,1.6469,1.1196,1.052,0.7471,Normal
TST000329,0.9262,0.6224,1.3816,0.6973,1.1928,1.9967,Normal
TST000330,0.7263,1.0019,0.7032,1.7972,2.6537,2.2547,Normal
TST000331,0.7784,1.6569,0.7025,0.7794,1.0015,2.2249,Normal
TST000332,0.6937,0.6224,0.8651,2.7343,0.6942,0.8809,Normal
TST000333,0.8645,2.1442,1.1692,0.7173,0.8695,3.554,Normal
TST000334,1.1633,0.7824,7.6971,7.6971,3.8488,7.6971,Hesap_Ele_Gecirme
TST000335,1.1866,0.6224,1.5415,0.6941,0.8722,3.8685,Normal
TST000336,0.7396,1.2019,7.6971,7.6971,3.8488,7.6971,Hesap_Ele_Gecirme
TST000337,0.8229,1.2019,3.3027,0.739,0.8617,1.5239,Normal
TST000338,0.7221,0.6224,7.6971,7.6971,3.8488,7.6971,Hesap_Ele_Gecirme
TST000339,0.7221,1.0019,0.8365,2.3807,0.7017,1.1378,Normal
TST000340,1.2201,0.508,1.0891,1.1277,0.9959,0.7315,Normal
TST000341,0.7823,0.7824,0.7098,1.1069,1.1389,0.8511,Normal
TST000342,1.1898,1.0019,1.2919,0.9252,0.7012,2.7067,Normal
TST000343,1.2823,1.6569,1.0175,0.6942,0.7844,1.3445,Normal
TST000344,2.4554,0.6224,0.7487,1.0864,0.7854,1.0175,Normal
TST000345,1.2003,0.7824,0.8512,0.9952,0.7751,0.6972,Normal
TST000346,1.0572,1.6569,2.0588,0.7008,1.5837,3.5227,Normal
TST000347,1.0204,5.1322,1.8652,0.8892,0.8354,0.9297,Normal
TST000348,0.887,0.6224,0.6932,0.8631,0.9993,1.1847,Normal
TST000349,0.9691,2.5973,7.6971,7.6971,3.8488,7.6971,Hesap_Ele_Gecirme
TST000350,2.0,0.508,1.4785,1.681,1.1973,0.8035,Normal
TST000351,1.2019,0.508,1.0891,7.6971,3.8488,1.8152,Cografi_Uyumsuzluk
TST000352,0.9554,0.508,0.7264,0.7032,0.7042,0.8272,Normal
TST000353,1.4525,1.2019,1.2626,1.1038,1.1587,0.7049,Normal
TST000354,0.6932,0.7824,1.2482,1.4139,1.0302,1.4491,Normal
TST000355,2.5323,3.6196,4.7014,2.0731,0.6938,2.0913,Normal
TST000356,1.0599,3.6196,5.2992,7.6971,3.8488,1.3324,Cografi_Uyumsuzluk
TST000357,0.8015,0.6224,1.2084,2.3453,0.9309,2.0987,Normal
TST000358,1.0276,1.2019,1.3818,0.7358,0.805,1.599,Normal
TST000359,0.8076,0.6224,7.6971,7.6971,3.8488,7.6971,Hesap_Ele_Gecirme
TST000360,0.6968,0.508,0.7367,0.7086,1.0559,1.1378,Normal
TST000361,0.8134,1.0019,2.0012,0.7555,1.6427,1.5508,Normal
TST000362,3.8488,7.6971,7.6971,0.7426,2.2165,3.8905,Hizli_Mikro_Islem
TST000363,2.084,1.0019,2.2547,0.841,3.1753,1.631,Normal
TST000364,1.8536,3.015,1.6474,1.1824,1.0533,0.857,Normal
TST000365,0.9542,0.7824,1.0038,0.6955,1.1984,0.7032,Normal
TST000366,0.752,1.6569,0.7627,3.4776,3.7653,1.0264,Normal
TST000367,1.2726,1.2019,0.7632,0.7656,0.7198,2.1797,Normal
TST000368,0.8205,2.1442,0.7487,0.8693,1.9164,2.095,Normal
TST000369,0.9081,0.508,0.7507,0.7261,0.8005,0.9235,Normal
TST000370,1.453,2.1442,2.6999,1.8652,0.7111,2.5042,Normal
TST000371,2.2448,0.6224,1.2186,3.3277,3.8259,0.803,Normal
TST000372,1.9605,0.508,0.6977,0.9183,1.5192,1.898,Normal
TST000373,1.0455,4.0336,3.2904,0.8782,0.7065,1.7545,Normal
TST000374,2.095,0.508,7.6971,7.6971,3.8488,7.6971,Hesap_Ele_Gecirme
TST000375,1.4525,0.508,0.9361,1.3603,0.9183,0.7078,Normal
TST000376,0.8205,2.1442,1.3052,0.8577,1.5465,2.0169,Normal
TST000377,1.5645,0.6224,0.8609,0.6932,0.712,1.9288,Normal
TST000378,3.045,0.6224,1.0352,0.748,2.2461,1.9894,Normal
TST000379,4.7527,1.0019,0.9981,0.7137,0.6964,0.7101,Normal
TST000380,0.8826,1.2019,0.8638,0.7141,1.9319,0.699,Normal
TST000381,0.8523,0.508,0.7356,1.7439,0.7484,2.065,Normal
TST000382,3.8488,0.7824,0.8485,0.6951,1.2279,2.095,Normal
TST000383,3.8488,7.6971,7.6971,1.9448,0.7278,0.8907,Hizli_Mikro_Islem
TST000384,1.5968,1.0019,0.6933,1.0797,2.2291,0.9041,Normal
TST000385,1.7622,0.6224,0.9288,0.695,0.6995,0.7751,Normal
TST000386,3.8488,7.6971,7.6971,1.4865,1.431,1.9768,Hizli_Mikro_Islem
TST000387,2.259,0.6224,0.7296,1.1344,1.0132,2.065,Normal
TST000388,3.8488,7.6971,7.6971,0.8706,2.2722,0.983,Hizli_Mikro_Islem
TST000389,0.7088,0.6224,0.7501,0.7864,0.7128,1.5239,Normal
TST000390,0.7566,0.508,0.9769,1.5692,0.8598,0.963,Normal
TST000391,1.1866,0.7824,7.6971,7.6971,3.8488,7.6971,Hesap_Ele_Gecirme
TST000392,0.8534,1.2019,0.7492,2.1136,1.0651,1.1395,Normal
TST000393,1.9967,0.7824,0.9003,1.7336,0.6953,3.8053,Normal
TST000394,1.4686,1.2019,0.7209,1.3076,0.905,1.1179,Normal
TST000395,0.695,0.508,1.0156,0.7666,0.7845,0.9795,Normal
TST000396,2.521,0.7824,0.8449,7.6971,3.8488,2.1715,Cografi_Uyumsuzluk
TST000397,0.8025,0.508,1.7993,1.0442,2.1212,0.8925,Normal
TST000398,1.645,1.0019,0.7258,1.5423,1.2044,2.2041,Normal
TST000399,1.3255,2.5973,0.8045,1.7474,0.825,1.1196,Normal
TST000400,0.7099,2.1442,1.341,0.9519,2.0659,2.4714,Normal
TST000401,0.703,0.7824,0.8449,0.7153,0.963,0.9275,Normal
TST000402,2.8608,1.6569,0.8706,1.0976,0.7283,2.2461,Normal
TST000403,0.6995,2.1442,1.6357,1.5834,1.0638,0.7018,Normal
TST000404,1.5968,0.6224,0.7036,1.3656,0.6989,0.6937,Normal
TST000405,1.4549,1.0019,0.7647,0.6961,0.9172,6.3108,Normal
TST000406,0.7012,2.1442,0.7221,1.2985,1.4599,0.7933,Normal
TST000407,1.0643,1.2019,0.9161,1.11,0.7042,0.9414,Normal
TST000408,0.8139,1.2019,1.2294,0.7296,1.034,0.694,Normal
TST000409,0.6938,0.7824,3.8685,0.8839,0.8492,1.2584,Normal
TST000410,3.8488,7.6971,7.6971,2.148,0.7666,3.2428,Hizli_Mikro_Islem
TST000411,2.0169,4.9245,4.3298,1.0138,1.6413,1.1054,Normal
TST000412,1.842,1.2019,0.8826,1.546,1.5834,1.0132,Normal
TST000413,3.8488,7.6971,7.6971,0.9925,1.609,1.3371,Hizli_Mikro_Islem
TST000414,1.1928,0.508,0.8938,7.6971,3.8488,0.7698,Cografi_Uyumsuzluk
TST000415,0.9554,0.508,0.8801,0.7017,0.9104,3.2663,Normal
TST000416,1.2003,0.6224,1.5645,3.6541,0.7824,0.8178,Normal
TST000417,0.6957,0.6224,1.0001,1.0986,0.9333,0.8861,Normal
TST000418,0.6977,2.5973,1.7233,0.8631,1.3724,1.0365,Normal
TST000419,0.7364,0.7824,0.8695,1.5192,0.7143,2.8931,Normal
TST000420,0.8597,0.6224,1.0811,1.8392,1.3879,1.043,Normal
TST000421,0.7157,0.6224,0.8199,3.2999,1.967,1.0891,Normal
TST000422,1.6521,1.2019,2.3453,2.419,1.0651,0.7376,Normal
TST000423,1.4414,1.6569,2.0169,0.7859,1.4666,1.1463,Normal
TST000424,0.9915,1.0019,0.983,0.8715,2.1519,0.7299,Normal
TST000425,0.853,1.2019,0.7487,2.3453,1.2774,0.7635,Normal
TST000426,3.4067,0.7824,0.7742,1.4765,4.9891,0.7294,Normal
TST000427,2.8772,1.2019,1.1503,0.7666,1.4674,2.5438,Normal
TST000428,3.6541,0.6224,1.8307,3.7081,1.015,0.841,Normal
TST000429,0.6987,0.7824,0.6969,3.8905,1.3516,0.8155,Normal
TST000430,1.0327,1.0019,1.4828,1.2034,0.7149,2.065,Normal
TST000431,0.7439,0.6224,1.1027,0.7484,0.6934,1.1569,Normal
TST000432,0.9402,2.1442,0.7426,0.7891,0.771,1.261,Normal
TST000433,4.2314,0.508,0.9093,0.9321,1.3816,2.4607,Normal
TST000434,0.6948,1.2019,0.8587,0.8323,0.6932,1.2626,Normal
TST000435,0.7004,0.508,1.0442,1.9343,0.799,1.7782,Normal
TST000436,1.5968,2.1442,1.8166,0.7225,0.9722,1.2804,Normal
TST000437,0.7333,0.508,1.0378,3.5227,0.7804,2.3311,Normal
TST000438,0.8598,1.0019,1.7136,1.3692,1.8711,0.8512,Normal
TST000439,0.7406,3.015,1.0533,1.1277,0.7167,2.2899,Normal
TST000440,0.966,0.508,1.0088,1.6545,1.404,1.2049,Normal
TST000441,1.1137,1.0019,1.3208,0.8373,1.1854,0.7221,Normal
TST000442,1.3879,0.7824,7.6971,7.6971,3.8488,7.6971,Hesap_Ele_Gecirme
TST000443,0.6963,1.0019,0.958,1.118,1.0228,0.815,Normal
TST000444,1.9164,0.6224,0.9521,0.7686,1.1116,1.0108,Normal
TST000445,0.9124,0.7824,2.6999,0.7981,1.3818,0.7514,Normal
TST000446,1.4825,0.7824,0.7103,0.7161,1.1551,0.8417,Normal
TST000447,3.3931,1.6569,3.9359,0.8331,1.6616,1.0901,Normal
TST000448,0.9854,0.7824,0.7414,1.2273,1.4433,0.8107,Normal
TST000449,1.2155,1.0019,1.4381,1.131,2.7343,0.9519,Normal
TST000450,1.2024,0.508,1.0691,2.9013,0.9059,1.9041,Normal
TST000451,1.2294,0.7824,1.5275,0.9637,2.9697,1.1177,Normal
TST000452,7.6971,1.6569,7.6971,1.7208,1.1516,2.5322,Yuksek_Tutar
TST000453,0.8137,1.2019,7.6971,7.6971,3.8488,7.6971,Hesap_Ele_Gecirme
TST000454,1.3136,0.7824,1.1633,0.6932,0.7103,1.2798,Normal
TST000455,2.0101,1.0019,0.9806,0.7364,0.924,0.9492,Normal
TST000456,1.0961,3.6196,1.9477,0.7698,1.015,0.6951,Normal
TST000457,0.987,0.6224,0.8193,2.6034,0.7647,1.6241,Normal
TST000458,0.6974,1.6569,2.0804,7.6971,3.8488,0.7763,Cografi_Uyumsuzluk
TST000459,1.0455,1.0019,1.0001,0.8782,0.7106,1.1068,Normal
TST000460,1.4074,0.508,1.1988,1.005,1.2186,1.1109,Normal
TST000461,7.6971,2.1442,7.6971,0.7017,0.79,1.0125,Yuksek_Tutar
TST000462,0.7562,1.6569,1.6521,0.7171,1.1151,1.0443,Normal
TST000463,3.8488,7.6971,7.6971,0.8139,5.9054,0.6932,Hizli_Mikro_Islem
TST000464,1.5703,0.7824,0.8344,1.3272,0.6931,1.1847,Normal
TST000465,1.1151,3.015,0.7705,1.3263,0.6933,2.1061,Normal
TST000466,0.7877,0.7824,1.1869,0.6955,1.0946,2.0133,Normal
TST000467,0.697,2.1442,2.8451,0.6951,0.7442,0.718,Normal
TST000468,3.8488,7.6971,7.6971,2.8219,0.6959,0.9041,Hizli_Mikro_Islem
TST000469,7.6971,1.2019,7.6971,1.0575,1.1569,1.0756,Yuksek_Tutar
TST000470,1.6581,0.508,0.7119,0.9344,0.778,1.8536,Normal
TST000471,4.439,0.7824,2.4876,1.88,1.2064,2.9966,Normal
TST000472,0.7124,0.6224,0.9993,0.7666,1.2702,0.7804,Normal
TST000473,0.7379,0.7824,1.5192,0.6935,1.8711,0.9398,Normal
TST000474,1.5645,1.6569,0.9566,1.1847,0.6959,0.6939,Normal
TST000475,0.9288,0.7824,1.0175,1.4433,1.4414,0.8182,Normal
TST000476,0.7113,0.6224,0.7804,1.7763,1.2482,2.065,Normal
TST000477,2.2634,0.7824,2.3035,1.0651,1.5598,2.5381,Normal
TST000478,2.3644,0.6224,1.2341,1.1,0.8881,1.7208,Normal
TST000479,3.8488,7.6971,7.6971,0.8188,2.7555,4.2006,Hizli_Mikro_Islem
TST000480,0.7497,0.6224,1.3816,0.7868,0.6957,0.9149,Normal
TST000481,1.7413,0.7824,0.9854,0.7004,0.7304,1.8055,Normal
TST000482,0.6936,3.6196,1.0163,0.758,1.2064,0.7264,Normal
TST000483,1.3943,0.6224,0.771,0.964,0.846,1.3574,Normal
TST000484,0.8061,0.7824,0.7433,1.7107,1.6142,1.7336,Normal
TST000485,0.7461,0.7824,0.8631,1.2094,1.179,0.6954,Normal
TST000486,1.4276,0.508,1.507,1.0378,1.4825,2.3311,Normal
TST000487,2.9264,0.7824,1.5317,2.3596,2.6932,0.8631,Normal
TST000488,0.9463,1.0019,1.6584,0.8447,1.2167,1.0612,Normal
TST000489,2.0446,2.1442,2.3692,1.8363,2.065,2.299,Normal
TST000490,0.8859,2.1442,0.6933,1.1375,0.7774,1.5401,Normal
TST000491,3.8488,0.508,0.7051,3.8905,0.7463,1.5112,Normal
TST000492,0.8188,1.0019,0.6941,1.515,1.2515,0.863,Normal
TST000493,1.2209,0.508,1.1053,0.7656,0.7001,1.4868,Normal
TST000494,1.5317,1.0019,1.3982,0.7656,0.8511,0.705,Normal
TST000495,1.1752,0.508,1.3102,0.9521,1.2922,0.9025,Normal
TST000496,1.2771,0.7824,1.1375,0.7914,0.846,1.1518,Normal
TST000497,1.0916,0.7824,2.0446,1.0961,2.4986,0.732,Normal
TST000498,2.0517,0.508,0.805,1.7972,1.5887,0.7651,Normal
TST000499,0.9745,1.2019,1.1344,1.8711,0.9333,0.7266,Normal
TST000500,0.8738,0.508,0.6933,0.8447,3.0243,1.7993,Normal
TST000501,1.0276,3.015,2.6282,1.1069,0.968,4.1708,Normal
TST000502,2.7484,1.6569,0.7356,1.8392,0.7161,2.4075,Normal
TST000503,1.3663,0.508,1.2702,2.5973,0.9649,2.2858,Normal
TST000504,0.8459,0.6224,1.1123,2.2255,0.7484,0.7859,Normal
TST000505,3.1753,5.7512,6.3108,2.3553,1.3516,0.9578,Normal
TST000506,3.045,7.6971,7.6971,1.2186,1.4805,0.6969,Hizli_Mikro_Islem
TST000507,0.8025,0.508,0.9701,0.8537,1.034,2.281,Normal
TST000508,0.7205,1.0019,0.963,0.8307,0.802,0.7815,Normal
TST000509,1.1446,1.2019,0.8227,2.3172,0.8367,1.0973,Normal
TST000510,0.9009,0.6224,0.7772,0.9914,0.9361,0.8066,Normal
TST000511,1.7107,2.5973,2.6409,1.7702,1.305,2.8772,Normal
TST000512,1.1432,1.6569,1.3621,7.6971,3.8488,1.4381,Cografi_Uyumsuzluk
TST000513,2.0272,0.508,0.8485,1.8944,0.7751,1.175,Normal
TST000514,2.0516,0.508,0.799,1.1304,0.7042,0.7299,Normal
TST000515,4.7527,3.6196,1.8363,1.1013,0.7208,0.9286,Normal
TST000516,2.095,4.0336,1.9319,1.1333,1.0851,1.3445,Normal
TST000517,0.965,0.7824,1.4356,1.609,0.7061,4.4013,Normal
TST000518,0.7076,0.508,2.0623,1.5692,2.379,0.7461,Normal
TST000519,1.2403,1.0019,0.8695,1.4375,0.6981,0.6933,Normal
TST000520,0.7312,1.2019,1.6664,0.6977,0.857,3.4344,Normal
TST000521,3.0058,0.508,0.8903,0.7914,0.897,0.963,Normal
TST000522,2.9264,0.508,0.7209,1.2105,2.1757,2.4876,Normal
TST000523,0.7617,3.6196,3.2904,0.9172,0.703,0.6983,Normal
TST000524,1.0986,1.2019,0.7025,1.3307,0.7361,0.8537,Normal
TST000525,0.7115,0.7824,0.7126,1.3663,0.8081,1.1164,Normal
TST000526,0.7056,0.6224,1.5007,1.7649,2.2461,0.7815,Normal
TST000527,1.7082,1.0019,0.8672,3.9835,1.2201,0.857,Normal
TST000528,0.704,0.508,2.1326,1.5283,1.1207,0.8936,Normal
TST000529,0.8449,0.7824,0.8096,1.6688,0.963,0.753,Normal
TST000530,1.4845,1.2019,1.3674,0.6932,0.7448,1.5233,Normal
TST000531,0.7714,0.7824,0.7349,1.3153,1.4865,0.8512,Normal
TST000532,1.7136,1.2019,0.7793,0.732,1.0992,1.1706,Normal
TST000533,0.6975,1.2019,0.7059,1.7596,1.5857,0.8869,Normal
TST000534,0.7837,1.6569,0.7373,1.1587,1.2774,0.7086,Normal
TST000535,1.0027,1.0019,0.778,3.2545,0.7484,0.9166,Normal
TST000536,0.9492,0.6224,0.7497,0.7884,1.3375,1.7543,Normal
TST000537,2.0588,0.6224,1.1503,1.6688,1.6249,0.7789,Normal
TST000538,1.3119,1.0019,0.6931,2.2255,1.0651,1.3854,Normal
TST000539,3.2663,1.0019,1.0001,1.4007,1.0602,0.697,Normal
TST000540,1.3204,0.508,0.7026,0.955,2.0342,1.7157,Normal
TST000541,1.3458,1.0019,1.2872,0.6951,0.829,1.9072,Normal
TST000542,2.6995,0.7824,1.7839,2.5791,1.9164,1.2217,Normal
TST000543,7.6971,0.508,7.6971,0.7682,0.7244,1.883,Yuksek_Tutar
TST000544,1.005,0.508,1.1109,1.7008,0.8652,0.7686,Normal
TST000545,7.6971,0.7824,7.6971,1.2515,1.5837,1.0365,Yuksek_Tutar
TST000546,0.7045,0.7824,0.875,1.6427,1.2897,1.0986,Normal
TST000547,0.7245,0.6224,0.8055,1.3782,0.9521,0.7254,Normal
TST000548,2.35,1.0019,0.748,1.7782,0.9206,1.1123,Normal
TST000549,7.6971,0.508,7.6971,1.8944,1.4765,1.1261,Yuksek_Tutar
TST000550,1.1866,0.508,0.7918,0.6969,1.1733,2.1442,Normal
TST000551,0.7952,0.508,1.0417,1.99,1.1809,1.1013,Normal
TST000552,1.179,1.0019,0.9333,1.1228,1.7336,1.9509,Normal
TST000553,2.0913,0.6224,0.6942,0.7406,1.9894,0.8441,Normal
TST000554,5.4999,1.2019,5.2122,0.8291,0.7101,0.8157,Normal
TST000555,3.8488,7.6971,7.6971,1.4845,2.6999,1.1696,Hizli_Mikro_Islem
TST000556,1.1824,1.0019,0.8055,0.7171,1.3982,1.6761,Normal
TST000557,0.7278,1.0019,1.4948,0.8216,1.6058,0.7863,Normal
TST000558,1.9041,0.7824,1.1532,1.0378,0.7706,2.3405,Normal
TST000559,0.9649,0.6224,1.0132,0.9521,0.799,1.3836,Normal
TST000560,2.8772,7.6971,7.6971,1.8363,1.5834,1.8478,Hizli_Mikro_Islem
TST000561,2.8068,0.6224,0.7349,1.3136,0.6934,0.8706,Normal
TST000562,1.6241,0.7824,0.7702,1.1532,0.853,0.6954,Normal
TST000563,1.4726,0.508,1.1752,2.0789,0.7096,1.3445,Normal
TST000564,1.3204,0.508,0.9081,2.8296,0.7914,1.3601,Normal
TST000565,1.5968,0.7824,0.799,0.7789,1.6982,1.2561,Normal
TST000566,7.6971,0.6224,7.6971,0.7555,2.5153,0.705,Yuksek_Tutar
TST000567,2.8772,7.6971,7.6971,0.8441,0.9519,1.99,Hizli_Mikro_Islem
TST000568,1.6664,0.508,0.8914,0.7984,2.6732,0.6988,Normal
TST000569,0.7947,0.508,1.0643,2.0169,0.9625,0.9959,Normal
TST000570,0.9298,1.0019,0.7433,2.4241,0.7126,3.0337,Normal
TST000571,0.8523,0.508,0.7023,1.1151,2.5266,0.7815,Normal
TST000572,1.7057,0.508,0.6963,0.8055,1.7259,1.0327,Normal
TST000573,0.8302,1.6569,7.6971,7.6971,3.8488,7.6971,Hesap_Ele_Gecirme
TST000574,3.5382,0.7824,1.5233,1.4416,0.946,1.9102,Normal
TST000575,1.0378,1.0019,0.8199,0.7251,1.5197,2.3265,Normal
TST000576,1.6013,0.508,0.754,0.7832,1.2146,0.6955,Normal
TST000577,2.8373,0.7824,0.8085,1.842,0.7101,0.7029,Normal
TST000578,1.1839,1.6569,0.9252,7.6971,3.8488,1.8055,Cografi_Uyumsuzluk
TST000579,1.0038,0.508,1.0179,0.7458,1.3487,1.6195,Normal
TST000580,1.7863,0.6224,1.7233,1.7071,2.379,1.3943,Normal
TST000581,2.4659,7.6971,7.6971,1.1623,1.0063,0.7576,Hizli_Mikro_Islem
TST000582,7.6971,1.0019,7.6971,1.1481,1.1771,0.8407,Yuksek_Tutar
TST000583,0.6939,0.6224,0.7344,1.3836,0.859,1.0837,Normal
TST000584,0.9104,0.6224,3.8488,0.7261,1.9703,2.3741,Normal
TST000585,0.7458,0.508,0.7062,1.6545,3.0058,1.2279,Normal
TST000586,1.1327,3.015,1.7945,0.7789,2.6034,1.4056,Normal
TST000587,1.6761,0.7824,0.8617,0.9022,1.1765,0.6952,Normal
TST000588,5.0581,1.0019,1.8222,2.9522,0.7863,1.4885,Normal
TST000589,0.9849,1.2019,1.3401,0.7408,0.7065,0.8466,Normal
TST000590,0.7617,0.7824,0.6983,1.8565,1.428,0.7686,Normal
TST000591,0.7032,1.2019,1.6218,0.8824,1.0548,1.5192,Normal
TST000592,2.1079,1.0019,1.2798,0.815,0.8566,1.034,Normal
TST000593,1.3136,0.7824,0.9769,0.6933,1.7259,0.7774,Normal
TST000594,1.8307,1.2019,1.231,0.9025,1.9164,3.2085,Normal
TST000595,0.8729,2.5973,2.0238,0.9531,0.7823,0.8815,Normal
TST000596,0.9025,1.0019,1.6038,1.6403,0.829,0.8628,Normal
TST000597,1.7208,0.6224,0.7417,0.7075,0.7381,1.0264,Normal
TST000598,7.6971,1.6569,7.6971,1.005,1.645,1.3754,Yuksek_Tutar
TST000599,1.0828,0.6224,1.0561,4.0862,1.2706,3.1328,Normal
TST000600,0.6941,1.2019,0.6959,0.7261,0.9952,0.8123,Normal
TST000601,1.0916,2.1442,1.8363,0.9048,1.4948,1.6287,Normal
TST000602,1.0038,1.6569,1.3872,1.1277,1.5937,0.6994,Normal
TST000603,1.404,2.1442,1.7702,7.6971,3.8488,2.308,Cografi_Uyumsuzluk
TST000604,1.9382,0.7824,1.2562,0.7026,1.428,1.5197,Normal
TST000605,0.7032,2.1442,1.0468,1.2403,2.3807,0.8209,Normal
TST000606,0.6931,1.0019,0.8086,0.7323,0.7425,1.3445,Normal
TST000607,0.6931,0.6224,0.771,1.5551,1.1973,0.8617,Normal
TST000608,0.8116,0.6224,0.7115,0.6949,1.7082,0.8715,Normal
TST000609,0.6996,1.0019,1.7474,0.7914,1.7836,4.9245,Normal
TST000610,0.9361,1.0019,1.7071,0.7608,0.9711,1.3487,Normal
TST000611,0.8816,4.0336,7.6971,7.6971,3.8488,7.6971,Hesap_Ele_Gecirme
TST000612,2.0516,0.508,0.7947,2.7413,0.7135,1.8594,Normal
TST000613,0.8604,0.7824,0.6986,0.7964,0.8188,1.1587,Normal
TST000614,1.7182,0.508,0.9732,1.0443,0.7049,0.7117,Normal
TST000615,1.3854,2.5973,0.9138,0.6961,0.829,1.0088,Normal
TST000616,1.7863,3.6196,2.0135,1.1327,0.7824,0.7296,Normal
TST000617,0.8915,0.6224,0.9763,1.3102,1.0946,2.3548,Normal
TST000618,0.8598,3.6196,1.9133,1.7545,0.752,1.1561,Normal
TST000619,1.8307,1.2019,0.8179,2.4876,0.7281,1.0327,Normal
TST000620,1.0179,2.5973,2.6409,1.1196,1.3879,0.8355,Normal
TST000621,1.7136,0.6224,0.8938,1.5768,2.1559,0.7336,Normal
TST000622,7.6971,2.1442,7.6971,0.7342,0.6944,2.5912,Yuksek_Tutar
TST000623,1.6013,0.6224,0.8375,0.7254,1.0533,0.7734,Normal
TST000624,0.6957,1.6569,3.8905,1.6149,0.7323,1.2294,Normal
TST000625,7.6971,1.2019,7.6971,0.9806,0.8128,0.8617,Yuksek_Tutar
TST000626,2.7845,2.1442,2.5153,1.0561,1.1481,0.7299,Normal
TST000627,1.1116,1.2019,7.6971,7.6971,3.8488,7.6971,Hesap_Ele_Gecirme
TST000628,1.4686,0.508,0.8147,1.0651,0.968,0.8428,Normal
TST000629,2.4293,0.7824,1.9867,1.1212,1.0727,1.1733,Normal
TST000630,1.638,4.0336,4.5616,0.8899,1.4433,5.3945,Normal
TST000631,1.2019,1.6569,1.4647,0.6948,0.9206,0.7104,Normal
TST000632,0.7218,1.6569,1.4726,7.6971,3.8488,0.7445,Cografi_Uyumsuzluk
TST000633,0.8801,0.7824,0.7256,1.6545,2.9609,0.7971,Normal
TST000634,1.9967,0.6224,0.924,0.9774,0.7062,0.8537,Normal
TST000635,3.8488,7.6971,7.6971,1.3052,0.9915,1.0625,Hizli_Mikro_Islem
TST000636,0.6938,1.0019,0.9937,1.8575,0.9263,0.9003,Normal
TST000637,0.9091,2.5973,1.3052,0.7433,1.7071,3.1973,Normal
TST000638,0.928,2.1442,0.8333,0.7789,0.6995,0.7939,Normal
TST000639,1.99,2.1442,0.9252,0.7541,1.9573,2.8296,Normal
TST000640,3.847,1.6569,3.0337,1.6497,1.0507,1.3487,Normal
TST000641,1.0828,1.2019,0.8686,3.4067,0.7165,0.7286,Normal
TST000642,0.7055,1.2019,1.039,1.7915,2.6999,0.7555,Normal
TST000643,1.2902,4.0336,4.5616,1.842,1.1551,0.7705,Normal
TST000644,0.6934,0.508,7.6971,7.6971,3.8488,7.6971,Hesap_Ele_Gecirme
TST000645,1.6038,0.6224,0.8715,7.6971,3.8488,0.6946,Cografi_Uyumsuzluk
TST000646,0.7674,1.6569,1.4765,1.1532,0.7013,0.9613,Normal
TST000647,0.7171,1.6569,1.4106,0.8307,1.2607,5.3945,Normal
TST000648,0.8167,2.1442,1.7082,0.8481,0.8544,1.99,Normal
TST000649,1.2003,1.6569,2.0913,7.6971,3.8488,2.2504,Cografi_Uyumsuzluk
TST000650,1.5508,0.7824,0.7135,2.9522,0.7981,1.0727,Normal
TST000651,1.7032,1.0019,0.6932,0.8188,1.404,0.9275,Normal
TST000652,1.3728,4.0336,4.1708,1.5637,1.6957,1.5254,Normal
TST000653,1.005,0.6224,0.9426,1.0992,0.6956,0.7995,Normal
TST000654,0.9195,0.6224,0.7025,1.5444,1.179,0.8025,Normal
TST000655,0.7559,0.6224,1.7335,1.2755,0.9722,2.6602,Normal
TST000656,1.0837,2.1442,1.0264,0.9827,0.7296,0.754,Normal
TST000657,0.9948,0.7824,0.8631,0.964,0.7001,1.0096,Normal
TST000658,1.8055,0.6224,1.0085,1.8711,0.6934,1.7675,Normal
TST000659,0.8706,1.6569,7.6971,7.6971,3.8488,7.6971,Hesap_Ele_Gecirme
TST000660,1.0163,0.508,1.3462,0.6944,0.8071,1.2217,Normal
TST000661,0.6998,0.6224,1.1641,4.0595,1.1587,2.0272,Normal
TST000662,2.8772,7.6971,7.6971,1.1446,0.8161,0.8434,Hizli_Mikro_Islem
TST000663,1.0599,0.508,2.0012,0.752,0.9521,1.3318,Normal
TST000664,0.7163,1.0019,0.8801,1.9933,2.1797,2.0342,Normal
TST000665,0.7608,1.6569,1.1375,1.4647,1.2425,1.1619,Normal
TST000666,0.8025,1.2019,0.9425,0.742,0.6957,0.8491,Normal
TST000667,2.3839,2.5973,1.8222,1.2294,2.2461,0.6938,Normal
TST000668,0.7854,0.6224,0.6951,0.7823,0.7062,1.4726,Normal
TST000669,0.8139,1.0019,0.6997,0.7823,0.9059,1.0973,Normal
TST000670,1.3102,4.9245,7.6971,7.6971,3.8488,7.6971,Hesap_Ele_Gecirme
TST000671,7.6971,0.6224,7.6971,0.9244,1.6761,0.7789,Yuksek_Tutar
TST000672,0.855,0.7824,7.6971,7.6971,3.8488,7.6971,Hesap_Ele_Gecirme
TST000673,1.3633,0.6224,0.9342,0.7458,0.9229,1.0901,Normal
TST000674,1.034,0.7824,1.9319,1.8392,1.4452,0.8765,Normal
TST000675,0.753,0.6224,2.1715,0.7003,1.4845,0.7627,Normal
TST000676,2.5555,0.6224,0.7628,1.1164,0.8652,1.0391,Normal
TST000677,0.8793,1.2019,0.8826,0.9745,1.7284,1.5027,Normal
TST000678,1.6249,1.6569,1.4845,0.8015,1.4093,0.754,Normal
TST000679,3.8488,7.6971,7.6971,1.4562,2.3807,0.8794,Hizli_Mikro_Islem
TST000680,1.1137,2.1442,3.4776,1.3785,4.2006,0.8261,Normal
TST000681,0.997,0.6224,1.6945,7.6971,3.8488,0.7934,Cografi_Uyumsuzluk
TST000682,7.6971,1.2019,7.6971,0.6957,1.005,1.3181,Yuksek_Tutar
TST000683,0.9388,1.0019,0.7797,2.8296,1.5423,1.8,Normal
TST000684,1.5746,0.7824,0.6986,0.9709,1.1973,0.8726,Normal
TST000685,0.6968,1.2019,0.7647,1.9448,1.3879,1.1,Normal
TST000686,0.7226,0.508,2.1079,0.7845,1.3516,0.7918,Normal
TST000687,1.6569,1.2019,1.6357,0.7815,0.9297,1.1109,Normal
TST000688,0.6946,0.7824,1.6616,0.7331,1.1116,0.937,Normal
TST000689,0.9033,2.5973,2.7918,0.7976,0.7444,3.2198,Normal
TST000690,0.6946,1.0019,0.8379,1.0784,0.7767,0.7061,Normal
TST000691,0.9288,0.6224,0.9881,1.2594,1.38,0.6943,Normal
TST000692,0.8925,0.7824,0.9937,0.697,0.9132,0.8106,Normal
TST000693,1.8234,0.508,0.9637,0.7985,0.7952,0.6932,Normal
TST000694,1.6195,0.7824,0.7373,1.5359,1.0842,0.8566,Normal
TST000695,0.9183,0.7824,1.4207,1.3235,1.3764,0.698,Normal
TST000696,1.4037,0.7824,1.9382,7.6971,0.861,0.6967,Normal
TST000697,0.7647,0.508,7.6971,7.6971,3.8488,7.6971,Hesap_Ele_Gecirme
TST000698,0.6956,1.0019,0.7415,0.6946,0.7145,1.0891,Normal
TST000699,1.1619,0.508,1.4375,1.4525,1.1069,2.0767,Normal
TST000700,1.8027,0.508,2.1877,7.6971,3.8488,0.7192,Cografi_Uyumsuzluk
TST000701,1.1648,3.6196,3.3277,0.697,0.7177,1.1432,Normal
TST000702,0.9081,0.508,1.8652,0.8422,0.7511,1.4599,Normal
TST000703,0.9948,0.6224,0.7976,2.6034,0.8065,3.8685,Normal
TST000704,1.1344,1.6569,1.2919,0.7263,1.638,0.8826,Normal
TST000705,0.7049,1.2019,1.8565,1.9768,1.4,2.498,Normal
TST000706,1.0179,0.508,0.8993,7.6971,3.8488,1.4674,Cografi_Uyumsuzluk
TST000707,1.2947,1.2019,1.005,1.8756,0.6955,2.1519,Normal
TST000708,0.7055,0.6224,0.9937,0.7325,1.4452,0.8113,Normal
TST000709,0.6936,1.2019,0.7415,3.5024,1.3633,0.7434,Normal
TST000710,2.569,1.0019,3.2999,2.7067,3.2783,2.2634,Normal
TST000711,0.9625,1.6569,2.6667,0.8216,0.6977,1.0251,Normal
TST000712,1.5254,0.7824,0.9407,0.7914,0.9925,0.6983,Normal
TST000713,0.8651,1.2019,1.8565,1.4416,1.0073,2.299,Normal
TST000714,0.7504,0.7824,0.9093,5.7512,1.8392,0.7562,Normal
TST000715,0.7742,0.508,0.8485,0.7832,0.9701,0.6933,Normal
TST000716,1.9666,0.6224,0.6934,0.8881,0.7001,2.6282,Normal
TST000717,0.9001,0.7824,3.1563,3.3533,0.7364,0.8167,Normal
TST000718,1.789,1.6569,1.2919,1.789,0.855,0.6942,Normal
TST000719,1.4345,1.2019,1.9072,1.3208,3.1122,2.1288,Normal
TST000720,1.4905,0.6224,0.751,0.8992,1.1569,0.7396,Normal
TST000721,0.9124,1.0019,7.6971,7.6971,3.8488,7.6971,Hesap_Ele_Gecirme
TST000722,0.7933,0.508,0.754,0.7914,0.8801,1.1692,Normal
TST000723,0.711,0.7824,1.1913,2.954,1.6616,3.1645,Normal
TST000724,0.7098,0.6224,1.8756,0.8216,5.7512,0.863,Normal
TST000725,1.1248,1.0019,1.4865,0.9037,1.9041,0.6933,Normal
TST000726,3.5075,0.508,1.9133,1.2248,1.343,2.2249,Normal
TST000727,0.805,0.7824,1.0508,1.2217,1.3545,0.7217,Normal
TST000728,1.5506,0.508,0.7064,4.2006,1.0468,0.8791,Normal
TST000729,1.6195,0.6224,0.8826,0.8453,0.9333,0.7075,Normal
TST000730,1.4,0.6224,0.8281,0.8645,0.6981,0.8272,Normal
TST000731,0.7342,0.6224,0.8729,0.6968,1.247,0.8209,Normal
TST000732,1.5659,0.7824,0.7534,2.0307,0.7463,0.6932,Normal
TST000733,1.8278,1.2019,0.8438,7.6971,3.8488,0.8472,Cografi_Uyumsuzluk
TST000734,1.3307,0.6224,0.7698,1.1869,2.379,1.1432,Normal
TST000735,0.9602,1.0019,0.7001,1.2973,1.3943,1.99,Normal
TST000736,0.7067,0.508,1.1193,1.789,0.7625,0.7065,Normal
TST000737,0.752,0.508,0.8096,0.7433,1.0179,0.9492,Normal
TST000738,1.9257,1.0019,7.6971,7.6971,3.8488,7.6971,Hesap_Ele_Gecirme
TST000739,1.6036,0.508,0.9925,1.005,0.8272,0.6959,Normal
TST000740,3.0527,0.7824,2.8068,0.6932,1.3487,1.1866,Normal
TST000741,3.8488,7.6971,7.6971,2.0481,0.7463,1.4568,Hizli_Mikro_Islem
TST000742,0.6944,0.6224,0.7113,1.6403,0.9388,0.8684,Normal
TST000743,7.6971,0.6224,7.6971,1.7689,1.0651,2.4396,Yuksek_Tutar
TST000744,5.0581,4.3649,6.5985,7.6971,3.8488,1.8849,Cografi_Uyumsuzluk
TST000745,1.4414,0.7824,0.7384,1.3816,1.005,2.5912,Normal
TST000746,0.7854,3.015,1.7208,1.253,1.0015,0.9041,Normal
TST000747,7.6971,0.6224,7.6971,0.7755,0.846,1.0986,Yuksek_Tutar
TST000748,3.045,7.6971,7.6971,1.3785,1.1276,1.0901,Hizli_Mikro_Islem
TST000749,1.178,2.1442,0.7155,1.904,0.7521,1.0088,Normal
TST000750,7.6971,1.2019,7.6971,2.7204,0.8071,1.1924,Yuksek_Tutar
TST000751,1.546,0.6224,0.7221,7.6971,3.8488,0.6932,Cografi_Uyumsuzluk
TST000752,1.2251,0.7824,0.9903,3.57,1.8307,2.0913,Normal
TST000753,1.0901,0.508,0.9463,1.0096,0.8161,0.8267,Normal
TST000754,2.1877,0.7824,0.9367,0.8969,0.6967,0.846,Normal
TST000755,0.8302,1.0019,1.2774,7.6971,3.8488,3.0527,Cografi_Uyumsuzluk
TST000756,0.7106,0.7824,1.2064,2.0101,0.8014,1.6427,Normal
TST000757,2.5672,0.7824,0.7217,1.0886,0.7157,0.7083,Normal
TST000758,4.1418,0.7824,2.1837,0.8624,2.3358,1.631,Normal
TST000759,1.1973,1.2019,1.2451,0.9531,0.7221,1.2105,Normal
TST000760,1.3401,0.6224,7.6971,7.6971,3.8488,7.6971,Hesap_Ele_Gecirme
TST000761,1.2853,0.6224,1.6038,5.6177,7.004,1.4276,Normal
TST000762,7.6971,0.508,7.6971,0.8422,2.0695,0.8523,Yuksek_Tutar
TST000763,0.7511,2.1442,1.7491,1.9638,0.7087,0.7098,Normal
TST000764,1.2125,0.6224,0.8511,0.6952,0.7784,1.3497,Normal
TST000765,1.0481,0.6224,1.012,0.8035,0.8946,6.3108,Normal
TST000766,0.7714,0.7824,0.8233,0.8188,0.8375,1.0891,Normal
TST000767,0.7069,0.508,0.6932,0.9854,0.853,1.1866,Normal
TST000768,1.355,1.6569,2.4089,0.946,0.6986,1.9041,Normal
TST000769,3.5862,0.7824,7.6971,7.6971,3.8488,7.6971,Hesap_Ele_Gecirme
TST000770,0.7106,1.0019,0.7086,1.2723,1.2232,3.2085,Normal
TST000771,0.7806,0.7824,0.6934,0.7714,0.6938,1.0088,Normal
TST000772,0.8071,0.508,0.7089,0.6941,0.6982,0.7316,Normal
TST000773,1.1418,0.6224,0.754,2.0411,0.8758,2.259,Normal
TST000774,1.4433,3.6196,4.5191,0.6937,1.6584,0.8167,Normal
TST000775,2.8768,0.508,3.1753,0.9009,0.875,0.7789,Normal
TST000776,2.9013,1.6569,1.9133,0.6959,1.0664,1.3221,Normal
TST000777,0.7113,1.0019,0.7517,7.6971,3.8488,1.609,Cografi_Uyumsuzluk
TST000778,1.8082,1.0019,0.7627,0.8139,1.5007,0.8302,Normal
TST000779,1.6932,0.6224,0.8481,0.7183,0.7573,2.3692,Normal
TST000780,1.5987,0.6224,7.6971,7.6971,3.8488,7.6971,Hesap_Ele_Gecirme
TST000781,3.8488,7.6971,7.6971,0.9003,0.9141,0.9127,Hizli_Mikro_Islem
TST000782,0.75,0.7824,0.7651,1.3153,0.7079,1.3728,Normal
TST000783,3.8488,7.6971,7.6971,2.5973,1.1429,0.8261,Hizli_Mikro_Islem
TST000784,0.6991,3.015,1.6785,2.1519,1.574,1.8682,Normal
TST000785,0.6944,0.6224,0.7361,2.7845,1.2902,0.8491,Normal
TST000786,0.9701,0.508,0.7149,0.9161,1.2248,3.0432,Normal
TST000787,1.371,0.508,2.7343,2.095,1.0842,1.2209,Normal
TST000788,1.9834,1.6569,1.005,2.9013,1.2482,0.8123,Normal
TST000789,1.4905,3.015,2.35,0.6937,0.6932,0.6996,Normal
TST000790,0.6976,2.1442,2.8931,0.7149,1.8392,0.9521,Normal
TST000791,0.9952,2.1442,2.0588,0.7205,0.9315,2.6088,Normal
TST000792,0.7254,0.7824,1.7335,1.1432,0.9435,1.1082,Normal
TST000793,0.7032,0.508,1.3052,1.2186,0.7804,1.1196,Normal
TST000794,1.0602,1.6569,4.2006,7.6971,3.8488,1.7543,Cografi_Uyumsuzluk
TST000795,0.8619,0.6224,1.2706,1.6149,0.857,0.8449,Normal
TST000796,2.123,0.508,0.9925,0.7584,0.7905,1.0108,Normal
TST000797,1.8623,0.508,1.1319,0.7225,2.9786,2.2766,Normal
TST000798,1.8623,3.015,2.2678,0.861,1.5834,2.1387,Normal
TST000799,2.0876,0.508,0.7367,1.0276,1.005,0.711,Normal
TST000800,1.2217,1.0019,0.875,1.515,0.6941,0.6933,Normal
TST000801,0.735,1.0019,1.2084,0.905,1.1771,1.5598,Normal
TST000802,2.466,1.6569,1.0088,0.7098,4.0336,1.2404,Normal
TST000803,0.7467,0.6224,1.2897,7.6971,3.8488,2.3807,Cografi_Uyumsuzluk
TST000804,0.8055,0.7824,0.7755,2.1959,0.7364,1.3343,Normal
TST000805,7.6971,2.1442,7.6971,0.7113,0.7126,2.299,Yuksek_Tutar
TST000806,0.7628,2.1442,1.146,0.6954,0.825,0.7147,Normal
TST000807,0.7666,2.1442,0.9721,0.8417,1.2562,0.7319,Normal
TST000808,3.5382,0.6224,2.0659,0.8977,1.0916,1.3002,Normal
TST000809,1.4241,1.0019,1.5506,0.8238,0.6957,0.9037,Normal
TST000810,0.7218,0.6224,0.9082,2.7484,0.7087,0.6936,Normal
TST000811,1.0264,1.0019,0.8743,1.8317,1.2607,0.8004,Normal
TST000812,1.1123,0.6224,0.7128,1.2217,0.905,1.0163,Normal
TST000813,3.8488,7.6971,7.6971,0.7426,2.5097,1.6357,Hizli_Mikro_Islem
TST000814,0.7006,1.2019,0.7012,1.7071,2.2899,4.4013,Normal
TST000815,0.704,0.508,0.8658,1.515,1.2798,2.0133,Normal
TST000816,1.904,0.508,1.0365,0.8216,1.3746,1.4186,Normal
TST000817,0.7455,1.6569,1.4074,3.2312,0.9482,1.428,Normal
TST000818,0.7387,0.7824,0.8035,2.5973,1.4865,4.3298,Normal
TST000819,0.9637,1.0019,1.1924,0.7307,0.9722,2.084,Normal
TST000820,0.8302,0.508,0.7924,0.7755,2.5042,3.5024,Normal
TST000821,1.3836,0.7824,7.6971,7.6971,3.8488,7.6971,Hesap_Ele_Gecirme
TST000822,0.7099,1.0019,1.6081,0.803,0.9227,0.9009,Normal
TST000823,1.0588,1.0019,2.498,0.9989,0.9602,0.8869,Normal
TST000824,1.024,1.0019,1.1053,1.842,2.4659,1.8055,Normal
TST000825,7.6971,1.0019,7.6971,0.7698,0.8,0.8809,Yuksek_Tutar
TST000826,1.3204,1.2019,2.3741,1.2403,0.7587,1.4588,Normal
TST000827,1.3836,1.2019,1.5703,1.2388,1.1022,0.7789,Normal
TST000828,5.3945,0.6224,2.2291,1.0625,0.7069,4.4013,Normal
TST000829,0.7471,0.7824,0.9149,0.7377,2.7918,0.6983,Normal
TST000830,3.8488,7.6971,7.6971,1.2273,0.8566,0.754,Hizli_Mikro_Islem
TST000831,4.439,2.1442,2.6409,0.7662,0.8035,6.5985,Normal
TST000832,2.8068,0.508,0.755,2.5973,1.3497,0.9104,Normal
TST000833,0.6968,0.6224,2.0411,1.9477,0.8229,1.5029,Normal
TST000834,1.7809,1.0019,0.781,0.749,0.7004,1.6982,Normal
TST000835,2.4358,0.508,1.5506,1.2357,0.7041,1.5154,Normal
TST000836,0.7041,1.0019,0.6942,1.2985,0.8055,1.2232,Normal
TST000837,0.7606,0.6224,1.1765,0.6957,0.8826,1.1432,Normal
TST000838,0.9993,0.6224,0.9297,0.7294,0.963,0.8272,Normal
TST000839,1.6642,1.0019,0.815,3.2783,0.7203,0.803,Normal
TST000840,1.1561,0.508,1.0075,0.8291,1.5987,0.7396,Normal
TST000841,0.7203,1.0019,1.1885,7.6971,3.8488,0.8417,Cografi_Uyumsuzluk
TST000842,0.7157,1.2019,0.6997,1.3927,1.3754,1.6142,Normal
TST000843,1.895,0.7824,7.6971,7.6971,3.8488,7.6971,Hesap_Ele_Gecirme
TST000844,0.7985,3.015,2.1837,0.8641,0.6988,1.1736,Normal
TST000845,0.8434,0.7824,0.7484,0.8403,1.2723,1.2451,Normal
TST000846,1.024,1.6569,2.4293,2.3596,1.3746,3.4344,Normal
TST000847,1.967,0.6224,1.3872,1.0314,1.1604,0.7018,Normal
TST000848,0.7874,0.7824,0.717,1.8401,1.0575,1.3945,Normal
TST000849,1.0378,2.1442,2.6157,0.6932,1.1304,1.7157,Normal
TST000850,7.6971,0.508,7.6971,1.0741,2.9786,0.6933,Yuksek_Tutar
TST000851,0.7632,1.0019,1.2726,0.6987,1.1116,1.3854,Normal
TST000852,0.9048,3.6196,4.7527,0.8188,2.8107,0.7746,Normal
TST000853,0.6937,0.6224,1.7839,0.7676,1.2294,1.4,Normal
TST000854,0.8373,0.508,0.7976,1.842,0.8375,1.039,Normal
TST000855,1.3208,1.0019,7.6971,7.6971,3.8488,7.6971,Hesap_Ele_Gecirme
TST000856,1.6584,0.7824,0.6932,1.2886,1.3879,1.5368,Normal
TST000857,0.7632,2.5973,1.4905,2.3644,1.3497,1.4433,Normal
TST000858,7.6971,1.6569,7.6971,0.8693,1.2403,1.1333,Yuksek_Tutar
TST000859,3.0243,1.0019,1.7405,1.6427,1.3656,2.5613,Normal
TST000860,0.7157,0.6224,1.6821,0.87,1.1587,1.883,Normal
TST000861,0.8086,2.1442,7.6971,7.6971,3.8488,7.6971,Hesap_Ele_Gecirme
TST000862,2.6602,0.7824,0.7647,1.2251,1.3724,0.7859,Normal
TST000863,1.253,0.6224,0.6934,1.0932,3.5227,2.0804,Normal
TST000864,2.265,1.6569,2.2207,1.4173,1.0535,0.8826,Normal
TST000865,3.8488,7.6971,7.6971,1.0327,0.8598,0.837,Hizli_Mikro_Islem
TST000866,3.5024,0.6224,1.0027,2.8529,0.9521,0.6936,Normal
TST000867,1.1619,0.7824,0.7073,0.7268,0.8779,0.8706,Normal
TST000868,1.2706,3.015,4.5191,1.6403,2.5496,0.9003,Normal
TST000869,0.8749,1.0019,0.7036,1.01,4.0595,1.3119,Normal
TST000870,0.9925,1.2019,0.7181,1.886,1.7702,0.7078,Normal
TST000871,0.702,0.6224,0.8498,0.9482,0.7171,0.7254,Normal
TST000872,7.6971,2.1442,7.6971,2.0913,1.451,2.6282,Yuksek_Tutar
TST000873,0.758,0.7824,1.0442,0.7014,0.9691,1.7543,Normal
TST000874,0.7216,0.508,1.3516,0.7104,0.801,0.9192,Normal
TST000875,1.7918,1.2019,2.1837,0.7548,0.825,1.5171,Normal
TST000876,0.7393,0.6224,1.1344,0.7019,0.7613,2.0255,Normal
TST000877,1.5275,1.2019,0.7217,0.7694,0.8385,1.5192,Normal
TST000878,3.8488,7.6971,7.6971,1.7782,1.2998,1.5112,Hizli_Mikro_Islem
TST000879,1.2448,0.6224,1.0548,0.7151,1.5703,0.7534,Normal
TST000880,1.8082,1.6569,3.0624,0.8854,0.7079,0.9379,Normal
TST000881,0.7064,1.0019,1.1013,0.7061,1.034,0.751,Normal
TST000882,0.7179,0.7824,0.7886,0.8244,0.6949,1.1347,Normal
TST000883,1.1518,1.6569,3.2783,0.7602,3.3796,1.1344,Normal
TST000884,1.0959,1.0019,1.9288,0.7738,0.9091,1.1123,Normal
TST000885,1.0001,0.7824,0.6969,1.8234,1.4488,1.8,Normal
TST000886,0.7742,2.1442,0.7793,7.6971,3.8488,1.8152,Cografi_Uyumsuzluk
TST000887,0.8134,0.7824,1.38,0.9472,0.7895,0.7092,Normal
TST000888,1.2341,2.5973,3.3277,2.4876,0.7445,0.6935,Normal
TST000889,0.7789,0.7824,0.6947,0.9484,0.7914,0.7096,Normal
TST000890,2.0068,3.015,2.308,1.8623,0.7001,1.0613,Normal
TST000891,0.7032,1.2019,1.1375,0.711,0.6941,1.1226,Normal
TST000892,1.1503,1.2019,0.7263,0.8899,0.9367,0.7767,Normal
TST000893,1.1022,3.015,0.6989,0.8113,1.9382,1.2482,Normal
TST000894,0.8422,1.2019,0.7602,0.8188,3.6367,1.317,Normal
TST000895,0.7033,0.6224,1.0416,0.7559,1.024,0.7429,Normal
TST000896,0.8604,1.2019,1.515,0.6991,1.0946,0.8035,Normal
TST000897,2.954,7.6971,7.6971,0.7956,2.5912,2.8931,Hizli_Mikro_Islem
TST000898,7.6971,0.6224,7.6971,0.7161,1.4488,0.694,Yuksek_Tutar
TST000899,3.2545,1.0019,0.7905,0.7396,0.7706,1.2654,Normal
TST000900,0.7467,0.6224,1.1736,4.2006,4.5616,0.7143,Normal
TST000901,0.7323,0.6224,0.7054,0.7323,1.7972,1.4019,Normal
TST000902,1.4337,0.508,1.0612,2.2944,2.3081,0.7934,Normal
TST000903,7.6971,0.7824,7.6971,0.853,4.0595,2.1174,Yuksek_Tutar
TST000904,0.7235,1.2019,0.8846,1.2316,0.6959,0.8809,Normal
TST000905,0.9952,1.0019,0.8609,0.7325,0.855,1.7082,Normal
TST000906,1.0916,2.1442,2.2722,1.4007,1.2003,2.6345,Normal
TST000907,1.8401,1.6569,0.9324,1.99,1.1795,1.0108,Normal
TST000908,1.3545,0.508,0.781,7.6971,3.8488,1.7517,Cografi_Uyumsuzluk
TST000909,0.9426,0.6224,7.6971,7.6971,3.8488,7.6971,Hesap_Ele_Gecirme
TST000910,0.7083,3.6196,3.463,0.6932,2.1519,0.7507,Normal
TST000911,2.569,7.6971,7.6971,1.5692,1.404,1.6545,Hizli_Mikro_Islem
TST000912,1.0561,3.015,1.1809,1.2935,1.6713,0.9379,Normal
TST000913,0.7088,1.2019,1.0691,0.8035,2.6999,1.7763,Normal
TST000914,2.9096,0.508,2.2547,0.7764,2.1519,0.7806,Normal
TST000915,0.8684,1.2019,0.9361,0.8624,0.7656,1.5812,Normal
TST000916,0.7364,0.7824,0.6979,1.4825,1.2125,0.8113,Normal
TST000917,0.7379,0.508,1.2146,2.0411,3.6898,2.0588,Normal
TST000918,1.7649,2.1442,2.7918,0.7676,1.2498,1.1659,Normal
TST000919,7.6971,0.7824,7.6971,0.7364,0.7111,0.7083,Yuksek_Tutar
TST000920,1.024,1.2019,2.7273,0.7928,1.5401,1.6932,Normal
TST000921,0.7985,0.6224,1.2167,1.6249,0.9333,1.1361,Normal
TST000922,1.0096,0.508,0.9542,1.0004,2.8849,1.1824,Normal
TST000923,0.9637,1.2019,0.8631,0.8025,3.4776,0.9881,Normal
TST000924,0.893,0.7824,0.6975,0.7974,1.0327,2.7845,Normal
TST000925,1.2064,1.0019,1.904,1.1869,0.9388,0.7387,Normal
TST000926,7.6971,0.6224,7.6971,0.7009,1.7755,1.3024,Yuksek_Tutar
TST000927,3.8488,7.6971,7.6971,1.7107,3.0721,0.9116,Hizli_Mikro_Islem
TST000928,0.8801,1.2019,0.7099,7.6971,3.8488,2.281,Cografi_Uyumsuzluk
TST000929,1.175,1.2019,1.2788,1.0744,0.6949,0.8261,Normal
TST000930,1.9445,2.1442,1.789,0.8693,1.1604,0.7036,Normal
TST000931,2.0169,0.508,1.211,0.7426,0.7104,1.1516,Normal
TST000932,1.3836,1.0019,1.0404,0.6935,0.7828,2.1024,Normal
TST000933,1.6545,0.508,0.7036,0.8188,0.7484,0.9519,Normal
TST000934,1.6474,0.508,0.8938,0.6959,0.8035,0.6986,Normal
TST000935,0.8449,0.7824,0.8772,0.7028,0.7079,0.8824,Normal
TST000936,1.1212,1.0019,1.0403,1.6249,0.8816,0.7934,Normal
TST000937,1.3187,0.508,0.7236,2.9013,0.8449,1.0494,Normal
TST000938,0.96,1.6569,1.3746,0.6991,3.3533,0.7294,Normal
TST000939,0.9976,1.0019,1.0191,2.2899,0.821,3.8905,Normal
TST000940,1.2902,0.508,1.0027,2.0481,1.3604,1.7132,Normal
TST000941,0.9602,0.6224,1.1481,3.0432,0.8354,0.957,Normal
TST000942,2.5323,4.0336,3.5075,1.1432,0.829,1.9195,Normal
TST000943,2.6602,0.508,0.6931,7.6971,3.8488,1.5812,Cografi_Uyumsuzluk
TST000944,0.9502,1.0019,0.8969,0.7309,0.6944,0.8416,Normal
TST000945,0.7423,0.7824,1.1327,1.99,0.8673,0.732,Normal
TST000946,1.1234,0.508,1.1361,1.0671,1.2325,1.5681,Normal
TST000947,1.1944,0.508,1.3604,1.2024,2.9786,0.8085,Normal
TST000948,1.2706,0.7824,0.7005,1.1234,0.8238,1.757,Normal
TST000949,1.6036,1.0019,0.9842,1.5637,0.8524,0.9806,Normal
TST000950,7.6971,0.6224,7.6971,1.5423,0.8193,1.1013,Yuksek_Tutar
TST000951,1.5768,0.508,1.6642,0.9166,1.8317,0.7569,Normal
TST000952,1.515,1.2019,1.077,1.0932,1.0548,2.0932,Normal
TST000953,1.1007,1.0019,0.9361,1.1022,0.7976,0.9286,Normal
TST000954,3.5024,1.0019,0.8319,2.6034,1.7202,0.8198,Normal
TST000955,0.7115,2.1442,0.8566,7.6971,3.8488,0.7524,Cografi_Uyumsuzluk
TST000956,2.0913,1.0019,7.6971,7.6971,3.8488,7.6971,Hesap_Ele_Gecirme
TST000957,0.7742,1.6569,0.7025,2.3553,2.7626,0.7947,Normal
TST000958,0.7384,0.508,0.9175,0.7283,0.8221,0.7995,Normal
TST000959,1.4491,0.7824,0.7001,0.7017,0.7399,0.6938,Normal
TST000960,0.8758,1.2019,0.7232,0.7291,1.2146,1.7007,Normal
TST000961,2.9096,1.2019,1.88,7.6971,3.8488,0.875,Cografi_Uyumsuzluk
TST000962,0.9691,2.1442,1.317,0.6973,0.778,4.1708,Normal
TST000963,0.6973,0.6224,1.0602,0.8641,0.697,0.723,Normal
TST000964,2.5791,0.7824,2.3741,0.7049,1.1964,0.705,Normal
TST000965,0.8491,0.508,1.538,0.7268,1.1715,4.0595,Normal
TST000966,2.3692,1.2019,1.1988,0.7281,0.6946,1.1395,Normal
TST000967,0.8717,1.2019,0.7632,1.5692,0.6959,1.039,Normal
TST000968,1.2538,1.0019,1.6038,0.9463,1.7839,1.967,Normal
TST000969,1.4845,0.6224,1.4828,1.0073,0.7006,0.9166,Normal
TST000970,1.4666,1.0019,0.6986,2.2944,0.6988,0.8157,Normal
TST000971,0.8609,0.508,1.2064,7.6971,3.8488,0.9444,Cografi_Uyumsuzluk
TST000972,1.4666,1.2019,1.6333,0.8816,2.0588,0.7115,Normal
TST000973,0.6932,1.6569,1.6287,3.3277,1.4647,1.1973,Normal
TST000974,0.7256,1.2019,0.8255,3.8685,1.9351,1.2467,Normal
TST000975,0.7122,1.0019,0.8313,1.1463,1.9867,0.7124,Normal
TST000976,0.7064,0.7824,0.9542,3.015,0.959,0.7442,Normal
TST000977,3.8488,7.6971,7.6971,0.8331,0.7531,2.1559,Hizli_Mikro_Islem
TST000978,3.2999,0.6224,1.7336,0.7832,1.7405,1.0572,Normal
TST000979,1.404,0.7824,1.0088,0.7487,1.8392,0.7083,Normal
TST000980,1.3836,0.508,0.8512,1.0378,2.0238,1.5296,Normal
TST000981,1.0561,1.6569,0.7177,1.2985,1.6584,1.7071,Normal
TST000982,0.7841,0.508,1.0572,0.9793,0.8147,1.0061,Normal
TST000983,0.9352,0.6224,0.767,0.7356,0.6979,0.9361,Normal
TST000984,0.9948,1.2019,1.4207,2.8068,0.9425,1.131,Normal
TST000985,3.463,0.6224,0.8534,2.4607,0.707,2.1519,Normal
TST000986,0.7245,0.6224,1.428,0.6984,1.8072,0.6932,Normal
TST000987,1.1659,2.1442,0.6972,1.8278,1.2232,1.1304,Normal
TST000988,0.7106,0.7824,0.7356,0.7844,0.7461,1.0851,Normal
TST000989,1.7755,1.2019,1.1123,1.1828,2.0588,0.7078,Normal
TST000990,1.2381,0.508,0.7487,0.939,0.6985,1.282,Normal
TST000991,1.2706,2.5973,0.9989,0.7423,1.2279,1.9967,Normal
TST000992,2.5555,0.508,1.599,1.131,2.5323,1.0625,Normal
TST000993,3.8259,2.5973,4.5191,7.6971,3.8488,1.0548,Cografi_Uyumsuzluk
TST000994,0.7225,0.7824,0.7023,2.8143,1.4948,0.6936,Normal
TST000995,1.2723,2.5973,1.5275,1.6474,1.0144,0.7235,Normal
TST000996,0.9697,0.7824,0.799,7.6971,3.8488,0.7068,Cografi_Uyumsuzluk
TST000997,2.1212,1.6569,1.6785,1.4007,0.7023,1.3445,Normal
TST000998,0.7501,1.2019,0.8198,0.6991,1.1928,2.3126,Normal
TST000999,0.9602,1.2019,1.3358,1.2755,0.855,0.9472,Normal
TST001000,3.3151,0.6224,0.6941,1.039,4.8067,0.8092,Normal
TST001001,1.3181,5.1322,3.2198,1.1884,0.6934,0.7595,Normal
TST001002,0.753,1.2019,1.1988,1.7335,0.9613,0.7408,Normal
TST001003,1.9666,2.5973,0.8312,1.4241,0.7059,1.0625,Normal
TST001004,1.1463,0.7824,0.6986,0.703,1.5681,0.9461,Normal
TST001005,0.8333,1.0019,0.8511,0.7205,1.178,0.8915,Normal
TST001006,2.299,0.7824,2.4822,1.1228,0.9519,1.2467,Normal
TST001007,3.8488,7.6971,7.6971,0.7034,1.178,0.7705,Hizli_Mikro_Islem
TST001008,0.6934,1.6569,0.7078,0.7859,0.7894,1.4381,Normal
TST001009,2.084,0.6224,2.0876,0.7325,1.1771,2.2448,Normal
TST001010,2.7555,0.6224,1.4905,2.2461,2.1442,1.2451,Normal
TST001011,0.6991,2.5973,0.6941,1.2381,0.893,0.7094,Normal
TST001012,3.5862,4.3649,2.5438,0.6938,1.5901,1.8194,Normal
TST001013,0.6984,1.0019,1.2872,0.7914,2.4075,0.7075,Normal
TST001014,1.5401,0.508,1.1123,1.282,1.8307,0.6958,Normal
TST001015,5.2992,0.508,3.1122,1.1623,0.6932,0.7789,Normal
TST001016,0.6973,0.7824,0.6986,1.1498,0.7617,3.5227,Normal
TST001017,1.4,0.7824,0.6955,1.1333,0.7643,0.7051,Normal
TST001018,2.0101,3.6196,2.4822,0.7302,6.0877,1.6427,Normal
TST001019,2.9522,0.7824,1.2064,0.7555,0.7579,0.893,Normal
TST001020,1.3272,0.7824,1.4452,1.1587,0.7445,0.9398,Normal
TST001021,1.0699,0.6224,0.9827,3.2198,1.2515,1.0638,Normal
TST001022,1.3879,0.7824,1.0535,0.9881,0.7242,0.755,Normal
TST001023,1.3263,1.0019,1.6821,1.0442,0.8534,1.6333,Normal
TST001024,0.7387,3.015,3.3027,2.1959,2.2165,0.7767,Normal
TST001025,7.6971,0.508,7.6971,2.0552,1.9041,1.9041,Yuksek_Tutar
TST001026,0.8485,0.7824,0.6977,1.2094,0.7111,0.9081,Normal
TST001027,0.7273,0.6224,0.9321,1.1022,0.7325,0.7032,Normal
TST001028,0.7632,2.1442,1.6664,2.8296,3.1563,2.1288,Normal
TST001029,0.7971,0.6224,0.9784,0.9048,1.8756,0.8139,Normal
TST001030,1.1013,1.2019,1.3358,1.2607,0.7584,2.1099,Normal
TST001031,2.2861,0.6224,0.8479,0.7444,0.7804,0.7471,Normal
TST001032,0.7041,0.7824,0.7914,7.6971,3.8488,3.8053,Cografi_Uyumsuzluk
TST001033,2.8107,7.6971,7.6971,0.7376,0.8624,0.7514,Hizli_Mikro_Islem
TST001034,3.6367,1.0019,1.7413,0.9769,0.6957,1.3324,Normal
TST001035,2.1212,1.2019,0.9903,0.7658,0.8631,1.4186,Normal
TST001036,0.737,1.0019,0.6988,0.8076,1.7836,0.8858,Normal
TST001037,3.6541,1.0019,0.8587,7.6971,1.3516,3.3533,Normal
TST001038,0.6958,0.7824,7.6971,7.6971,3.8488,7.6971,Hesap_Ele_Gecirme
TST001039,0.7294,0.6224,1.1752,0.8081,0.7823,0.9521,Normal
TST001040,1.1924,1.0019,0.9948,0.8736,4.2006,0.7933,Normal
TST001041,0.9542,1.2019,0.9989,0.8826,0.8787,2.1877,Normal
TST001042,1.1866,2.5973,0.7874,0.9463,0.7751,3.8488,Normal
TST001043,0.9661,0.6224,0.7054,0.6966,1.0575,1.6932,Normal
TST001044,1.3462,1.2019,2.1099,1.6883,0.7381,1.5529,Normal
TST001045,0.7759,0.6224,2.0272,0.825,1.3076,0.7078,Normal
TST001046,0.9009,2.5973,2.8688,0.946,0.7261,1.253,Normal
TST001047,1.2372,0.508,1.8401,1.0251,2.0695,1.757,Normal
TST001048,2.5672,1.0019,1.6142,1.2217,0.7312,0.7426,Normal
TST001049,0.8076,0.7824,0.7301,1.131,0.9037,2.4714,Normal
TST001050,2.2333,2.1442,0.6938,0.7198,1.0756,1.9195,Normal
TST001051,1.7008,1.2019,0.8641,2.8219,0.6932,0.7358,Normal
TST001052,0.7628,0.6224,1.9556,0.8139,0.876,1.4073,Normal
TST001053,2.8068,1.6569,2.5791,3.6541,1.4167,1.967,Normal
TST001054,0.853,0.7824,7.6971,7.6971,3.8488,7.6971,Hesap_Ele_Gecirme
TST001055,1.4588,2.1442,1.7082,0.7448,1.7182,0.7763,Normal
TST001056,3.57,0.6224,0.7368,7.6971,3.8488,0.8869,Cografi_Uyumsuzluk
TST001057,1.8138,1.6569,2.5153,1.1988,0.7573,0.7573,Normal
TST001058,2.6995,7.6971,7.6971,1.5529,0.7538,0.8349,Hizli_Mikro_Islem
TST001059,0.939,0.6224,0.9701,0.8597,0.9166,2.2333,Normal
TST001060,0.8619,0.7824,0.7045,0.7325,2.498,0.8837,Normal
TST001061,1.1432,0.7824,0.7087,1.5724,1.005,1.8507,Normal
TST001062,0.755,2.5973,0.8903,1.1885,0.8118,0.9166,Normal
TST001063,0.7067,0.6224,0.937,0.6937,0.8914,0.7647,Normal
TST001064,1.5768,2.1442,0.6968,0.695,2.7555,0.7349,Normal
TST001065,1.4139,1.2019,1.0959,1.1532,2.3548,0.7396,Normal
TST001066,1.371,0.6224,1.3204,1.2273,1.1692,2.1288,Normal
TST001067,4.3649,0.508,1.6218,0.9206,1.2403,0.7874,Normal
TST001068,7.6971,0.6224,7.6971,1.0156,0.8631,1.886,Yuksek_Tutar
TST001069,1.3345,1.0019,0.9235,1.0561,0.9437,0.9602,Normal
TST001070,0.7682,0.508,0.7124,0.9463,3.0058,0.7081,Normal
TST001071,1.4299,1.2019,0.8914,1.1234,0.75,2.1288,Normal
TST001072,1.371,0.6224,1.4905,0.6933,0.705,0.9262,Normal
TST001073,3.3796,1.0019,0.7924,2.1959,1.0013,0.9959,Normal
TST001074,0.8839,0.508,3.1563,0.7514,1.1378,4.439,Normal
TST001075,1.3204,1.0019,0.7458,0.7501,1.2658,1.0918,Normal
TST001076,2.3311,0.508,1.2739,0.6942,1.4074,1.3943,Normal
TST001077,0.7307,0.508,1.1165,1.2381,5.1322,0.9104,Normal
TST001078,1.9933,0.7824,0.6987,5.2992,0.742,0.8641,Normal
TST001079,0.7411,0.7824,7.6971,7.6971,3.8488,7.6971,Hesap_Ele_Gecirme
TST001080,1.1053,1.0019,1.4636,0.8075,0.7339,1.2217,Normal
