transaction_id,actual,COPOD_prediction,COPOD_score,IsolationForest_prediction,IsolationForest_score,OneClassSVM_prediction,OneClassSVM_score
TST000001,0,0,6.1159563866294775,0,-0.14749895054963247,0,-2.2682758156820313
TST000002,0,0,5.181919950749148,0,-0.15904213664996264,0,-2.84934005999419
TST000003,0,0,10.45616521030406,0,-0.028638370028320037,1,0.19069389794403246
TST000004,0,0,8.541668975322692,0,-0.10710403948705222,0,-2.4574297260911893
TST000005,1,1,21.10780817924738,1,0.10716007113654213,1,5.191082291267215
TST000006,0,0,7.171880448934642,0,-0.09214257102939732,0,-0.5104903254663915
TST000007,1,1,21.67751298317998,1,0.08793904445376732,1,5.191082291267215
TST000008,1,1,20.78647558745731,1,0.10020970723550793,1,5.191082291267215
TST000009,1,1,21.741715561483964,1,0.08718854866601666,1,5.191082291267215
TST000010,1,1,29.91571346800352,1,0.15420911903540568,1,5.191082291267215
TST000011,1,1,19.05860140518475,1,0.09826788709814549,1,5.191082291267215
TST000012,0,0,4.463993849559126,0,-0.1585038615637942,0,-2.2718078074924826
TST000013,0,0,7.241759806611201,0,-0.07709163231929606,0,-0.2624183643912579
TST000014,0,0,6.616945065069259,0,-0.1436787566299576,0,-2.8411655124795585
TST000015,0,0,9.886270263740762,0,-0.09818212510719254,0,-2.226818203301387
TST000016,0,0,6.499543009948644,0,-0.14258470846093863,0,-1.9928227668965492
TST000017,0,0,7.3556567319053565,0,-0.09675735946955744,0,-1.35345215209614
TST000018,0,0,9.477352693343473,0,-0.0717251663222272,0,-0.6094138847025992
TST000019,1,1,31.88779745941153,1,0.1833430137829838,1,5.191082291267215
TST000020,0,1,14.828757291173277,1,0.038107715519103524,1,0.7953913032464088
TST000021,0,0,8.289925750174326,0,-0.10255281989048437,0,-2.470982855628887
TST000022,0,1,14.867174907431556,1,0.04428355494300262,1,0.42234270824808906
TST000023,0,0,7.291963795135395,0,-0.12911375839157874,0,-2.471248286523644
TST000024,0,0,8.878568548684218,0,-0.10503097670451017,0,-1.7837245588572097
TST000025,0,0,7.524153361053607,0,-0.10745247217078774,0,-1.7005705693954383
TST000026,1,1,20.278635337587342,1,0.10235873935264095,1,5.191082291267215
TST000027,0,0,6.490756121885115,0,-0.1403371394159949,0,-1.5542539000078222
TST000028,0,0,5.077976619658833,0,-0.1609817176792145,0,-1.850342751426039
TST000029,1,1,26.870891543887442,1,0.1584562070731832,1,5.191082291267215
TST000030,0,0,7.149256165994993,0,-0.08977906535086594,0,-1.0364342391887664
TST000031,0,0,6.1954902196089305,0,-0.10398651638264722,0,-1.0565721573844113
TST000032,0,0,9.091950364268493,0,-0.0878904076833828,0,-1.4463337821988995
TST000033,0,0,5.212715418699694,0,-0.16130067508283313,0,-2.202071909950636
TST000034,0,0,8.029959087611381,0,-0.0685381053877207,0,-1.1082609874908034
TST000035,0,0,10.650747528411848,0,-0.06584002166157432,0,-0.09480738723493509
TST000036,0,1,13.039234385233827,1,0.004482961276724429,1,0.8029423618047398
TST000037,0,0,5.545217873751086,0,-0.1460477455673228,0,-1.760050343527725
TST000038,0,0,7.580104046585803,0,-0.1104560344696246,0,-0.7120961188232737
TST000039,0,0,7.096391937257962,0,-0.12681173032596732,0,-1.911500484572091
TST000040,1,1,28.44144972758326,1,0.15153043285224932,1,5.191082291267215
TST000041,0,0,8.107300425713316,0,-0.13675592617375437,0,-2.3805453004562516
TST000042,0,0,12.081966575810966,0,-0.012948595202485702,0,-0.01978319033599618
TST000043,0,0,7.782212506375502,0,-0.0837111847633859,1,0.04247683549809178
TST000044,1,1,28.596239700245135,1,0.15740129209279152,1,5.191082291267215
TST000045,1,1,17.100132638792466,1,0.05143722615092183,1,5.191082291267215
TST000046,0,0,6.963943397374286,0,-0.13676570454564185,0,-2.693232351239999
TST000047,0,0,7.15431994888351,0,-0.10417895334986688,0,-1.0565678112210204
TST000048,0,0,9.041314900586695,0,-0.09157090227319836,0,-2.497429910185125
TST000049,0,0,7.363301676712856,0,-0.10951103629010872,0,-1.3605626389957628
TST000050,0,0,8.553609426752656,0,-0.10494718459172675,0,-0.6752311416247556
TST000051,0,0,10.083301937333372,0,-0.015494503506752966,1,0.17569186197137476
TST000052,0,0,7.796039080513297,0,-0.11340787421550491,0,-1.1280946148049322
TST000053,0,0,9.611992341957357,0,-0.04800966552047076,0,-0.9313236547398738
TST000054,0,0,6.301286077296476,0,-0.13224184783647397,0,-1.9231869853692265
TST000055,0,0,10.209690471193582,0,-0.045966268981963654,0,-0.22404163401302135
TST000056,0,0,11.768114126932376,0,-0.010483095510293805,0,-0.6425826242777761
TST000057,1,1,20.470451692299687,1,0.10941962406032757,1,5.191082291267215
TST000058,0,0,5.799616458512411,0,-0.15825105738342832,0,-2.604315346072797
TST000059,0,0,6.537120013503794,0,-0.08194522673285765,0,-0.9706576807443472
TST000060,0,1,17.716361642702076,1,0.07990951388497802,1,1.0468005957214137
TST000061,0,0,10.712649811434424,0,-0.026358806251780997,1,0.17739362811836923
TST000062,1,1,14.691109678765793,1,0.024272951233966444,1,5.191082291267215
TST000063,0,0,6.857499237386303,0,-0.13298045645192513,0,-2.758551244960529
TST000064,0,0,7.7326666333976135,0,-0.11474922587651937,0,-1.4838669428360314
TST000065,0,0,7.468089828866086,0,-0.1338047948710675,0,-2.51812467634908
TST000066,0,0,6.350817786436971,0,-0.12029492575665024,0,-1.500144181634579
TST000067,0,0,7.492205843144692,0,-0.13242724982041132,0,-2.495430463736451
TST000068,0,0,7.029314851365097,0,-0.1058420279453231,0,-0.49335731351290857
TST000069,0,0,7.293497723571561,0,-0.0790712178625706,0,-0.7332455613438205
TST000070,0,0,10.194859882879472,0,-0.056245549202016465,0,-1.2818853846432736
TST000071,0,0,6.291861578513432,0,-0.14366047204027765,0,-2.459294663609011
TST000072,1,1,28.900642716308234,1,0.16075823942812606,1,5.191082291267215
TST000073,0,0,6.392751445811481,0,-0.15547469337779823,0,-2.463257575489205
TST000074,0,0,8.63746022139707,0,-0.07267055699462366,0,-0.8089787632187537
TST000075,0,0,7.679100799481622,0,-0.10564346108355721,0,-1.3861327626419193
TST000076,0,0,5.844783423966854,0,-0.12143788216651519,0,-0.6456445444872303
TST000077,1,1,16.044226012528718,1,0.049736633707185285,1,5.191082291267215
TST000078,1,1,18.138055063371628,1,0.08436604432134964,1,5.191082291267215
TST000079,0,0,7.468306038856172,0,-0.1230683302713993,0,-2.654327009441121
TST000080,1,1,20.172720727406013,1,0.10326324240829654,1,5.191082291267215
TST000081,0,0,6.582063490616921,0,-0.10368186669559853,0,-1.6521092645283453
TST000082,0,0,10.999360881820554,0,-0.06275376500367935,0,-2.422200202066187
TST000083,0,0,7.863401393928789,0,-0.10827881986071175,0,-1.5362966842711359
TST000084,0,0,9.080091596792858,0,-0.08926353316801089,0,-1.3443887315842709
TST000085,0,0,10.698401103351163,0,-0.030864928033510264,0,-1.0219149611104577
TST000086,0,0,6.799367896662601,0,-0.09439959126629244,0,-0.5812944996016656
TST000087,0,0,7.962065688636244,0,-0.09481905134932922,0,-0.4429694659373302
TST000088,0,0,7.475115022633819,0,-0.09670726582084904,0,-0.3386304547034946
TST000089,1,1,19.884112028279038,1,0.10049653561640104,1,5.191082291267215
TST000090,0,0,7.605517853474327,0,-0.11554023770139726,0,-0.8548832335922434
TST000091,1,1,14.906005102632061,1,0.03193105935068885,1,5.191082291267215
TST000092,0,0,6.399119830485947,0,-0.13164151086206544,0,-1.8188293730133198
TST000093,0,0,5.314393032255903,0,-0.1629720776491727,0,-2.4961198547226546
TST000094,0,0,5.837041588487328,0,-0.15102254670674442,0,-2.289104437381904
TST000095,0,0,8.04573240773931,0,-0.11860232926574965,0,-2.04935848577969
TST000096,1,1,24.208577664951306,1,0.1068180482598532,1,5.19108229124996
TST000097,0,0,4.601546514463072,0,-0.16820829323486314,0,-2.8376214448978887
TST000098,0,0,6.883912729406442,0,-0.11546129727587301,0,-2.083057518136184
TST000099,0,0,5.795691285756016,0,-0.16140219121588395,0,-2.3649803898597606
TST000100,0,0,9.040719781045567,0,-0.08316427450291902,0,-1.3649776650939192
TST000101,0,0,6.4431755297569,0,-0.12284887666532279,0,-1.8401403172747344
TST000102,0,1,12.968601064138541,1,0.027984777361185542,1,0.023124695335890344
TST000103,1,1,28.300459563454513,1,0.155947167181813,1,5.191082291267215
TST000104,1,1,28.39448829948029,1,0.1543756291370958,1,5.191082291267215
TST000105,0,0,8.587444828117361,0,-0.014266096605987877,1,0.19141670715830994
TST000106,0,0,8.3204029361932,0,-0.11932834845779094,0,-1.9582670455796016
TST000107,0,0,12.08798385116898,0,-0.00275460134101424,1,0.823538440341113
TST000108,0,0,7.655899379520086,0,-0.14046896365451256,0,-2.28910042011843
TST000109,0,0,9.964925447871607,0,-0.06951202429835152,0,-1.2118733024420054
TST000110,0,0,10.438605585474168,0,-0.036949712798321155,0,-0.7808509769453753
TST000111,0,0,5.914359988564781,0,-0.142592295090391,0,-1.4742068296658752
TST000112,1,1,22.973254252875222,1,0.10312495897426666,1,5.191082291266081
TST000113,0,0,8.196975279960576,0,-0.12388764270683145,0,-2.825564226273788
TST000114,1,1,14.633343755271518,1,0.016540248546944136,1,5.191082291267215
TST000115,0,0,5.626020201591183,0,-0.14304674544137796,0,-1.066157972873242
TST000116,0,0,11.848529797230082,0,-0.022342305093387638,0,-1.5285497463503575
TST000117,0,1,12.864051011709329,1,0.010132468039472764,1,0.3211022525722207
TST000118,0,0,6.817733917310559,0,-0.12384760163867414,0,-2.217548914288221
TST000119,0,0,8.984041610184715,0,-0.07028033029731562,0,-1.103482105698979
TST000120,0,0,11.638319034400595,0,-0.004421842676716969,1,0.30466744657810096
TST000121,0,0,5.309051251964414,0,-0.1481923197528428,0,-1.6150586854541444
TST000122,0,0,9.528430801498105,0,-0.08088966589998364,0,-2.145570886516869
TST000123,0,0,9.205729867428195,0,-0.02295718481351028,0,-0.6424773329045959
TST000124,0,0,10.434196387396018,0,-0.06230792999246326,0,-2.4620523782304753
TST000125,0,0,6.301795799194769,0,-0.14379275688188586,0,-1.5958450519469958
TST000126,0,0,5.940218528452864,0,-0.12938785500694322,0,-2.020001518102772
TST000127,0,0,9.207462505087944,0,-0.04439145924074828,0,-0.7587018295714358
TST000128,0,0,7.810492420445046,0,-0.12726272327601623,0,-2.069239302412959
TST000129,1,1,25.163301770965102,1,0.12847090555362872,1,5.191082291267215
TST000130,0,0,6.020584519286932,0,-0.1440392741265023,0,-1.7658218811614068
TST000131,0,0,7.903986424052752,0,-0.10124230944905172,0,-1.116129324852908
TST000132,1,1,29.62057081575343,1,0.1590003597322066,1,5.191082291267215
TST000133,0,0,10.27758785523833,0,-0.017788705609907418,1,0.5958309881042059
TST000134,0,0,6.977137763331781,0,-0.13120072335079058,0,-2.217934637538419
TST000135,0,1,13.309508671759858,1,0.01881600599010891,1,0.8264845135489862
TST000136,0,0,10.519410958473097,0,-0.03229577725630972,0,-0.44230179729606434
TST000137,0,0,7.467082663077006,0,-0.09382265105268989,0,-0.2732456299758237
TST000138,1,1,26.668913597863515,1,0.14157668787560684,1,5.191082291267215
TST000139,0,0,7.828789708663847,0,-0.08025295107155295,0,-1.3769929130063376
TST000140,0,0,8.558693959355473,0,-0.10058269256225388,0,-1.0710492815631758
TST000141,0,1,17.478976860833654,1,0.07284617228243495,1,2.702961409552552
TST000142,0,0,7.290442534316726,0,-0.12632861986533028,0,-0.7388384944091682
TST000143,1,1,21.22135708677262,1,0.10881882108176544,1,5.191082291267215
TST000144,0,0,5.79414433112053,0,-0.1032546040765297,0,-0.8664633957603929
TST000145,0,0,8.320931573245396,0,-0.08032288872707094,0,-1.345571917971041
TST000146,0,0,6.881581113687135,0,-0.10076862038309631,0,-0.9799626513231168
TST000147,0,0,6.497672128867045,0,-0.10382592795171286,0,-1.3597388175309195
TST000148,1,1,22.642978144242225,1,0.08846716702127821,1,5.191082291267215
TST000149,0,0,8.169266028900417,0,-0.09319856458879089,0,-0.3643026412807293
TST000150,0,0,7.284631391494791,0,-0.12781497253414198,0,-1.7031939519274442
TST000151,0,0,5.522401675580601,0,-0.1606648873009855,0,-2.540047317123012
TST000152,0,0,9.820346832207889,0,-0.06536493489397632,0,-0.41140585333505975
TST000153,1,1,18.09188825377632,1,0.05520764693398206,1,5.191082291267215
TST000154,0,0,7.298337197657517,0,-0.12013598437469841,0,-1.7143348081370906
TST000155,0,0,6.179615911163239,0,-0.12984990308274474,0,-1.802013634270816
TST000156,0,0,8.917692848435959,0,-0.058857966364365466,0,-0.39601730078976427
TST000157,0,1,13.99133555000251,1,0.004594894514843517,1,0.27356674796758806
TST000158,0,0,5.81745604514071,0,-0.15883489063780315,0,-3.0485008322844935
TST000159,1,1,30.349484497066037,1,0.16733079975499277,1,5.191082291267215
TST000160,0,0,5.385744215686761,0,-0.15447879216523425,0,-1.9255293288972606
TST000161,1,1,19.439292735560183,1,0.09068912522164463,1,5.191082291267215
TST000162,0,0,10.560823685358503,0,-0.04726386695632079,0,-0.15912543121015332
TST000163,0,0,7.127504754748827,0,-0.09813545611611485,0,-0.8737418431575845
TST000164,0,0,7.6761656479244795,0,-0.08651697730844377,0,-1.2977597412168693
TST000165,0,0,5.24138400621929,0,-0.15297308545364652,0,-2.180843356209646
TST000166,0,0,5.256064840090859,0,-0.15776785318621422,0,-2.071733305323022
TST000167,0,0,5.943785522678033,0,-0.14254059660694418,0,-1.3312398773301135
TST000168,0,0,5.3275827991674305,0,-0.15465432348307168,0,-2.609655475273234
TST000169,0,0,11.753776100489135,0,-0.052749711148670275,0,-2.2054184834782484
TST000170,0,0,5.9311239710611305,0,-0.11133730505791734,0,-1.0191195553488361
TST000171,0,0,7.707589875825529,0,-0.10694535114666104,0,-2.1320310588094475
TST000172,1,1,23.462101837647978,1,0.10100900342405739,1,5.191082291267215
TST000173,0,0,7.054142465029492,0,-0.1442538666594157,0,-2.5072774024327664
TST000174,0,0,6.482621504529104,0,-0.135655396320292,0,-2.4404655260931403
TST000175,0,0,12.460479759999215,1,0.009824998691539188,0,-0.8467476119417743
TST000176,0,0,8.332898924501649,0,-0.1225817989846944,0,-1.9272726653341152
TST000177,0,0,7.308915646829028,0,-0.13995082206981202,0,-2.268742094638335
TST000178,0,0,7.326227527252467,0,-0.1179164429210916,0,-1.7938553404750968
TST000179,0,0,10.320433310803857,0,-0.08083804323401206,0,-1.3131320980086496
TST000180,0,0,5.642900604312237,0,-0.14400736632364575,0,-2.3877717716201667
TST000181,0,0,6.655858808758046,0,-0.12228628942261266,0,-1.1744341163377694
TST000182,0,0,6.836405989082733,0,-0.13455868890991018,0,-1.08429879503589
TST000183,0,0,6.050520300656246,0,-0.1562780142661382,0,-2.5910475502510195
TST000184,0,0,6.673257630747186,0,-0.11658513781800572,0,-0.8806760696988052
TST000185,0,0,8.806488960690851,0,-0.09070118199635446,0,-1.5770348894194948
TST000186,0,0,8.5945997920716,0,-0.09914665143767842,0,-1.9118144390001701
TST000187,0,0,5.947696608517818,0,-0.1314838727999842,0,-1.5382679258055418
TST000188,0,0,5.665914418590647,0,-0.1446452916520909,0,-2.251817741813185
TST000189,0,0,8.603124242292699,0,-0.10128064944403425,0,-2.0297151640541093
TST000190,1,1,23.31100669063168,1,0.09519297836644325,1,5.191082291267215
TST000191,0,0,4.953933367227241,0,-0.16032515010638249,0,-2.1697907831093985
TST000192,0,0,6.13049581335482,0,-0.12874235013518381,0,-1.5096768774538312
TST000193,0,0,10.862017087268198,0,-0.04516002818654996,0,-1.818744441117417
TST000194,0,0,5.864260569127776,0,-0.1523284877600149,0,-2.23393450079511
TST000195,0,0,6.839362754477286,0,-0.12034935029503319,0,-1.006478925898353
TST000196,0,0,11.255079483538356,1,0.004778852594861216,1,0.19423649479443572
TST000197,1,1,22.437987547122574,1,0.0922818930928091,1,5.191082291267215
TST000198,1,1,31.41204143981854,1,0.17617501484443643,1,5.191082291267215
TST000199,0,0,6.183320575537239,0,-0.14248196540390645,0,-2.298333555273908
TST000200,0,0,6.1050211517222515,0,-0.13661607775849133,0,-1.6539635750801374
TST000201,0,0,5.361801751421508,0,-0.15330511935357471,0,-2.4561839918239796
TST000202,1,1,18.39741905307522,1,0.08471074806621925,1,5.191082291267215
TST000203,0,0,7.506922578136436,0,-0.07538981535267031,0,-1.4219091968037292
TST000204,0,0,7.0034380107363825,0,-0.11649282550979523,0,-2.1361151227184108
TST000205,0,0,8.448975572736172,0,-0.0813385088343958,0,-0.976522602760352
TST000206,0,0,6.477475731823118,0,-0.10745415420611998,0,-1.3491249251509867
TST000207,0,0,4.510712885170808,0,-0.17114699935840083,0,-2.7217968047768517
TST000208,0,1,13.185658863739931,1,0.01680131886147329,1,1.1876839999150315
TST000209,1,1,18.735970637114225,1,0.09135982930694786,1,5.191082291267215
TST000210,0,0,5.201154478231654,0,-0.1632540448926847,0,-2.6781626633098474
TST000211,0,0,5.479772805523869,0,-0.146429219320375,0,-1.4957089366256984
TST000212,0,0,5.588411122825861,0,-0.15590241351800832,0,-2.1256007974858235
TST000213,1,1,29.29891571802511,1,0.15318253802959303,1,5.191082291267215
TST000214,0,0,10.56571719294608,0,-0.021635173282873454,0,-0.6030413988494141
TST000215,0,0,5.078158441500334,0,-0.15143836558114376,0,-1.300004490483932
TST000216,0,0,7.461481106670583,0,-0.13043860570148463,0,-1.8083479299849623
TST000217,1,1,28.793810256367678,1,0.1604420267119473,1,5.191082291267192
TST000218,0,0,7.313905022722862,0,-0.12635347790013668,0,-0.9753622841936247
TST000219,0,0,8.590495497304548,0,-0.11350737216407669,0,-2.6046692206440625
TST000220,0,0,5.791201559555888,0,-0.11921538533098003,0,-0.9632114149681232
TST000221,0,0,7.535114803524964,0,-0.09869010235873316,0,-1.048541794021637
TST000222,0,0,9.431706906136185,0,-0.10675358099895882,0,-2.388148939555842
TST000223,0,0,8.170875594409328,0,-0.08759213636951846,0,-1.2156576152556005
TST000224,0,0,7.469918468046286,0,-0.11073642861779365,0,-1.4646570956004457
TST000225,0,0,6.139936835471262,0,-0.1162221509067129,0,-1.7231835280186152
TST000226,0,0,9.582065280225464,0,-0.05647707061908891,0,-0.5033210264406369
TST000227,0,0,8.561710814422339,0,-0.06438390791488541,0,-1.1738245224950425
TST000228,0,0,7.872826295849294,0,-0.10210618371446634,0,-1.6377999023639775
TST000229,0,0,6.886050661736389,0,-0.12252201076856734,0,-2.425913832669723
TST000230,1,1,16.08398348948644,1,0.056065757936635596,1,5.191082291267215
TST000231,0,0,6.922467634002622,0,-0.12890882819008348,0,-0.9445806047746066
TST000232,0,1,13.356636341140144,0,-0.011849338214420024,1,0.07471897156100749
TST000233,0,0,6.10527191850609,0,-0.1354130863118294,0,-2.2265735329116643
TST000234,0,0,5.948108288269162,0,-0.1241367396381522,0,-0.6176405831676082
TST000235,0,0,6.542123039941331,0,-0.11732363133070661,0,-1.3813097306080104
TST000236,0,0,8.486168563163226,0,-0.062492054550260745,0,-0.6643046457487447
TST000237,0,0,10.842839701808336,0,-0.05646102295830291,0,-2.102229971007885
TST000238,0,0,7.632051871368876,0,-0.09923257214283143,0,-1.3330973445880447
TST000239,0,0,5.296408547111838,0,-0.15675234177571457,0,-1.785305803830746
TST000240,1,1,20.25039567865066,1,0.10724698601639449,1,5.191082291267215
TST000241,0,0,7.050492061894546,0,-0.10531853254790358,0,-1.9636014391230736
TST000242,0,0,6.968406483777687,0,-0.1142301809862174,0,-1.425849455924955
TST000243,0,0,8.217786707578474,0,-0.12317059927513285,0,-2.831699365833452
TST000244,0,0,5.974709295977596,0,-0.13395372864333238,0,-1.7534325542495495
TST000245,0,0,5.466097871381971,0,-0.12898808739011863,0,-1.4318104018453202
TST000246,1,1,15.897788228640488,1,0.03503237356461664,1,5.191082291267215
TST000247,0,0,5.991754393824807,0,-0.1467442707638496,0,-2.2037617853703857
TST000248,0,0,6.92907759445837,0,-0.13095949252829192,0,-1.7285547860397594
TST000249,0,0,7.546564297775991,0,-0.1260243973864315,0,-2.9181468597002604
TST000250,0,0,8.330922010061391,0,-0.08986566519269706,0,-1.448344695741441
TST000251,0,0,9.225728996979168,0,-0.04650251555748991,0,-1.457297192119472
TST000252,0,0,7.8971908275836675,0,-0.08048777599254081,0,-0.6680733628645745
TST000253,0,0,6.1188916334597385,0,-0.14042692589088746,0,-2.030479480321419
TST000254,0,0,6.011367888444919,0,-0.12680992452193712,0,-0.8224526484015913
TST000255,0,0,4.967372278957905,0,-0.14106653260450863,0,-1.7899504668140054
TST000256,0,0,6.045445812670826,0,-0.15164140045196733,0,-2.141017159288479
TST000257,0,0,6.677592321042669,0,-0.138630811128788,0,-2.090005805733089
TST000258,0,0,6.748931103176901,0,-0.12378248536443787,0,-1.3380859592147534
TST000259,0,0,8.097185855656317,0,-0.1009161900179899,0,-2.5189084780756232
TST000260,1,1,29.502918188928923,1,0.1539168116130376,1,5.191082291267174
TST000261,0,0,6.288903789225331,0,-0.1280016851847327,0,-1.1207272228253888
TST000262,0,0,9.117131096083225,0,-0.08773025571638121,0,-1.5167401533633162
TST000263,0,0,8.221275631694313,0,-0.10310693387441366,0,-2.068971353275689
TST000264,0,0,11.45038065101136,0,-0.033942759947085066,0,-1.0736941914923523
TST000265,0,0,11.4634506831558,0,-0.012545055067347932,0,-0.28548988366920547
TST000266,0,0,10.424991371175851,0,-0.048913244781379095,0,-1.8897469407057015
TST000267,1,1,25.012779530519566,1,0.11680321919271541,1,5.1910822897091515
TST000268,0,0,6.519093252689144,0,-0.1106479532311967,0,-0.6377492289556601
TST000269,0,0,6.457337299255195,0,-0.13644747003808783,0,-2.204483929112082
TST000270,0,0,9.326561926599869,0,-0.04203271929973018,0,-0.6614188428974215
TST000271,0,0,6.9599202723082465,0,-0.11836923421825896,0,-1.3392002892760368
TST000272,0,0,7.248185928531523,0,-0.13690046506975506,0,-1.9809224091497697
TST000273,0,1,13.881482517901354,0,-0.0174927120010665,0,-1.2972358490387936
TST000274,1,1,21.615976162718603,1,0.09000591945162117,1,5.191082291267215
TST000275,1,1,17.238050556226064,1,0.05258768673669223,1,5.191082291267215
TST000276,0,0,6.698157928384501,0,-0.13690251406084408,0,-2.4055630364316345
TST000277,0,0,6.719247270565677,0,-0.13644069276984927,0,-1.4266720155483057
TST000278,0,0,7.536524792242049,0,-0.12119661426132622,0,-1.4704310216255356
TST000279,0,0,6.537619702735571,0,-0.10868996916082185,0,-1.0933315559172625
TST000280,0,0,8.284041871844162,0,-0.10418109878309512,0,-2.609676543633152
TST000281,0,0,8.351423739389581,0,-0.07682406228192584,0,-1.4623777464487135
TST000282,0,0,6.030971459480909,0,-0.15089346687624766,0,-1.8234819776437288
TST000283,0,1,15.492424576081152,1,0.060641760905504105,1,3.340426246753486
TST000284,0,0,6.933374007710944,0,-0.10915535941097232,0,-0.8519234714964412
TST000285,0,0,8.94517147853634,0,-0.0594101950535042,0,-0.8280765220787538
TST000286,1,1,29.405087530135603,1,0.15469805898546296,1,5.191082291267215
TST000287,1,1,19.09437111946794,1,0.0892511371496465,1,5.191082291267215
TST000288,0,0,10.02167946865297,0,-0.06436690250755683,0,-2.2036262540303877
TST000289,0,0,8.171369878163073,0,-0.10548971018636777,0,-1.041209559137986
TST000290,0,0,9.468507037364992,0,-0.06660393911362439,0,-1.8346503554208144
TST000291,0,0,5.2981344987848615,0,-0.14722156384503593,0,-1.3990236164086216
TST000292,0,0,7.7023494649387185,0,-0.11264570783412808,0,-1.0498364664508513
TST000293,0,0,9.85470933951258,0,-0.03916620457123321,0,-0.8538910681466474
TST000294,0,0,8.567568345760202,0,-0.06924308252188055,0,-0.6921732716370066
TST000295,0,0,6.014528428865587,0,-0.13754404455980151,0,-1.4378313794657966
TST000296,0,1,17.37483990500346,1,0.08831696125329991,1,1.7821747669239016
TST000297,0,0,8.840640253986892,0,-0.10349207645294706,0,-1.6207490566003155
TST000298,0,0,10.777289350006145,0,-0.03549957007089655,0,-0.9826009790363406
TST000299,0,0,7.900165118111576,0,-0.09273100418905517,0,-0.45279529198402013
TST000300,0,0,7.498140187222009,0,-0.11392243360091187,0,-0.8549858522268812
TST000301,1,1,16.09009778150892,1,0.04086104287889514,1,5.191082291267215
TST000302,0,0,5.468269926330978,0,-0.13454192540458332,0,-1.101332911053281
TST000303,0,0,7.906541352390051,0,-0.0980268735096127,0,-1.1532121562585322
TST000304,1,1,25.23301647000141,1,0.11639270476047203,1,5.191082291267215
TST000305,1,1,24.161817244036744,1,0.13944612635601172,1,5.191082291267215
TST000306,0,0,5.623481496149162,0,-0.1417590074485916,0,-1.9782270308731977
TST000307,0,0,4.941697767042272,0,-0.15160390508971366,0,-2.542732396706649
TST000308,0,0,7.37602393164282,0,-0.1196671154917901,0,-1.8168707713802439
TST000309,0,0,6.639025567028711,0,-0.13375144035343106,0,-2.234542338599467
TST000310,0,0,5.844546735210546,0,-0.12664356657447529,0,-1.2618101564330635
TST000311,0,0,7.445739157331786,0,-0.12436755908966834,0,-2.4019004963725212
TST000312,0,0,7.369034035699386,0,-0.12375672563718804,0,-1.3822219973516479
TST000313,1,1,21.300926806458236,1,0.11267664692486612,1,5.191082291267215
TST000314,0,0,7.0808740603072975,0,-0.09689846110273503,0,-1.1999836364454737
TST000315,0,0,5.82410117777959,0,-0.13600966179402246,0,-1.9094011362379915
TST000316,0,1,12.575858616601051,0,-0.004224090875557973,1,4.081066959992227
TST000317,1,1,21.184708845030272,1,0.11024848312079083,1,5.191082291267215
TST000318,0,0,6.624384947792999,0,-0.11137243130701213,0,-1.4208168603966875
TST000319,0,0,5.848826063895619,0,-0.14434288338990747,0,-1.413450146814256
TST000320,0,0,8.569184448691573,0,-0.0691780526201019,0,-0.5034825221778938
TST000321,0,0,5.752072444722763,0,-0.1479659166993979,0,-2.489073005519738
TST000322,0,0,8.124552739593108,0,-0.09159145911658378,0,-1.0646320340425994
TST000323,0,0,10.506987990802383,0,-0.03824093818258001,0,-0.22061783133555846
TST000324,0,0,11.545710549045587,0,-0.008470460968346027,1,0.6954580218981983
TST000325,0,0,11.488303288289647,0,-1.3540218520291525e-05,0,-0.15811664437092343
TST000326,0,0,9.013247918573619,0,-0.10487112493360651,0,-2.258868386268804
TST000327,0,0,5.294335853483038,0,-0.15785002635744583,0,-2.642883995447881
TST000328,0,0,5.921894853411209,0,-0.12011932585580376,0,-1.2581212681611813
TST000329,0,0,6.817027887363782,0,-0.10959323761294915,0,-1.7506737463955933
TST000330,0,0,9.137033567863913,0,-0.06386194655246547,0,-0.9978245414088853
TST000331,0,0,7.1436251476404795,0,-0.1158353093099651,0,-1.6718420291486389
TST000332,0,0,6.490666606594136,0,-0.11805834131227966,0,-1.6540235866240565
TST000333,0,0,9.318541697057633,0,-0.07298294452633208,0,-1.3651303581187424
TST000334,1,1,28.885874632280615,1,0.15146692127570294,1,5.191082291267215
TST000335,0,0,8.785328172683403,0,-0.03853110020206307,0,-0.21040080655813576
TST000336,1,1,28.88163143611856,1,0.14923696609105708,1,5.191082291267215
TST000337,0,0,8.45213606225099,0,-0.0949191978577611,0,-0.6133114895398757
TST000338,1,1,28.284647178935387,1,0.15602598917925425,1,5.191082291267215
TST000339,0,0,6.780539885703535,0,-0.11018485334574585,0,-0.4330317613833863
TST000340,0,0,5.672337482517019,0,-0.14779446345515346,0,-1.7474618946449727
TST000341,0,0,5.371359516944757,0,-0.1536997046088283,0,-1.6905112005917795
TST000342,0,0,7.8167134258645845,0,-0.09149034567056219,0,-1.0957094772860314
TST000343,0,0,6.779698718445527,0,-0.1380730362495065,0,-1.7292956587764756
TST000344,0,0,6.715815889397719,0,-0.12933252683535723,0,-2.430556281948803
TST000345,0,0,5.301409453027391,0,-0.16283793721953915,0,-2.964052134775412
TST000346,0,0,10.58017832018675,0,-0.05043070828157764,0,-0.8932568064417028
TST000347,0,0,10.672072649036618,0,-0.013982230527353923,1,0.35063734433995375
TST000348,0,0,5.249606405769739,0,-0.1408359802877192,0,-1.3503256644261423
TST000349,1,1,30.50646052144575,1,0.16293821664865937,1,5.191082291267215
TST000350,0,0,7.668363283119975,0,-0.12794331403192039,0,-2.3338002971664933
TST000351,1,1,16.160088954814785,1,0.036530392968344594,1,5.191082291267215
TST000352,0,0,4.42444089720435,0,-0.16761395560045245,0,-2.5099412521109796
TST000353,0,0,6.88431576768944,0,-0.11984274777115039,0,-0.7159514881199023
TST000354,0,0,6.617027126367647,0,-0.13798323919473976,0,-1.4413356874830994
TST000355,0,1,15.711538895591161,1,0.032067353182595126,0,-0.3654341647845136
TST000356,1,1,22.856952858092065,1,0.12594485277169343,1,5.191082291267215
TST000357,0,0,8.007270432353817,0,-0.09073128135081088,0,-1.6259558806089451
TST000358,0,0,6.751147557643958,0,-0.14941302491328218,0,-2.692494989029349
TST000359,1,1,28.370177413428227,1,0.15543922484827688,1,5.191082291267215
TST000360,0,0,4.843802958480483,0,-0.15643738325080897,0,-2.031497642314072
TST000361,0,0,7.765444184609118,0,-0.07987139250280323,0,-0.9067682251709908
TST000362,1,1,26.0926120807343,1,0.13526752484980975,1,5.191082291267215
TST000363,0,0,10.98792751819293,0,-0.02535678077615111,1,0.1625363649648568
TST000364,0,0,9.608697841609665,0,-0.08017946589971886,0,-2.1042460011670387
TST000365,0,0,5.337451796066162,0,-0.1534023963104097,0,-2.3565698700934306
TST000366,0,0,11.440893704848985,0,-0.011386918050575567,0,-0.8365493737553056
TST000367,0,0,6.902729927344599,0,-0.12143288154961973,0,-1.6965076544628461
TST000368,0,0,8.5940191391171,0,-0.07986838978846628,0,-0.878028233267167
TST000369,0,0,4.616981479623409,0,-0.16011379626294475,0,-2.1855849474975964
TST000370,0,0,11.377569662577226,0,-0.06120724518253262,0,-1.8281950125992017
TST000371,0,0,12.042477671473867,0,-0.002273843139666498,1,0.7958807389061073
TST000372,0,0,7.501797976456137,0,-0.12206702308462081,0,-2.264197594225907
TST000373,0,0,11.708710167314056,0,-0.015480851359930825,0,-0.49110629585338117
TST000374,1,1,29.543156221783075,1,0.16396078907018397,1,5.191082291267215
TST000375,0,0,5.882980016348266,0,-0.14589681784249597,0,-1.9050892681054963
TST000376,0,0,8.690957586843515,0,-0.09492097475576178,0,-1.4229983829640798
TST000377,0,0,6.381760435036164,0,-0.12022208918700777,0,-1.0147299898141968
TST000378,0,0,9.686104233569544,0,-0.07377528410461204,1,0.008698775365930445
TST000379,0,0,8.87297067027275,0,-0.008636073463670235,1,0.5985929231332072
TST000380,0,0,6.2932472602651925,0,-0.1328755124120255,0,-2.2194360004593108
TST000381,0,0,6.653155545386685,0,-0.12997720997833745,0,-1.6513505631593706
TST000382,0,0,9.497676648245607,0,-0.10418711222236593,0,-1.0482930885639057
TST000383,1,1,22.80634509477786,1,0.0938631250249713,1,5.191082291267215
TST000384,0,0,7.504901325337116,0,-0.10876410859964791,0,-1.1843167465560436
TST000385,0,0,5.483095313915722,0,-0.14276858543819176,0,-2.1415062814903587
TST000386,1,1,24.13739399151084,1,0.12128935286887288,1,5.191082291267215
TST000387,0,0,7.823691898276566,0,-0.09253968018060932,0,-0.521488872451954
TST000388,1,1,23.368728591985054,1,0.1049839072521419,1,5.191082291267215
TST000389,0,0,5.104412933179381,0,-0.1461885188086059,0,-1.5638078024944146
TST000390,0,0,5.633425656252944,0,-0.14102702514955828,0,-1.2594564901150287
TST000391,1,1,28.90914721542553,1,0.15554688440812914,1,5.191082291267215
TST000392,0,0,7.122622968694908,0,-0.1278370144457754,0,-1.9003289673309762
TST000393,0,0,9.913564874387292,0,-0.06978108462585064,0,-1.3858003354080397
TST000394,0,0,6.721804551245267,0,-0.13851517875447333,0,-1.7892267976026943
TST000395,0,0,4.74917644519324,0,-0.14609667806799426,0,-1.8318815303906097
TST000396,1,1,17.865691263466797,1,0.051858798452481314,1,5.191082291267215
TST000397,0,0,7.167678346729112,0,-0.09902941751371347,0,-1.1989839043803654
TST000398,0,0,8.323495465887103,0,-0.07818810107447549,0,-1.0192879963593775
TST000399,0,0,8.419228642662251,0,-0.08962424535614916,0,-0.5722089244480628
TST000400,0,0,9.684268984998893,0,-0.07497749764528144,0,-1.9748727272540076
TST000401,0,0,4.9359890572711285,0,-0.16335027240860517,0,-2.4130010656419643
TST000402,0,0,9.460279313951466,0,-0.0748954123616079,0,-1.3803408206591055
TST000403,0,0,7.828367703575702,0,-0.12038835575765078,0,-2.520821560950629
TST000404,0,0,5.681039181611216,0,-0.14810703493595745,0,-2.6451813367454173
TST000405,0,0,11.145585643102459,0,-0.027346302509803744,1,0.21402551780458445
TST000406,0,0,7.119076918469889,0,-0.10781682816372629,0,-0.8588953927724345
TST000407,0,0,5.937836293648403,0,-0.14665962816390432,0,-1.5613802485054844
TST000408,0,0,5.7027808397730535,0,-0.15053961946871158,0,-1.7883301092381512
TST000409,0,0,8.336077481135522,0,-0.09072593281189928,1,0.11408064082920877
TST000410,1,1,25.400476215832168,1,0.12698860108732257,1,5.191082291267215
TST000411,0,1,15.031821020061649,1,0.03937527223966075,0,-0.5456891010429423
TST000412,0,0,8.069104869560814,0,-0.11613667805886868,0,-1.4278277714016863
TST000413,1,1,23.18165533075922,1,0.11145589866314187,1,5.191082291267215
TST000414,1,1,14.910305545532962,1,0.023986858019643176,1,5.191082291267215
TST000415,0,0,7.221926661716365,0,-0.10862429951705277,0,-2.1703119458929763
TST000416,0,0,8.64147884492948,0,-0.05599151705561084,0,-1.607538381393545
TST000417,0,0,5.236311738235776,0,-0.1516475834250967,0,-1.6829695547239725
TST000418,0,0,8.29024200767667,0,-0.08751064845468137,0,-0.5628743479202809
TST000419,0,0,7.514859388572988,0,-0.11747921934922856,0,-2.200460940209071
TST000420,0,0,6.833216700713143,0,-0.12050635355151584,0,-1.0270797411586159
TST000421,0,0,8.514064160608536,0,-0.11815995305482796,0,-1.258861631244077
TST000422,0,0,9.420925698597106,0,-0.10564804330996769,0,-2.304734306714746
TST000423,0,0,8.514054840552038,0,-0.11239385086121922,0,-1.8869582014258492
TST000424,0,0,6.729627007154394,0,-0.11246157563442633,0,-1.000627459765819
TST000425,0,0,7.189774787198672,0,-0.11298323913099817,0,-1.1049368683760186
TST000426,0,0,12.158245156300843,1,0.0334714139993455,1,1.1512135044356553
TST000427,0,0,10.00723448204869,0,-0.06390062262271684,0,-0.05734163522047542
TST000428,0,0,11.671266148914501,0,-0.00035208895828209297,1,0.0720704730707018
TST000429,0,0,8.235565714658744,0,-0.0649655513098441,0,-0.8752027470459725
TST000430,0,0,7.50073138625527,0,-0.08802929892626427,0,-0.6382920220491579
TST000431,0,0,5.067714452578943,0,-0.14703706676557848,0,-1.3145200446935332
TST000432,0,0,6.647997822269907,0,-0.12504381670527465,0,-1.5878708133710964
TST000433,0,0,10.423044897224015,0,-0.002489560732573115,1,0.25830895612367755
TST000434,0,0,5.543387778838863,0,-0.16488311040802062,0,-2.908514328395637
TST000435,0,0,6.764197809948002,0,-0.11448972950392805,0,-1.463412000899269
TST000436,0,0,8.532616400971143,0,-0.11436768585537915,0,-2.1111379718866674
TST000437,0,0,8.913263116861058,0,-0.06200719888379247,0,-1.0535072793706508
TST000438,0,0,7.666877240639033,0,-0.08798199310052474,0,-1.5062751264206007
TST000439,0,0,8.943239308886026,0,-0.0681471138042739,0,-0.7689751187244873
TST000440,0,0,6.746104321219583,0,-0.1277298317305282,0,-1.3495966312148209
TST000441,0,0,6.181200813426233,0,-0.1125949801163102,0,-1.4747869408219696
TST000442,1,1,29.110431613359424,1,0.15788985829672209,1,5.191082291267215
TST000443,0,0,5.611894693911943,0,-0.12989628699764705,0,-0.9670691343785469
TST000444,0,0,6.381878170474369,0,-0.11524140168151936,0,-1.1976208592182802
TST000445,0,0,7.325886440546238,0,-0.12125625944596452,0,-0.6761031009384357
TST000446,0,0,5.688067644315316,0,-0.14707838426882935,0,-2.311491286386449
TST000447,0,1,12.570702714757143,0,-0.015403030715480992,0,-0.9718317672004471
TST000448,0,0,5.990460978997885,0,-0.14386974389466967,0,-1.8986854636185315
TST000449,0,0,8.472739640154177,0,-0.06490111659498277,0,-0.8328426366648314
TST000450,0,0,8.490781716431252,0,-0.0866025597920918,0,-0.9879621232119273
TST000451,0,0,8.590453759837114,0,-0.08604854018054009,0,-0.7415080139150074
TST000452,1,1,22.455690747157984,1,0.12562002057618882,1,5.191082291267215
TST000453,1,1,28.955666220582422,1,0.15308014766900913,1,5.191082291267215
TST000454,0,0,5.942591343145924,0,-0.14617629050742975,0,-2.1921958433187028
TST000455,0,0,6.602292617300877,0,-0.11580381062673806,0,-1.2156977878747899
TST000456,0,0,9.143334524571245,0,-0.06746446094593034,0,-1.049033521436332
TST000457,0,0,7.420951664506051,0,-0.11223547372538328,0,-1.4068052307925702
TST000458,1,1,16.75681632560712,1,0.039182919707672736,1,5.191082291267215
TST000459,0,0,5.743189967894957,0,-0.14107677878490527,0,-1.8701977101353888
TST000460,0,0,6.4488458234707045,0,-0.15474049280350244,0,-2.9357315828116617
TST000461,1,1,20.04255567307171,1,0.10052176073613295,1,5.191082291267215
TST000462,0,0,6.94162193892336,0,-0.14453812884595496,0,-2.170194502200962
TST000463,1,1,26.655462405933314,1,0.15405249795083442,1,5.191082291267215
TST000464,0,0,6.392053372217808,0,-0.1442681047733963,0,-2.3124731029558054
TST000465,0,0,9.026305268282783,0,-0.07031615329267071,0,-0.5881498516887325
TST000466,0,0,6.5603241941098585,0,-0.12436512916154574,0,-1.1714860690667503
TST000467,0,0,7.8434802379634885,0,-0.1217921123819779,0,-1.7431437220947181
TST000468,1,1,23.66502772658831,1,0.11431905280004839,1,5.191082291267215
TST000469,1,1,19.886058775465703,1,0.10628988063043787,1,5.191082291267215
TST000470,0,0,6.443950663492327,0,-0.1326806254245475,0,-1.5851067309139433
TST000471,0,1,13.792103865190517,1,0.05095507796986365,1,0.6214870961262227
TST000472,0,0,5.1512892959728696,0,-0.1372869766664917,0,-1.7202718814101665
TST000473,0,0,6.543848909676911,0,-0.13994412785335686,0,-1.6458550252365622
TST000474,0,0,6.752432298874628,0,-0.12402315701978883,0,-0.963719989133569
TST000475,0,0,6.43166426687916,0,-0.14694723976770002,0,-1.7972804745570352
TST000476,0,0,7.203778375462444,0,-0.11547771546403202,0,-0.706948968339784
TST000477,0,0,10.512257665962537,0,-0.0508826237645002,0,-1.1347291659241474
TST000478,0,0,7.929752241558422,0,-0.11126716610406806,0,-2.3441332136969235
TST000479,1,1,27.017917910565412,1,0.147268517244748,1,5.191082291267215
TST000480,0,0,5.15111160640652,0,-0.13698478824146898,0,-1.4964009563994205
TST000481,0,0,6.745368533539397,0,-0.14409793762893547,0,-2.9065175101542673
TST000482,0,0,8.020227064067576,0,-0.0771406291757683,0,-0.3228391460117379
TST000483,0,0,5.955075411885833,0,-0.11822941542187171,0,-0.7190796342708454
TST000484,0,0,7.390212614970062,0,-0.10091645669776023,0,-0.7243418451091337
TST000485,0,0,5.475376695512257,0,-0.13945402971450288,0,-2.0759601822110856
TST000486,0,0,8.29403159559904,0,-0.08482432253148675,0,-0.7371149691483883
TST000487,0,0,11.156371513691056,0,-0.051190938099201166,0,-1.0040773121205788
TST000488,0,0,6.729175619738934,0,-0.08783064014494613,0,-0.6685894835808464
TST000489,0,1,12.758375861723762,0,-0.01565120023948885,0,-0.7280784161959
TST000490,0,0,7.178436746890949,0,-0.1234310947793043,0,-2.3992392532186377
TST000491,0,0,11.209830997246305,0,-0.04146986512856188,1,0.22207115181523207
TST000492,0,0,6.144442156244646,0,-0.12230993801711043,0,-1.0763974866914934
TST000493,0,0,5.786691358993966,0,-0.11993569716666419,0,-1.2774411116016564
TST000494,0,0,6.253559192050627,0,-0.13313350153493952,0,-1.5473155343706244
TST000495,0,0,6.140204711855245,0,-0.1025205351305219,0,-0.6205095709107011
TST000496,0,0,5.986126416792127,0,-0.1626365328673811,0,-2.8778690463162304
TST000497,0,0,8.245433724204188,0,-0.10590771021043177,0,-0.6742053520459645
TST000498,0,0,7.5156777158251575,0,-0.10304639426261558,0,-1.2097273344217472
TST000499,0,0,6.841776470634962,0,-0.10935184658872227,0,-1.5286212745553351
TST000500,0,0,7.743358256784571,0,-0.0857123710846911,0,-1.0498623839885433
TST000501,0,1,12.916495775494813,1,0.014369709797816266,1,0.000742385347336949
TST000502,0,0,10.103516600360901,0,-0.05614035894885566,0,-0.4892369963328509
TST000503,0,0,8.99250416730189,0,-0.07410737686333296,0,-0.6757488175733419
TST000504,0,0,6.340391390166593,0,-0.14111805138165623,0,-1.166590081003542
TST000505,0,1,19.901994070621903,1,0.09935620527690481,1,2.2624246619296264
TST000506,1,1,21.83523152540783,1,0.09225654648397363,1,5.191082291267215
TST000507,0,0,6.44927020581076,0,-0.11479572674938898,0,-1.3393452271236956
TST000508,0,0,5.09956085244641,0,-0.14285979963906453,0,-1.3870582992840133
TST000509,0,0,7.420319407426143,0,-0.1212459127083913,0,-2.1837034896000027
TST000510,0,0,5.0345759980599505,0,-0.14818886313861135,0,-1.3492583128886837
TST000511,0,1,12.901162562062714,0,-0.0361285860968108,0,-1.2116866976119
TST000512,1,1,17.146099091708344,1,0.04566680071821949,1,5.191082291267215
TST000513,0,0,7.2282095161161894,0,-0.12597938901600197,0,-1.5537178837037375
TST000514,0,0,5.923166477121694,0,-0.1427211351816703,0,-1.64592166160483
TST000515,0,1,12.959343461100035,1,0.03176280087322536,1,0.3059140960324864
TST000516,0,0,11.623330376216774,0,-0.04180196922313084,0,-1.6897773832765308
TST000517,0,0,9.899373776970581,0,-0.04153557761014426,0,-0.12230307243552474
TST000518,0,0,7.972267401581994,0,-0.10041270411360609,0,-0.6096969507249597
TST000519,0,0,5.940654944898788,0,-0.1265602445016738,0,-0.9098210993872247
TST000520,0,0,8.588639010035832,0,-0.08953149166875285,0,-1.4453455956226238
TST000521,0,0,7.055341383327715,0,-0.10477740028210031,0,-2.0774899509700155
TST000522,0,0,10.029156971329778,0,-0.04208567003951036,0,-0.8052946597557051
TST000523,0,0,9.990132201937916,0,-0.06254645968130623,0,-1.7501125589295912
TST000524,0,0,5.923461320495997,0,-0.14922891908932545,0,-2.3699750034241873
TST000525,0,0,5.497256761632864,0,-0.13876716438101727,0,-1.450919213751079
TST000526,0,0,7.62116602474962,0,-0.11295723075106706,0,-0.9474279446422269
TST000527,0,0,9.638012590897638,0,-0.03353704499717547,0,-0.865265472415846
TST000528,0,0,6.887096087926577,0,-0.13373454256305872,0,-0.9672772831065721
TST000529,0,0,5.821669528937159,0,-0.14923982204939318,0,-2.598677409689616
TST000530,0,0,7.015091065653851,0,-0.15130760778236563,0,-2.9030005061494775
TST000531,0,0,5.941709941174289,0,-0.1556454858848646,0,-2.61019596667201
TST000532,0,0,6.69659851239158,0,-0.12568384350295342,0,-1.3374272134231413
TST000533,0,0,6.837450592631166,0,-0.13569952445815014,0,-2.010849611107232
TST000534,0,0,6.322458762319113,0,-0.1169656511710041,0,-0.8311240308265786
TST000535,0,0,7.702080321765043,0,-0.0777822537502425,0,-0.41422206859865174
TST000536,0,0,6.201538545752198,0,-0.14112831578897844,0,-1.896796935215475
TST000537,0,0,7.904107465201947,0,-0.1006971605051179,0,-1.2412717968046403
TST000538,0,0,7.682954748157683,0,-0.1164558204972953,0,-1.088566677926985
TST000539,0,0,8.426243609628049,0,-0.04468260721587347,1,0.2205518059418008
TST000540,0,0,7.235920323056135,0,-0.1271403001627508,0,-2.277067748516467
TST000541,0,0,7.066197228287443,0,-0.09299941863156819,0,-0.8778182115996902
TST000542,0,0,10.982995008060707,0,-0.040921882296618306,0,-0.5166519282420854
TST000543,1,1,19.277812719897312,1,0.10354535364090578,1,5.191082291267215
TST000544,0,0,5.958496352740071,0,-0.15030604947967607,0,-1.9183723406340656
TST000545,1,1,20.048394792759485,1,0.10466823697447492,1,5.191082291267215
TST000546,0,0,6.392915929187283,0,-0.1284544735909649,0,-2.0433190276792637
TST000547,0,0,5.208088358536219,0,-0.15061651525301178,0,-2.1555627579631933
TST000548,0,0,7.91114160930246,0,-0.10061564020316943,0,-1.7413130628589801
TST000549,1,1,20.399220688620034,1,0.0960476453399347,1,5.191082291267215
TST000550,0,0,6.500829427640114,0,-0.11624060694258859,0,-1.3147022157824182
TST000551,0,0,6.617056559926228,0,-0.12982156725370791,0,-1.6035590761908258
TST000552,0,0,7.921557779136008,0,-0.06892370253490865,1,0.07587459020021026
TST000553,0,0,6.981975172789004,0,-0.10961922363211013,0,-1.0107722255930316
TST000554,0,1,14.268919614975285,1,0.06179964676577765,0,-0.21061222976743554
TST000555,1,1,24.597071412123945,1,0.12124793387243382,1,5.1910822912672145
TST000556,0,0,6.781217584926651,0,-0.12588775384852063,0,-1.8605292291241522
TST000557,0,0,6.43823236938808,0,-0.11170074357552695,0,-1.0214216963898348
TST000558,0,0,7.98863792488354,0,-0.11865132482806984,0,-2.70251411452771
TST000559,0,0,5.735217168429502,0,-0.14338738285145847,0,-2.008147055626793
TST000560,1,1,23.539010983168506,1,0.11341776421689509,1,5.191082291267215
TST000561,0,0,7.041675683332782,0,-0.11293690192621664,0,-2.393481650404615
TST000562,0,0,5.878295892045789,0,-0.1485268130167584,0,-2.5719889259991007
TST000563,0,0,7.288781813050594,0,-0.10948204177185322,0,-1.6449454402337986
TST000564,0,0,7.7176429256787795,0,-0.09583899662697021,0,-1.4293076892798782
TST000565,0,0,6.9113927201798635,0,-0.12071762164325311,0,-1.596770869693926
TST000566,1,1,19.99253818431712,1,0.10261964759691644,1,5.191082291267215
TST000567,1,1,22.05741052712926,1,0.09622058269583877,1,5.191082291267215
TST000568,0,0,7.236310041910447,0,-0.12413014425814922,0,-2.4060651088856257
TST000569,0,0,6.342380721189534,0,-0.12986267879802216,0,-1.6820645065475013
TST000570,0,0,8.845349007414189,0,-0.06988134671726531,0,-0.8389107781317069
TST000571,0,0,6.485758932441858,0,-0.13410704596381978,0,-2.2630315723061765
TST000572,0,0,6.474051931001074,0,-0.14462894484968886,0,-2.5360007958411375
TST000573,1,1,29.427206367193225,1,0.15365730827315593,1,5.191082291267215
TST000574,0,0,10.141836881113745,0,-0.059295126066831516,0,-1.4362283138138867
TST000575,0,0,7.430844705582663,0,-0.08420330834860917,0,-0.2803181948776654
TST000576,0,0,5.556590182936536,0,-0.13959629457113326,0,-2.003054800856174
TST000577,0,0,7.68329032007737,0,-0.11023159501745217,0,-2.3630319315766357
TST000578,1,1,17.117329773077426,1,0.035971448884046464,1,5.191082291267215
TST000579,0,0,6.243727763478622,0,-0.1166778808157049,0,-1.3719024171680587
TST000580,0,0,9.61246337881298,0,-0.0738467503259908,0,-0.28130833346657
TST000581,1,1,20.786375195210656,1,0.08683248191411752,1,5.191082291267212
TST000582,1,1,19.56198387003399,1,0.10467004140586966,1,5.191082291267215
TST000583,0,0,5.377071727785346,0,-0.15389490762345137,0,-2.4013673198168695
TST000584,0,0,10.452093151642922,0,-0.025686447244357646,1,1.0754363602947583
TST000585,0,0,7.848148612368839,0,-0.10730753445303198,0,-2.301211942478581
TST000586,0,0,10.729975597495583,0,-0.04412967063065587,0,-0.6234127334794204
TST000587,0,0,6.094116330136439,0,-0.14197758988775772,0,-2.246777951025357
TST000588,0,1,13.109229519046885,1,0.046727954219977,1,1.7053049616881206
TST000589,0,0,5.820814612402582,0,-0.12032148633123585,0,-1.1130829508448548
TST000590,0,0,6.295492055588803,0,-0.14697258539682584,0,-2.48951945975155
TST000591,0,0,6.983122924642891,0,-0.1329109039740537,0,-1.5245194428865592
TST000592,0,0,7.095137249764376,0,-0.10597304514503897,0,-0.8445837836365078
TST000593,0,0,6.2694993194722315,0,-0.15391313352549618,0,-2.9513263118953654
TST000594,0,0,10.29088310018686,0,-0.07509456126415354,0,-2.5447972939254218
TST000595,0,0,8.110804195880378,0,-0.10861818709483517,0,-1.7483194164805687
TST000596,0,0,6.840386518839875,0,-0.09945301302615833,0,-0.9588479448391736
TST000597,0,0,5.5568897763428335,0,-0.15372200928317087,0,-2.524075767397478
TST000598,1,1,21.07661898354364,1,0.1128361074276556,1,5.191082291267215
TST000599,0,0,11.250948218150885,0,-0.005521030070290589,1,0.43627244326916337
TST000600,0,0,5.1254783020422074,0,-0.15928050602566635,0,-2.2988848470769403
TST000601,0,0,9.100360083420874,0,-0.07887035494569711,0,-0.8695086243817753
TST000602,0,0,7.468731770191442,0,-0.10557584566454503,0,-0.5727740556114469
TST000603,1,1,19.17229286253155,1,0.07411028232618755,1,5.191082291267215
TST000604,0,0,7.627108694262928,0,-0.12212835595441085,0,-1.9934614965949553
TST000605,0,0,8.335994987334375,0,-0.06027851557774344,1,0.40639689908546384
TST000606,0,0,5.322932471380627,0,-0.14875848440717304,0,-1.9404226313750028
TST000607,0,0,5.700747180006762,0,-0.1434044840639785,0,-1.4306580783205156
TST000608,0,0,5.4200457605878505,0,-0.15212550270338288,0,-1.9381536285453915
TST000609,0,0,10.948500326352725,1,0.0025998300863629975,1,0.5067089913662661
TST000610,0,0,6.725724619178565,0,-0.08107265276449488,0,-0.41351988698226716
TST000611,1,1,31.85533221217246,1,0.18350752149889094,1,5.191082291267215
TST000612,0,0,8.668467757009788,0,-0.08498104299452597,0,-0.9904055578063211
TST000613,0,0,5.115245772205119,0,-0.14823580124789826,0,-1.7132058455645218
TST000614,0,0,5.6602893340032505,0,-0.14526012493147272,0,-2.502239055700378
TST000615,0,0,7.430318890364332,0,-0.12377474592400894,0,-1.8289627826352062
TST000616,0,0,10.064167954734625,0,-0.06349023589611624,0,-1.4449951399982695
TST000617,0,0,7.249822076890328,0,-0.08970845325147964,0,-0.6022759507238371
TST000618,0,0,10.05528927617141,0,-0.06371395970399213,0,-0.9594200517116622
TST000619,0,0,8.098858528326462,0,-0.09862094836563978,0,-1.2429910138186981
TST000620,0,0,9.599010981972068,0,-0.06176720933044977,1,0.16558752969540969
TST000621,0,0,7.696142247418168,0,-0.10881085895684278,0,-1.1047136993299134
TST000622,1,1,21.558190711483938,1,0.11671232139788856,1,5.191082291267215
TST000623,0,0,5.6133313327539,0,-0.154900559032707,0,-2.215637438603534
TST000624,0,0,9.819550930981155,0,-0.07337816220312715,0,-0.772766113062362
TST000625,1,1,19.251225324268038,1,0.09187058603888465,1,5.191082291267215
TST000626,0,0,10.378066191862066,0,-0.06062332071864668,0,-0.9953361328324215
TST000627,1,1,29.25359013289805,1,0.15302486869880394,1,5.191082291267215
TST000628,0,0,5.6672111278443476,0,-0.15450318299725152,0,-2.7177108270991415
TST000629,0,0,8.565577142435163,0,-0.08987257320713438,0,-0.8278389257871277
TST000630,0,1,17.96093800439803,1,0.08250977836331952,1,1.7541133247591865
TST000631,0,0,6.649289935049561,0,-0.14746619293254748,0,-2.776169767254957
TST000632,1,1,16.14165333966203,1,0.026204861978453065,1,5.191082291267215
TST000633,0,0,7.80063089950682,0,-0.10302992245344239,0,-1.6764892532241387
TST000634,0,0,6.08046971868972,0,-0.14405969387070483,0,-1.6678248074692474
TST000635,1,1,22.60220479681823,1,0.0881650638508239,1,5.191082291267215
TST000636,0,0,6.373583801347696,0,-0.12763781934465068,0,-1.2752608456985204
TST000637,0,0,10.459240364518063,0,-0.032353446316874424,0,-0.11582071447629616
TST000638,0,0,6.177713671248365,0,-0.1301216249078564,0,-1.260024505942944
TST000639,0,0,10.600377075077857,0,-0.05790678353320594,0,-1.5766099880086157
TST000640,0,1,12.586694395722985,0,-0.008107375735110667,0,-1.1978965175148444
TST000641,0,0,8.004963118555862,0,-0.08314492659927908,0,-1.178927429906909
TST000642,0,0,8.193323779307045,0,-0.07568073470793596,0,-0.7797325626372071
TST000643,0,1,13.653148906878926,1,0.0067949600313265135,0,-1.1798476498509647
TST000644,1,1,28.141579815362007,1,0.15230712218446485,1,5.191082291267215
TST000645,1,1,15.33821538597896,1,0.02709773520156311,1,5.191082291267215
TST000646,0,0,6.71664212271071,0,-0.14751348488506094,0,-2.430793302266377
TST000647,0,0,11.270537219200019,1,0.01874745983921078,1,1.3157041755722596
TST000648,0,0,8.3614787117447,0,-0.11005791801625059,0,-2.1664852009931526
TST000649,1,1,18.744825223506936,1,0.06296156531618724,1,5.191082291267215
TST000650,0,0,7.869671699407337,0,-0.09614875618197927,0,-1.5445745731980338
TST000651,0,0,6.548506523624877,0,-0.11828966357920395,0,-1.4075429774336694
TST000652,0,1,14.361933252199918,1,0.006645761137393458,0,-1.500366354671355
TST000653,0,0,5.164322010648884,0,-0.1487999013827067,0,-1.8110427902277362
TST000654,0,0,5.770221028590758,0,-0.13952590730998726,0,-2.0793339338203047
TST000655,0,0,8.019646625271495,0,-0.09075443184360776,0,-0.5335109534051137
TST000656,0,0,6.720578607669149,0,-0.1334470912279534,0,-1.8949962245416963
TST000657,0,0,5.313898972807919,0,-0.13915993907830593,0,-1.3789107707962218
TST000658,0,0,7.768456106125003,0,-0.09668921387200974,0,-2.0144730821645203
TST000659,1,1,29.467594428098515,1,0.15381512025335053,1,5.191082291267215
TST000660,0,0,5.593715363290151,0,-0.15907300575247946,0,-2.4727862859833376
TST000661,0,0,9.73186571605498,0,-0.015125019287132946,0,-0.043864221616076726
TST000662,1,1,21.075566711649568,1,0.09058116260637628,1,5.191082291267215
TST000663,0,0,6.604924252386724,0,-0.07190363245694714,0,-0.42567434374672874
TST000664,0,0,8.80548971649267,0,-0.07187826549772153,0,-1.2628347503906365
TST000665,0,0,7.424240853055221,0,-0.12338261923197408,0,-2.1718929183287132
TST000666,0,0,5.233687729260676,0,-0.16148665658983619,0,-2.303395206210273
TST000667,0,0,10.972673842069652,0,-0.06119368003708847,0,-2.079408802657949
TST000668,0,0,5.064051132139113,0,-0.15689311230065894,0,-1.8646844149662334
TST000669,0,0,5.301047164400505,0,-0.15050031475046388,0,-1.3947254378161276
TST000670,1,1,33.1749263213301,1,0.19713738112190093,1,5.191082291267215
TST000671,1,1,19.396049045908196,1,0.0913524184422907,1,5.191082291267215
TST000672,1,1,28.577555140073986,1,0.152636767653344,1,5.191082291267215
TST000673,0,0,5.678821041934442,0,-0.13520321392219725,0,-1.1290188489846598
TST000674,0,0,7.909197473708836,0,-0.1264670856754468,0,-1.9455494034200385
TST000675,0,0,6.4945208821455225,0,-0.09190939599617659,0,-1.492866520901373
TST000676,0,0,6.961306051510073,0,-0.11808864871229596,0,-1.7109772112579416
TST000677,0,0,7.1693461330991495,0,-0.14075125480084677,0,-2.9847564092685515
TST000678,0,0,7.731024425845045,0,-0.11663423939430823,0,-1.125154757003913
TST000679,1,1,23.95927919417132,1,0.11905149584833485,1,5.191082291267215
TST000680,0,1,13.140713816230928,1,0.008408666334475345,1,0.06538375191379497
TST000681,1,1,15.653176663759474,1,0.047732606711609726,1,5.191082291267215
TST000682,1,1,19.615011802098913,1,0.09961896584036622,1,5.191082291267215
TST000683,0,0,8.892294238055026,0,-0.06785982378299443,0,-0.8024782155617469
TST000684,0,0,6.096439791437917,0,-0.15386432452672866,0,-2.622055953178159
TST000685,0,0,7.096008380223086,0,-0.11359370389440426,0,-1.015928487144648
TST000686,0,0,6.266471714418448,0,-0.07601776608665345,0,-0.4809832509862435
TST000687,0,0,7.316525233204084,0,-0.14087349673415972,0,-2.290504349188181
TST000688,0,0,5.920308292084773,0,-0.13908456356549032,0,-1.468939247308163
TST000689,0,0,11.054186698851534,0,-0.039155520244410824,0,-0.750809114740818
TST000690,0,0,5.09566524891974,0,-0.1463879904644817,0,-1.9509324251099232
TST000691,0,0,5.872994420954018,0,-0.14070336865143013,0,-2.0830769384299703
TST000692,0,0,5.089423418798868,0,-0.1511831065462858,0,-2.4294469593971817
TST000693,0,0,5.581979476841298,0,-0.1428338197399634,0,-1.2410415633062515
TST000694,0,0,6.615904355150892,0,-0.1325944961579214,0,-1.519999038333677
TST000695,0,0,6.519293406037694,0,-0.11636789259169211,0,-1.2006658819317932
TST000696,0,1,13.37919820597221,0,-0.004092278427818119,1,2.218225297713181
TST000697,1,1,28.21282715109027,1,0.1545337884881709,1,5.191082291267215
TST000698,0,0,4.937281318935765,0,-0.15307197286689778,0,-1.803017078519896
TST000699,0,0,7.743507273235261,0,-0.10651933601009478,0,-1.0746907932091982
TST000700,1,1,16.76354466992023,1,0.04454897391468815,1,5.191082291267215
TST000701,0,0,10.669972518221725,0,-0.06095575654528296,0,-2.1745503077938153
TST000702,0,0,6.334580855037347,0,-0.13455687179366266,0,-1.2925078316689032
TST000703,0,0,9.693133300874749,0,-0.043573047265494935,0,-0.3912527186502013
TST000704,0,0,7.330057769971026,0,-0.129902185083692,0,-1.6485719826199778
TST000705,0,0,9.638036648673644,0,-0.0993612368605003,0,-1.198085920337392
TST000706,1,1,15.438571144924643,1,0.035897433617242624,1,5.191082291267215
TST000707,0,0,8.224578027832226,0,-0.08231795072687037,0,-0.6005704020855474
TST000708,0,0,5.310575415533724,0,-0.1487940165472051,0,-1.9112566660783044
TST000709,0,0,8.246230676639836,0,-0.11706784046718338,0,-0.9948336080092348
TST000710,0,1,15.119273228297962,1,0.06543826777310835,1,2.167881787039071
TST000711,0,0,7.830452167520054,0,-0.12732235270584852,0,-1.9364966370877728
TST000712,0,0,5.730664712926584,0,-0.14060148148109136,0,-2.14854849322764
TST000713,0,0,8.671374810622465,0,-0.08910324988180829,0,-0.4527700525746772
TST000714,0,0,10.788626311319181,0,-0.023592743881435507,0,-0.7825491206858777
TST000715,0,0,4.5773846413530945,0,-0.1539915982526145,0,-2.0749764826715076
TST000716,0,0,7.498771657126423,0,-0.09883798917063857,0,-0.794051165206084
TST000717,0,0,9.745295071726737,0,-0.011400297443897922,0,-0.07059528782998914
TST000718,0,0,8.076028638110246,0,-0.11946929504496856,0,-2.565583734295654
TST000719,0,0,11.105318168571856,0,-0.03476314844035888,0,-0.24644445451064367
TST000720,0,0,5.6597104026045635,0,-0.13894516302956783,0,-2.173226362967916
TST000721,1,1,28.85447606759127,1,0.1604420267119473,1,5.191082291267215
TST000722,0,0,4.895934868453759,0,-0.16378633476717352,0,-2.3028267428604368
TST000723,0,0,10.464899173292672,0,-0.07708503956783258,0,-0.9224866982590694
TST000724,0,0,10.643572903613462,0,-0.009167928999438635,0,-0.13351958739078285
TST000725,0,0,7.114325455191899,0,-0.11106672288298935,0,-1.1684910301252334
TST000726,0,0,10.721360979862146,0,-0.019149417083440534,0,-0.967622795738146
TST000727,0,0,5.936099337676853,0,-0.12397344018766454,0,-1.7502358258820863
TST000728,0,0,8.891517409717201,0,-0.054278292799658345,0,-0.8382277428772573
TST000729,0,0,5.610668412450285,0,-0.13419540862642837,0,-0.9264748432526524
TST000730,0,0,5.2403199105097595,0,-0.1566747198788498,0,-1.955662884183881
TST000731,0,0,4.994151440345974,0,-0.14250084762088672,0,-1.9128476989821488
TST000732,0,0,6.571885260487053,0,-0.13887511269883157,0,-2.7214490917544536
TST000733,1,1,16.266644589736217,1,0.02793395774455376,1,5.191082291267215
TST000734,0,0,7.43190012588331,0,-0.11988834836581413,0,-2.4187512728444958
TST000735,0,0,7.343658306825973,0,-0.09219597993399803,0,-0.47910539679881037
TST000736,0,0,5.591989901094561,0,-0.1547703523082613,0,-2.148885165027008
TST000737,0,0,4.78001183171633,0,-0.14995861693730694,0,-1.628337477565447
TST000738,1,1,29.867753629637924,1,0.16677017727466836,1,5.191082291267215
TST000739,0,0,5.63219819854776,0,-0.14154383887105076,0,-1.9259905648423592
TST000740,0,0,9.870352034366798,0,-0.048231473716663475,0,-0.7443674882514406
TST000741,1,1,23.494329511157964,1,0.10673825265237424,1,5.191082291267215
TST000742,0,0,5.47577268721716,0,-0.14849242860711526,0,-2.196627647271857
TST000743,1,1,21.29036678849536,1,0.11845702635829514,1,5.191082291267215
TST000744,1,1,29.45228681462238,1,0.19064004083469077,1,5.191082291267215
TST000745,0,0,7.940032169799219,0,-0.10965495539058906,0,-1.9452477192794202
TST000746,0,0,8.679871793436563,0,-0.08026858589793057,0,-1.0346945840429829
TST000747,1,1,18.736729211003897,1,0.09116478450961818,1,5.191082291267215
TST000748,1,1,22.035507356003315,1,0.09597754294385696,1,5.191082291267215
TST000749,0,0,7.702463392182425,0,-0.10891593823129342,0,-1.1720986379725753
TST000750,1,1,21.316005004417605,1,0.11260625640394695,1,5.191082291267215
TST000751,1,1,15.129576200926044,1,0.0238265951865978,1,5.191082291267215
TST000752,0,0,10.48972918166905,0,-0.04721123067210198,0,-0.8213204833124612
TST000753,0,0,5.1968347032610165,0,-0.14127886196965317,0,-1.3709581522930208
TST000754,0,0,6.34637834111543,0,-0.14208213821640908,0,-2.052697831259203
TST000755,1,1,17.708129023547,1,0.0770335069338155,1,5.191082291267215
TST000756,0,0,7.15366898520983,0,-0.13429796381213477,0,-2.4188951661145692
TST000757,0,0,6.583884134483197,0,-0.12776669513544303,0,-1.8715437641446462
TST000758,0,0,11.93709747795848,0,-0.016256881280062974,0,-0.8525182120440578
TST000759,0,0,6.529875703750033,0,-0.14185575854028953,0,-2.256609946029866
TST000760,1,1,28.902720382518186,1,0.15980537787008575,1,5.191082291267215
TST000761,0,1,17.560780913146232,1,0.1040523356484514,1,3.8137066019702335
TST000762,1,1,19.66625254913199,1,0.09589154748143314,1,5.191082291267215
TST000763,0,0,8.026597847840797,0,-0.11408490075327643,0,-2.442397404097476
TST000764,0,0,5.509398989888968,0,-0.14480711710858307,0,-1.7778685292007266
TST000765,0,0,10.69143089064238,0,-0.01629453885404375,1,0.9365226734567802
TST000766,0,0,5.122438906452658,0,-0.1590414951034949,0,-2.7537738003888563
TST000767,0,0,4.933110996928543,0,-0.14849159201506973,0,-1.960244213012797
TST000768,0,0,8.969460023431145,0,-0.10826874951645205,0,-2.566379529341863
TST000769,1,1,31.308789606040648,1,0.1753414491859957,1,5.191082291267215
TST000770,0,0,8.125092376158905,0,-0.08591786863617568,0,-1.1010131827581704
TST000771,0,0,4.730320786994339,0,-0.16938908212576848,0,-2.4366546378506495
TST000772,0,0,4.147892271353003,0,-0.1712481308078369,0,-2.3739979051903664
TST000773,0,0,7.694122291604378,0,-0.10724408957928155,0,-1.7049994762962752
TST000774,0,1,12.750685050644716,0,-0.01475581669050019,0,-0.8140086863487657
TST000775,0,0,9.114985234631497,0,-0.08211390795318602,0,-0.7344593650071172
TST000776,0,0,9.555903636951916,0,-0.0953302953567362,0,-2.6854577613230575
TST000777,1,1,15.619853538937255,1,0.044466614029054496,1,5.191082291267215
TST000778,0,0,6.717662512721793,0,-0.1219480580788288,0,-1.5968521222941616
TST000779,0,0,7.0085714351960995,0,-0.12476146627713053,0,-1.9936099840349826
TST000780,1,1,29.161308022243166,1,0.16277607848685882,1,5.191082291267215
TST000781,1,1,21.97007832462868,1,0.08487443647637471,1,5.191082291267215
TST000782,0,0,5.693486372532654,0,-0.15413033447760172,0,-2.755842813987737
TST000783,1,1,23.809270077442385,1,0.11613348360792175,1,5.191082291267215
TST000784,0,0,10.986761420228849,0,-0.03437960383869387,0,-0.7544038571141787
TST000785,0,0,6.976826838057457,0,-0.11894941127718339,0,-2.0912389933716824
TST000786,0,0,7.376950876136062,0,-0.11505782820852672,0,-1.7993483443739455
TST000787,0,0,9.013364554640091,0,-0.07315135897091962,0,-0.7462908212613364
TST000788,0,0,9.607163820107964,0,-0.07872827739433186,0,-1.7992052103417464
TST000789,0,0,8.941993440875947,0,-0.09497425800907078,0,-2.543589448843565
TST000790,0,0,9.241037072526902,0,-0.0833079187615195,0,-1.3357150506805633
TST000791,0,0,9.45895339979959,0,-0.09297955747088027,0,-1.2152497016626587
TST000792,0,0,6.436153931062284,0,-0.13437193962567828,0,-1.4598103194279037
TST000793,0,0,5.6349462174991505,0,-0.15057356933402782,0,-1.7792954664187004
TST000794,1,1,20.21785634221735,1,0.08764084490461654,1,5.191082291267215
TST000795,0,0,6.071783347260362,0,-0.1411331390685458,0,-1.9762817283592984
TST000796,0,0,6.183176234998358,0,-0.11990086483282614,0,-0.9926924216572095
TST000797,0,0,9.479901536317916,0,-0.07434923157029127,0,-1.9682996844589065
TST000798,0,0,11.728209062551251,0,-0.045201906642088674,0,-1.1619637447906408
TST000799,0,0,6.075978053351578,0,-0.1467098580340716,0,-2.6811329282191085
TST000800,0,0,6.00108762854261,0,-0.12760950131184595,0,-2.1030659038931887
TST000801,0,0,6.58718507433776,0,-0.08669380975781105,0,-0.3401924008666475
TST000802,0,0,11.115311528159054,0,-0.03932168232035782,0,-1.180477701056998
TST000803,1,1,16.58544076065703,1,0.04900417081671704,1,5.191082291267215
TST000804,0,0,6.629978512275559,0,-0.12392583357594822,0,-1.330327500276682
TST000805,1,1,21.26126841261801,1,0.11309586062618493,1,5.191082291267215
TST000806,0,0,6.28806734367582,0,-0.1382889406197152,0,-1.9962353127785075
TST000807,0,0,6.712652817651075,0,-0.13375652090725748,0,-1.9498679581489302
TST000808,0,0,9.516112642697436,0,-0.048498247340799217,0,-0.5860973163424195
TST000809,0,0,6.399722553291646,0,-0.1092855101687239,0,-0.9801637847853284
TST000810,0,0,6.40317482624779,0,-0.11876830428675772,0,-2.006894678250428
TST000811,0,0,6.795448608988336,0,-0.10571216754389068,0,-0.8550546087823365
TST000812,0,0,5.590445570587984,0,-0.15432526723580037,0,-2.521778372463551
TST000813,1,1,24.13107076907784,1,0.11073321185742402,1,5.1910822912672145
TST000814,0,0,11.002022819035943,0,-0.02200234099773868,0,-0.5200886147140844
TST000815,0,0,6.8859320970983395,0,-0.10797816530229742,0,-1.0949541687312783
TST000816,0,0,7.063306125502313,0,-0.12705604820646477,0,-0.9372026260603761
TST000817,0,0,9.417207271726635,0,-0.07771895447590377,0,-1.5555350094360527
TST000818,0,0,10.738178789089517,0,-0.02702233942745602,0,-0.9307163877059637
TST000819,0,0,6.944883310750775,0,-0.09839634089145632,0,-1.2046021717365436
TST000820,0,0,8.912647090704086,0,-0.10166143544097561,0,-1.199700376416815
TST000821,1,1,29.106115423936863,1,0.15473928826281902,1,5.191082291267215
TST000822,0,0,5.946515422289182,0,-0.12344982088417267,0,-0.5145259435521998
TST000823,0,0,7.404602731987715,0,-0.059322677659947476,0,-0.4238805893499151
TST000824,0,0,9.244693397293835,0,-0.045635779767666085,0,-0.14544184336813082
TST000825,1,1,18.84683430573356,1,0.09936286110977421,1,5.191082291267215
TST000826,0,0,8.354197394334026,0,-0.12178404488822364,0,-1.5383985710307888
TST000827,0,0,7.275555311793517,0,-0.13337419385946675,0,-2.277875611049449
TST000828,0,1,14.416664450482951,1,0.0796692835217031,1,2.6255746380539584
TST000829,0,0,6.672203285975295,0,-0.1251829574858762,0,-2.237076254624755
TST000830,1,1,22.080860124735604,1,0.08784638779746634,1,5.191082291267215
TST000831,0,1,17.3923121708859,1,0.0913566304765332,1,3.0263224099004415
TST000832,0,0,8.927130161419495,0,-0.08416017371172918,0,-2.023101641638142
TST000833,0,0,7.633929420528313,0,-0.10989812904433371,0,-0.41792835523307836
TST000834,0,0,6.71144962139639,0,-0.12034791215698665,0,-1.7400019911915594
TST000835,0,0,7.949543428324176,0,-0.08271086194569238,0,-0.6691338080320968
TST000836,0,0,5.727533316521388,0,-0.1400451984624015,0,-1.7047661715530253
TST000837,0,0,5.280976860616346,0,-0.15646507119548564,0,-1.7811194624516995
TST000838,0,0,5.07098648680179,0,-0.1453778384235344,0,-1.471988554444077
TST000839,0,0,8.282643413885657,0,-0.06877416709588047,0,-0.2775007365698503
TST000840,0,0,5.839112689244265,0,-0.14078438186066056,0,-2.057496357812436
TST000841,1,1,15.298354985052017,1,0.034608350209137995,1,5.191082291267215
TST000842,0,0,6.999509974013596,0,-0.11018196634529204,0,-1.0418450632374556
TST000843,1,1,29.617545094836895,1,0.1590003597322066,1,5.191082291267215
TST000844,0,0,8.733706259238314,0,-0.09149059518150027,0,-1.9013216557878003
TST000845,0,0,5.731871556815434,0,-0.1557923172202555,0,-2.1770299468345824
TST000846,0,0,12.278722499001697,0,-0.025237348500693257,0,-0.3959717256042685
TST000847,0,0,6.870302423400019,0,-0.13772375277905013,0,-1.7333002549065668
TST000848,0,0,6.578946049373843,0,-0.13462270418960898,0,-1.5498674142974362
TST000849,0,0,9.337102071330744,0,-0.09587279441841429,0,-2.337358969966049
TST000850,1,1,20.64833279584871,1,0.11195466731706638,1,5.191082291267215
TST000851,0,0,6.233342527894637,0,-0.10897788752754578,0,-1.3040934097755121
TST000852,0,1,13.681146453284565,1,0.01324547494764583,1,0.11690542738145382
TST000853,0,0,6.497028573396625,0,-0.09303476930350851,0,-1.4094214606496713
TST000854,0,0,5.86147121357605,0,-0.14226385483825066,0,-1.6934164449520477
TST000855,1,1,29.262907629893625,1,0.16491143009315334,1,5.191082291267215
TST000856,0,0,7.347191302965745,0,-0.09960960058688328,0,-0.524670529139291
TST000857,0,0,10.008393539693142,0,-0.0794707755212824,0,-1.779042174786496
TST000858,1,1,20.294024662374753,1,0.10754037027217267,1,5.191082291267215
TST000859,0,0,11.336304312188394,1,0.008130644612144411,1,0.9100383748197709
TST000860,0,0,6.931916960717754,0,-0.08076570340914507,0,-0.9090068322714489
TST000861,1,1,29.89294545424494,1,0.15589181243249706,1,5.191082291267215
TST000862,0,0,7.590631948009863,0,-0.09252605627071525,0,-0.48524455691730406
TST000863,0,0,9.265047069147615,0,-0.05892858183150218,0,-1.9667749012280478
TST000864,0,0,9.495863622495527,0,-0.08365769233362613,1,0.16936740384045557
TST000865,1,1,21.972506824631903,1,0.08658048195277257,1,5.191082291267215
TST000866,0,0,9.626169570763945,0,-0.06953024713164185,0,-0.4683300406725035
TST000867,0,0,5.126922115421591,0,-0.16243212670008583,0,-2.6858288562269284
TST000868,0,1,13.894952180448962,0,-0.000872085994488847,0,-1.2399604900780856
TST000869,0,0,8.961872077981154,0,-0.06592435609815078,0,-1.4526717707154049
TST000870,0,0,7.276472721337143,0,-0.12422822962992669,0,-1.9525388020748409
TST000871,0,0,4.5649139744567515,0,-0.16266871599283844,0,-1.990324486296557
TST000872,1,1,23.708955284776344,1,0.13877886905415526,1,5.191082291267215
TST000873,0,0,6.009395187071052,0,-0.12440871120748415,0,-1.964271821106652
TST000874,0,0,5.0118500179308185,0,-0.13463159205131758,0,-1.6700552619274127
TST000875,0,0,8.274165683755498,0,-0.13084519976648074,0,-2.1721851150613283
TST000876,0,0,5.984812436815746,0,-0.12582114221038132,0,-1.2828903834719725
TST000877,0,0,6.578127487412,0,-0.14951814979177502,0,-2.427317749435158
TST000878,1,1,23.8322789281752,1,0.11941106195920181,1,5.191082291267215
TST000879,0,0,5.960716889125536,0,-0.13849914914469125,0,-1.4076567264880495
TST000880,0,0,9.058670616455627,0,-0.11231748771456201,0,-1.9036173717237626
TST000881,0,0,5.300753061945475,0,-0.14376790040560222,0,-1.238469905003539
TST000882,0,0,4.942911844479635,0,-0.1579424718428174,0,-2.4958841904157127
TST000883,0,0,11.36112615349602,0,-0.027476215103462542,0,-0.6741598379185803
TST000884,0,0,6.821833256347379,0,-0.11823224847789998,0,-0.7474449742955116
TST000885,0,0,7.551539275000461,0,-0.1072338823492654,0,-1.1720976821608406
TST000886,1,1,17.058796811338055,1,0.05819079813916028,1,5.191082291267215
TST000887,0,0,5.421685766625219,0,-0.15920541276137995,0,-2.094156969111296
TST000888,0,0,11.084681313368515,0,-0.06297169081485071,0,-2.1620225158455106
TST000889,0,0,4.705310881994436,0,-0.16272025465815465,0,-2.5716583169073948
TST000890,0,0,10.953485093011217,0,-0.057658303874405126,0,-1.9706879316518258
TST000891,0,0,5.570092474067074,0,-0.15080275246273672,0,-1.9540025850519838
TST000892,0,0,5.681892752723442,0,-0.1501315903626354,0,-2.1455175563546103
TST000893,0,0,8.813845230489003,0,-0.06625667752320064,0,-0.11047006609235765
TST000894,0,0,8.576713518342128,0,-0.07982023547600536,0,-2.085429435720875
TST000895,0,0,4.890230497834392,0,-0.14583993960193808,0,-1.9371672300493614
TST000896,0,0,6.174506313318384,0,-0.13944959140880592,0,-1.4257357412804286
TST000897,1,1,24.628206703186848,1,0.13403430729989063,1,5.191082291267215
TST000898,1,1,18.875589098485566,1,0.0976716038757407,1,5.191082291267215
TST000899,0,0,7.822463439609366,0,-0.06054615235097188,0,-0.5561382796027221
TST000900,0,0,12.01924975907308,1,0.014893701357458489,1,0.44949685938603956
TST000901,0,0,5.991378863057468,0,-0.1467182050312612,0,-1.994260194439124
TST000902,0,0,8.398777821120134,0,-0.09743882330308867,0,-1.4593638603864063
TST000903,1,1,23.206601013057163,1,0.14762649837479958,1,5.191082291267215
TST000904,0,0,5.61821821370899,0,-0.13752289812452662,0,-1.3369500767254392
TST000905,0,0,6.153644312203945,0,-0.1284877257344995,0,-1.392024335904103
TST000906,0,0,10.743535147778905,0,-0.05025768785150658,0,-0.43614447540469925
TST000907,0,0,8.609722782295847,0,-0.07737062690696045,0,-0.37905188072315354
TST000908,1,1,15.941121248448088,1,0.04090394550487342,1,5.191082291267215
TST000909,1,1,28.505141559930323,1,0.15558852466589312,1,5.191082291267215
TST000910,0,0,11.386667754036328,0,-0.030040630675212454,0,-1.2742110889717528
TST000911,1,1,22.59096881411623,1,0.11422642558790597,1,5.191082291267215
TST000912,0,0,9.154772894374076,0,-0.0700479873170628,0,-0.719323452828819
TST000913,0,0,8.259410653773998,0,-0.09189176558674222,0,-1.4360110181366945
TST000914,0,0,9.381312486822049,0,-0.07591888518874013,0,-1.7071035893067155
TST000915,0,0,6.215616502651074,0,-0.1316641842954705,0,-2.172737908121574
TST000916,0,0,5.72294723983681,0,-0.1550730208186119,0,-2.2971428153771107
TST000917,0,0,10.250152460719898,0,-0.033561783129541944,0,-1.3627514301907917
TST000918,0,0,9.88424643784918,0,-0.08928837086626878,0,-2.1064205360317274
TST000919,1,1,18.33245334960732,1,0.08140560290653687,1,5.191082291267215
TST000920,0,0,8.97934157036865,0,-0.09417707717421814,0,-0.6745519892355842
TST000921,0,0,6.331971830224672,0,-0.11846514055837648,0,-1.1915543021101342
TST000922,0,0,7.539630639057632,0,-0.11113268542346039,0,-1.3253656163812293
TST000923,0,0,8.296855126078626,0,-0.0686192170413682,0,-1.2737342532419325
TST000924,0,0,6.987439721213297,0,-0.12155083411719714,0,-2.0748783041279006
TST000925,0,0,6.976730456663461,0,-0.08169369484239392,0,-0.7907439538561283
TST000926,1,1,19.795548759343433,1,0.0986320685572808,1,5.191082291267215
TST000927,1,1,24.93741318125625,1,0.13191976991994936,1,5.191082291267215
TST000928,1,1,16.61885158475647,1,0.0484590668230781,1,5.191082291267215
TST000929,0,0,6.251012631289208,0,-0.15308831233498094,0,-2.7103859040248395
TST000930,0,0,8.611062639108999,0,-0.11494631919422371,0,-2.2832245595078993
TST000931,0,0,6.340582121600685,0,-0.1349969450970943,0,-1.9098142291403093
TST000932,0,0,7.004610707260146,0,-0.11745972416083583,0,-1.4127764190122374
TST000933,0,0,5.385083761341655,0,-0.16311574676466134,0,-2.967407933117328
TST000934,0,0,5.24718895611119,0,-0.15211898175749805,0,-2.739911560542714
TST000935,0,0,4.797554319984345,0,-0.1575945244285979,0,-2.2648841809964146
TST000936,0,0,6.463303248648747,0,-0.11340354027286043,0,-0.7005499840264893
TST000937,0,0,7.3459178920423325,0,-0.11591886575324684,0,-2.5797645881137656
TST000938,0,0,8.773168470886633,0,-0.08277999134086533,0,-1.4265725703038017
TST000939,0,0,10.020111258451035,0,-0.026476277040346163,0,-0.1206593481157805
TST000940,0,0,7.922634957467531,0,-0.09132367830992605,0,-1.554812463789248
TST000941,0,0,7.566220445298567,0,-0.08311340205810563,0,-1.494904027963985
TST000942,0,1,13.96499705641216,1,0.004508922879787769,0,-1.0626762553833018
TST000943,1,1,16.988456178043432,1,0.04725098769550917,1,5.191082291267215
TST000944,0,0,5.11591621857962,0,-0.14552791651198915,0,-1.2840570052226932
TST000945,0,0,6.246816243852237,0,-0.12981896162281858,0,-2.3228610332249584
TST000946,0,0,6.635241145553581,0,-0.1484221073233561,0,-2.1172959540312597
TST000947,0,0,8.052310288889325,0,-0.0752749302054142,0,-0.8820396635180376
TST000948,0,0,6.457729325309074,0,-0.14436874119328585,0,-2.8617225190042737
TST000949,0,0,6.986319498905107,0,-0.11420887140830438,0,-1.1846852202043534
TST000950,1,1,19.479623161700502,1,0.10229805575965167,1,5.191082291267215
TST000951,0,0,7.254261433212943,0,-0.07237038936333384,0,-0.24610089037419414
TST000952,0,0,8.035072975904589,0,-0.11309835110584837,0,-1.6106033930828723
TST000953,0,0,5.867122806365422,0,-0.1349539587304367,0,-1.031869880899987
TST000954,0,0,10.479654262656684,0,-0.05146795717749314,1,0.3353709319756799
TST000955,1,1,16.010522535304347,1,0.03243500061102833,1,5.191082291267215
TST000956,1,1,30.033392686471945,1,0.16900543060447926,1,5.191082291267215
TST000957,0,0,9.046206174883054,0,-0.07236361254927054,0,-0.578730782053138
TST000958,0,0,4.513854544127712,0,-0.1585559025977729,0,-2.195951211651244
TST000959,0,0,5.066903103542922,0,-0.16484542515690115,0,-2.8528109102275723
TST000960,0,0,6.4452110369986455,0,-0.12413933584119674,0,-1.5592224955327634
TST000961,1,1,18.41243947567112,1,0.06069014427946329,1,5.191082291267215
TST000962,0,0,10.076272250774025,0,-0.0430343009874784,0,-0.942829054464509
TST000963,0,0,4.663967853303068,0,-0.15630200232441888,0,-2.405876635372006
TST000964,0,0,8.341958175706424,0,-0.09420973998758059,0,-1.631101948877098
TST000965,0,0,8.852972255619122,0,-0.06157760703581833,0,-0.6480933604309973
TST000966,0,0,7.332070234242708,0,-0.12486060842561186,0,-1.989002548714331
TST000967,0,0,6.140805534394071,0,-0.13101580194326706,0,-1.3120319741098552
TST000968,0,0,8.556801308847435,0,-0.040613217337247653,1,0.2386732388460171
TST000969,0,0,6.21432360403623,0,-0.11215361479604735,0,-1.1374253490993755
TST000970,0,0,6.976152845526226,0,-0.11563337841967741,0,-1.7667854014311581
TST000971,1,1,15.065611916059234,1,0.026466033024229785,1,5.191082291267215
TST000972,0,0,7.953698699889284,0,-0.12799889696221878,0,-2.3365874602773937
TST000973,0,0,9.968397157387287,0,-0.06983642988760663,0,-2.0319890037834716
TST000974,0,0,9.803177255637303,0,-0.049900921530027786,0,-1.7249762458269027
TST000975,0,0,6.390902664928984,0,-0.12298627949162266,0,-1.0550100611533555
TST000976,0,0,7.161162052347619,0,-0.10856480446521971,0,-1.6213159041199416
TST000977,1,1,22.98504477603511,1,0.09689343081914414,1,5.191082291267215
TST000978,0,0,9.236875522997757,0,-0.04758681517086644,1,0.40293581068247786
TST000979,0,0,6.491276365100376,0,-0.13302939270761738,0,-1.3889509740549526
TST000980,0,0,7.333987816044759,0,-0.1332557099841713,0,-2.183879711633394
TST000981,0,0,8.09472483354731,0,-0.07954337157655411,0,-0.24905575022520843
TST000982,0,0,5.149485912813168,0,-0.15609237562858858,0,-1.7954411664159293
TST000983,0,0,4.6941252164451175,0,-0.15586544776389477,0,-1.6164895407610809
TST000984,0,0,8.497642640371295,0,-0.06115919024844091,0,-0.5743069793446711
TST000985,0,0,10.258439304573368,0,-0.028756624144939624,0,-0.8339638230925113
TST000986,0,0,5.97374953775428,0,-0.12863289947358014,0,-1.1811850680579115
TST000987,0,0,8.188813939040744,0,-0.10453954652189013,0,-1.4352026961020208
TST000988,0,0,4.844121955813526,0,-0.166941663576405,0,-2.8367525927632853
TST000989,0,0,8.03904559158365,0,-0.12162182394883864,0,-2.0949168489275642
TST000990,0,0,5.414390471995411,0,-0.15176669244330493,0,-2.171523504706232
TST000991,0,0,8.833622910388234,0,-0.09800226737605316,0,-1.868375087589702
TST000992,0,0,9.38837377303851,0,-0.08712742607689444,0,-1.4714343136063182
TST000993,1,1,23.54294610343364,1,0.13135336311672652,1,5.191082291267215
TST000994,0,0,7.209873846695755,0,-0.10544781539596798,0,-1.3950442848249
TST000995,0,0,8.782216796528438,0,-0.09837139422333496,0,-2.015133041864379
TST000996,1,1,14.803874278417885,1,0.020128481265002884,1,5.191082291267215
TST000997,0,0,8.904034602922481,0,-0.11409621767956918,0,-1.8898842489612893
TST000998,0,0,6.976408080962129,0,-0.13554736986939853,0,-2.629231298978076
TST000999,0,0,6.575531120448833,0,-0.1503589988115216,0,-2.815255322610086
TST001000,0,0,11.286530004875232,1,0.009175843441498244,1,1.0973100346938383
TST001001,0,0,12.311333081892881,1,0.008701792569519418,0,-0.47763126083487606
TST001002,0,0,6.5894254335251015,0,-0.14586083387409887,0,-2.5752478565073638
TST001003,0,0,8.587581536274985,0,-0.08104044749028189,0,-0.12467071121038842
TST001004,0,0,5.844522262946471,0,-0.14269537260246656,0,-1.5208352255007371
TST001005,0,0,5.476258808180739,0,-0.1417786584346984,0,-1.5605401325602388
TST001006,0,0,8.884879035525303,0,-0.11145885555416307,0,-1.7545293875106758
TST001007,1,1,21.894967740066463,1,0.08063757912517266,1,5.191082291267215
TST001008,0,0,6.0713954020980445,0,-0.1279209756468601,0,-1.4797649471926189
TST001009,0,0,8.948505376844889,0,-0.08432683387302892,0,-0.482764775572762
TST001010,0,0,10.503771066713249,0,-0.06232007875593898,0,-1.3310622301839796
TST001011,0,0,6.830931851148244,0,-0.1087339832601934,0,-0.5899295181977369
TST001012,0,1,14.59825289373235,1,0.040332842018439896,1,0.8183807271682797
TST001013,0,0,6.893877114842595,0,-0.08874787814122226,0,-0.7800669023809403
TST001014,0,0,6.968945872168829,0,-0.13687076498720963,0,-2.650882521179197
TST001015,0,0,11.55378562127786,1,0.008617891301721858,0,-0.3752493315786509
TST001016,0,0,7.6125243086019765,0,-0.09566434579239586,0,-1.3532724566808954
TST001017,0,0,5.480554216259767,0,-0.16001660424907077,0,-2.899349847633526
TST001018,0,1,16.57243494852377,1,0.05817064332597155,1,2.0558396740475047
TST001019,0,0,7.347363126042049,0,-0.11335310808100252,0,-2.046621881627156
TST001020,0,0,6.397795229019868,0,-0.14758885606052352,0,-1.716840136845474
TST001021,0,0,8.210165752242055,0,-0.07201577349068305,0,-0.7397587780012289
TST001022,0,0,5.690989110991817,0,-0.13413034709963279,0,-1.4555950444752055
TST001023,0,0,7.541208385025319,0,-0.08393103879505731,0,-0.593546608018884
TST001024,0,0,12.245419025214698,0,-0.025750528017493446,0,-1.2993895071441184
TST001025,1,1,21.76567429571961,1,0.1188871941991011,1,5.191082291267215
TST001026,0,0,5.157327431020896,0,-0.16407577942303403,0,-2.5781126366266154
TST001027,0,0,4.819787823590777,0,-0.15778494292435818,0,-1.8096018707828527
TST001028,0,1,12.688450161297833,0,-0.011970953928851502,0,-0.08533879679505496
TST001029,0,0,5.992243650050531,0,-0.12206021730163824,0,-1.1613410069523011
TST001030,0,0,7.767992681767538,0,-0.11995444152066226,0,-1.8487395093210637
TST001031,0,0,6.028221971099072,0,-0.14238684863120743,0,-1.3445030287949722
TST001032,1,1,17.629074772858907,1,0.07303210713489583,1,5.191082291267215
TST001033,1,1,20.55622557727596,1,0.08215682718080053,1,5.191082291267215
TST001034,0,0,9.384818668288215,0,-0.05369170775930937,0,-1.2695665637171807
TST001035,0,0,7.360809816554437,0,-0.13283639318264073,0,-2.2868752558084484
TST001036,0,0,5.914774183902517,0,-0.13047500683825153,0,-0.922364056588675
TST001037,0,1,17.916727004476666,1,0.10432371585593558,1,4.6655331438504
TST001038,1,1,28.418336153032946,1,0.15074430360400448,1,5.191082291267212
TST001039,0,0,5.069514626369654,0,-0.13714432727235126,0,-1.473265104501956
TST001040,0,0,9.056597280215767,0,-0.048355640630317887,0,-0.019838441849865163
TST001041,0,0,7.103932171458055,0,-0.12779706203201474,0,-2.541105692793236
TST001042,0,0,10.141414387705703,0,-0.07210551940050491,1,0.12002154940893384
TST001043,0,0,5.7411896335758845,0,-0.14144324286396937,0,-2.04040748170687
TST001044,0,0,8.637353345000356,0,-0.12143571057772329,0,-2.6482791059417785
TST001045,0,0,6.265920292175521,0,-0.12019801229512816,0,-0.757118909434336
TST001046,0,0,9.292073345906582,0,-0.09063703783573773,0,-1.505924606895011
TST001047,0,0,8.436905767578002,0,-0.07364006999496958,0,-1.712509729207044
TST001048,0,0,7.878893871329387,0,-0.06423626236317154,0,-0.5884695566339229
TST001049,0,0,6.8261944287073035,0,-0.12374972245855492,0,-1.5998141435537665
TST001050,0,0,8.786128335387987,0,-0.0805987651258131,0,-1.1405948609533736
TST001051,0,0,8.017607971471993,0,-0.10347447219505668,0,-1.2831755228233455
TST001052,0,0,6.437962172592369,0,-0.09158646742822757,0,-0.6454370429923966
TST001053,0,1,14.08058336201151,1,0.0014485328281762522,0,-0.10284038561531439
TST001054,1,1,28.575583458006545,1,0.152636767653344,1,5.191082291267215
TST001055,0,0,8.550494091151744,0,-0.11064421570122995,0,-2.247519237334876
TST001056,1,1,17.361971343885497,1,0.07627597646466144,1,5.191082291267215
TST001057,0,0,8.699401404302561,0,-0.11968523112146362,0,-2.564567279528271
TST001058,1,1,21.235358626195133,1,0.09338839196148718,1,5.191082291267215
TST001059,0,0,6.541144757360232,0,-0.11702006367397516,0,-1.5681601183744593
TST001060,0,0,6.462988583820865,0,-0.12296427094220902,0,-1.599686748576259
TST001061,0,0,7.062444516493231,0,-0.13699892854864965,0,-3.0803908792435086
TST001062,0,0,7.159461332960186,0,-0.10766046344879004,0,-0.701270771596139
TST001063,0,0,4.615881876532326,0,-0.16089999620080286,0,-2.2734322839122445
TST001064,0,0,8.60313144344417,0,-0.0844441181090646,0,-1.7794912866654995
TST001065,0,0,7.959286295140648,0,-0.11609557218799182,0,-1.4286432723393512
TST001066,0,0,7.83899228044585,0,-0.11509538224940846,0,-1.3820881388496078
TST001067,0,0,9.442993611374032,0,-0.02701593783861822,0,-0.9181463934053831
TST001068,1,1,19.78128553116813,1,0.10654569195336205,1,5.191082291267215
TST001069,0,0,6.219972741416342,0,-0.13127364872599379,0,-0.9509292911565259
TST001070,0,0,6.648796673673238,0,-0.1121784706127415,0,-1.6176068863622985
TST001071,0,0,7.525409161824684,0,-0.1313583271917167,0,-2.88137303282429
TST001072,0,0,5.808446757327214,0,-0.14975976964204457,0,-1.807976435144326
TST001073,0,0,9.366996109350753,0,-0.04091512654181262,0,-0.8254951709855458
TST001074,0,0,10.876333410003653,1,0.029733936957007656,1,1.7058453655089854
TST001075,0,0,6.175849265555157,0,-0.13788523519147022,0,-2.141049270848014
TST001076,0,0,7.60890107572117,0,-0.11072176508106563,0,-1.8619967198290723
TST001077,0,0,9.635829843210322,0,-0.05085005222569905,0,-1.088932184045854
TST001078,0,0,10.379800303703828,0,-0.03143256040455722,0,-0.8983189502404558
TST001079,1,1,28.46365709306034,1,0.15223471645061593,1,5.191082291267215
TST001080,0,0,6.333977392079035,0,-0.1117794098289181,0,-1.4680860940213556
