customer_id,Recency,Frequency,Monetary,FirstPurchase,LastPurchase,CustomerLifetime,AverageInvoiceValue,R_Score,F_Score,M_Score,RFM_Score,RFM_Total,Cluster,Segment
CU0001,224,8,3118.4700000000003,2025-01-05,2025-05-22,137,389.80875000000003,2,3,3,233,8,0,Risk_Altinda
CU0002,50,9,3421.9900000000002,2025-01-04,2025-11-12,312,380.22111111111116,5,3,4,534,12,4,Sadik_Musteriler
CU0003,43,16,11178.68,2025-01-05,2025-11-19,318,698.6675,5,5,5,555,15,1,Sampiyonlar
CU0004,342,3,477.24,2025-01-16,2025-01-24,8,159.08,1,1,1,111,3,3,Uykudaki_Musteriler
CU0005,62,17,10686.01,2025-01-29,2025-10-31,275,628.5888235294118,4,5,5,455,14,4,Sadik_Musteriler
CU0006,12,20,13446.54,2025-01-13,2025-12-20,341,672.327,5,5,5,555,15,1,Sampiyonlar
CU0007,67,10,3831.17,2025-02-19,2025-10-26,249,383.117,4,4,4,444,12,4,Sadik_Musteriler
CU0008,209,7,2651.77,2025-01-07,2025-06-06,150,378.82428571428574,2,3,3,233,8,0,Risk_Altinda
CU0009,58,15,9851.44,2025-01-02,2025-11-04,306,656.7626666666667,4,5,5,455,14,4,Sadik_Musteriler
CU0010,54,5,1424.11,2025-02-16,2025-11-08,265,284.822,4,2,3,423,9,2,Potansiyel_Musteriler
CU0011,312,2,351.34000000000003,2025-02-07,2025-02-23,16,175.67000000000002,1,1,1,111,3,3,Uykudaki_Musteriler
CU0012,311,2,615.53,2025-02-15,2025-02-24,9,307.765,1,1,2,112,4,3,Uykudaki_Musteriler
CU0013,68,4,1142.08,2025-01-15,2025-10-25,283,285.52,4,2,2,422,8,2,Potansiyel_Musteriler
CU0014,299,2,373.13,2025-02-27,2025-03-08,9,186.565,1,1,1,111,3,3,Uykudaki_Musteriler
CU0015,70,8,3142.77,2025-01-09,2025-10-23,287,392.84625,4,3,4,434,11,4,Sadik_Musteriler
CU0016,193,10,3587.26,2025-01-30,2025-06-22,143,358.726,2,4,4,244,10,0,Risk_Altinda
CU0017,230,8,2582.73,2025-01-09,2025-05-16,127,322.84125,2,3,3,233,8,0,Risk_Altinda
CU0018,129,5,1596.3400000000001,2025-02-20,2025-08-25,186,319.26800000000003,3,2,3,323,8,2,Potansiyel_Musteriler
CU0019,86,5,1478.62,2025-01-07,2025-10-07,273,295.724,4,2,3,423,9,2,Potansiyel_Musteriler
CU0020,233,10,3569.69,2025-01-14,2025-05-13,119,356.969,2,4,4,244,10,0,Risk_Altinda
CU0021,29,10,3454.89,2025-02-23,2025-12-03,283,345.489,5,4,4,544,13,4,Sadik_Musteriler
CU0022,53,3,867.77,2025-01-11,2025-11-09,302,289.25666666666666,4,1,2,412,7,2,Potansiyel_Musteriler
CU0023,129,2,680.51,2025-04-03,2025-08-25,144,340.255,3,1,2,312,6,2,Potansiyel_Musteriler
CU0024,81,4,1338.98,2025-04-10,2025-10-12,185,334.745,4,2,2,422,8,2,Potansiyel_Musteriler
CU0025,144,7,2625.19,2025-01-10,2025-08-10,212,375.02714285714285,3,3,3,333,9,0,Risk_Altinda
CU0026,304,3,481.52,2025-01-27,2025-03-03,35,160.50666666666666,1,1,1,111,3,3,Uykudaki_Musteriler
CU0027,343,3,454.39,2025-01-11,2025-01-23,12,151.46333333333334,1,1,1,111,3,3,Uykudaki_Musteriler
CU0028,176,8,2959.25,2025-03-17,2025-07-09,114,369.90625,2,3,3,233,8,0,Risk_Altinda
CU0029,76,5,1327.52,2025-02-27,2025-10-17,232,265.504,4,2,2,422,8,2,Potansiyel_Musteriler
CU0030,168,3,976.3399999999999,2025-02-01,2025-07-17,166,325.44666666666666,2,1,2,212,5,2,Potansiyel_Musteriler
CU0031,362,1,206.88,2025-01-04,2025-01-04,0,206.88,1,1,1,111,3,3,Uykudaki_Musteriler
CU0032,260,3,482.21,2025-03-25,2025-04-16,22,160.73666666666665,2,2,1,221,5,3,Uykudaki_Musteriler
CU0033,239,6,2067.4,2025-01-05,2025-05-07,122,344.56666666666666,2,3,3,233,8,0,Risk_Altinda
CU0034,46,5,1235.77,2025-01-04,2025-11-16,316,247.154,5,2,2,522,9,2,Potansiyel_Musteriler
CU0035,108,14,10074.3,2025-01-15,2025-09-15,243,719.592857142857,3,5,5,355,13,4,Sadik_Musteriler
CU0036,97,12,4962.14,2025-01-15,2025-09-26,254,413.5116666666667,3,4,5,345,12,4,Sadik_Musteriler
CU0037,121,5,1211.26,2025-01-21,2025-09-02,224,242.252,3,2,2,322,7,2,Potansiyel_Musteriler
CU0038,208,11,4225.96,2025-01-17,2025-06-07,141,384.1781818181818,2,4,4,244,10,0,Risk_Altinda
CU0039,77,8,3087.06,2025-01-20,2025-10-16,269,385.8825,4,3,3,433,10,4,Sadik_Musteriler
CU0040,23,17,11033.15,2025-01-09,2025-12-09,334,649.0088235294118,5,5,5,555,15,1,Sampiyonlar
CU0041,289,3,380.23,2025-02-27,2025-03-18,19,126.74333333333334,1,2,1,121,4,3,Uykudaki_Musteriler
CU0042,147,9,3227.31,2025-01-12,2025-08-07,207,358.59,3,4,4,344,11,0,Risk_Altinda
CU0043,131,7,2753.9500000000003,2025-04-08,2025-08-23,137,393.42142857142863,3,3,3,333,9,0,Risk_Altinda
CU0044,92,9,3316.42,2025-01-11,2025-10-01,263,368.49111111111114,4,4,4,444,12,4,Sadik_Musteriler
CU0045,60,10,3772.55,2025-01-05,2025-11-02,301,377.255,4,4,4,444,12,4,Sadik_Musteriler
CU0046,24,13,8766.37,2025-01-27,2025-12-08,315,674.3361538461539,5,5,5,555,15,1,Sampiyonlar
CU0047,268,3,439.84,2025-01-08,2025-04-08,90,146.61333333333332,1,2,1,121,4,3,Uykudaki_Musteriler
CU0048,115,9,3707.08,2025-01-15,2025-09-08,236,411.8977777777778,3,4,4,344,11,4,Sadik_Musteriler
CU0049,152,2,564.5500000000001,2025-02-18,2025-08-02,165,282.27500000000003,3,1,2,312,6,3,Uykudaki_Musteriler
CU0050,244,8,3015.44,2025-01-28,2025-05-02,94,376.93,2,3,3,233,8,0,Risk_Altinda
CU0051,217,8,2495.78,2025-01-30,2025-05-29,119,311.9725,2,3,3,233,8,0,Risk_Altinda
CU0052,297,11,3809.35,2025-01-11,2025-03-10,58,346.30454545454546,1,4,4,144,9,0,Risk_Altinda
CU0053,183,6,2117.87,2025-02-02,2025-07-02,150,352.9783333333333,2,3,3,233,8,0,Risk_Altinda
CU0054,117,7,2555.06,2025-02-04,2025-09-06,214,365.00857142857143,3,3,3,333,9,0,Risk_Altinda
CU0055,109,11,4025.94,2025-01-26,2025-09-14,231,365.99454545454546,3,4,4,344,11,4,Sadik_Musteriler
CU0056,325,2,304.65,2025-01-29,2025-02-10,12,152.325,1,1,1,111,3,3,Uykudaki_Musteriler
CU0057,107,11,4472.29,2025-01-16,2025-09-16,243,406.5718181818182,3,4,4,344,11,4,Sadik_Musteriler
CU0058,92,2,478.79999999999995,2025-08-08,2025-10-01,54,239.39999999999998,4,1,1,411,6,2,Potansiyel_Musteriler
CU0059,157,8,2962.05,2025-02-17,2025-07-28,161,370.25625,3,3,3,333,9,0,Risk_Altinda
CU0060,152,9,3388.75,2025-01-05,2025-08-02,209,376.52777777777777,3,4,4,344,11,0,Risk_Altinda
CU0061,126,13,4580.3,2025-01-18,2025-08-28,222,352.33076923076925,3,5,4,354,12,4,Sadik_Musteriler
CU0062,103,4,1148.68,2025-03-03,2025-09-20,201,287.17,3,2,2,322,7,2,Potansiyel_Musteriler
CU0063,112,10,3974.68,2025-01-21,2025-09-11,233,397.46799999999996,3,4,4,344,11,4,Sadik_Musteriler
CU0064,30,7,2991.0499999999997,2025-02-11,2025-12-02,294,427.2928571428571,5,3,3,533,11,4,Sadik_Musteriler
CU0065,224,10,3512.62,2025-01-08,2025-05-22,134,351.262,2,4,4,244,10,0,Risk_Altinda
CU0066,343,1,91.80000000000001,2025-01-23,2025-01-23,0,91.80000000000001,1,1,1,111,3,3,Uykudaki_Musteriler
CU0067,149,3,944.6600000000001,2025-03-20,2025-08-05,138,314.8866666666667,3,2,2,322,7,2,Potansiyel_Musteriler
CU0068,177,7,2143.42,2025-01-17,2025-07-08,172,306.20285714285717,2,3,3,233,8,0,Risk_Altinda
CU0069,198,6,1991.81,2025-04-22,2025-06-17,56,331.9683333333333,2,3,3,233,8,0,Risk_Altinda
CU0070,68,11,4602.17,2025-01-06,2025-10-25,292,418.3790909090909,4,4,5,445,13,4,Sadik_Musteriler
CU0071,184,8,2840.82,2025-01-09,2025-07-01,173,355.1025,2,3,3,233,8,0,Risk_Altinda
CU0072,170,4,1082.49,2025-03-14,2025-07-15,123,270.6225,2,2,2,222,6,2,Potansiyel_Musteriler
CU0073,120,9,3392.42,2025-02-26,2025-09-03,189,376.93555555555554,3,4,4,344,11,0,Risk_Altinda
CU0074,108,3,785.04,2025-02-19,2025-09-15,208,261.68,3,2,2,322,7,2,Potansiyel_Musteriler
CU0075,38,13,5131.39,2025-03-13,2025-11-24,256,394.7223076923077,5,5,5,555,15,4,Sadik_Musteriler
CU0076,328,1,190.05,2025-02-07,2025-02-07,0,190.05,1,1,1,111,3,3,Uykudaki_Musteriler
CU0077,129,13,4846.88,2025-01-18,2025-08-25,219,372.8369230769231,3,5,5,355,13,4,Sadik_Musteriler
CU0078,363,1,201.44,2025-01-03,2025-01-03,0,201.44,1,1,1,111,3,3,Uykudaki_Musteriler
CU0079,227,6,1973.9,2025-01-09,2025-05-19,130,328.98333333333335,2,3,3,233,8,0,Risk_Altinda
CU0080,128,6,2251.92,2025-01-04,2025-08-26,234,375.32,3,3,3,333,9,0,Risk_Altinda
CU0081,48,10,3817.65,2025-04-21,2025-11-14,207,381.765,5,4,4,544,13,4,Sadik_Musteriler
CU0082,357,1,96.00999999999999,2025-01-09,2025-01-09,0,96.00999999999999,1,1,1,111,3,3,Uykudaki_Musteriler
CU0083,79,13,5262.84,2025-01-31,2025-10-14,256,404.83384615384614,4,5,5,455,14,4,Sadik_Musteriler
CU0084,92,11,4066.4900000000002,2025-01-13,2025-10-01,261,369.6809090909091,4,4,4,444,12,4,Sadik_Musteriler
CU0085,100,3,926.48,2025-01-12,2025-09-23,254,308.82666666666665,3,2,2,322,7,2,Potansiyel_Musteriler
CU0086,82,13,5019.0,2025-01-02,2025-10-11,282,386.0769230769231,4,5,5,455,14,4,Sadik_Musteriler
CU0087,207,10,3549.02,2025-01-16,2025-06-08,143,354.902,2,4,4,244,10,0,Risk_Altinda
CU0088,245,11,3901.0499999999997,2025-01-09,2025-05-01,112,354.6409090909091,2,4,4,244,10,0,Risk_Altinda
CU0089,108,3,746.7900000000001,2025-07-03,2025-09-15,74,248.93000000000004,3,2,2,322,7,2,Potansiyel_Musteriler
CU0090,54,10,3977.71,2025-01-05,2025-11-08,307,397.771,4,4,4,444,12,4,Sadik_Musteriler
CU0091,86,2,521.23,2025-10-02,2025-10-07,5,260.615,4,1,1,411,6,2,Potansiyel_Musteriler
CU0092,25,3,692.73,2025-04-24,2025-12-07,227,230.91,5,2,2,522,9,2,Potansiyel_Musteriler
CU0093,109,10,4340.79,2025-01-20,2025-09-14,237,434.079,3,4,4,344,11,4,Sadik_Musteriler
CU0094,62,13,4675.3,2025-01-07,2025-10-31,297,359.63846153846157,4,5,5,455,14,4,Sadik_Musteriler
CU0095,93,4,1057.38,2025-02-06,2025-09-30,236,264.345,4,2,2,422,8,2,Potansiyel_Musteriler
CU0096,94,9,3799.48,2025-01-07,2025-09-29,265,422.1644444444444,3,4,4,344,11,4,Sadik_Musteriler
CU0097,243,1,176.24,2025-05-03,2025-05-03,0,176.24,2,1,1,211,4,3,Uykudaki_Musteriler
CU0098,59,16,11154.53,2025-01-10,2025-11-03,297,697.158125,4,5,5,455,14,4,Sadik_Musteriler
CU0099,124,2,445.15000000000003,2025-01-11,2025-08-30,231,222.57500000000002,3,1,1,311,5,2,Potansiyel_Musteriler
CU0100,361,2,280.72,2025-01-05,2025-01-05,0,140.36,1,1,1,111,3,3,Uykudaki_Musteriler
CU0101,232,5,1263.09,2025-02-11,2025-05-14,92,252.618,2,2,2,222,6,0,Risk_Altinda
CU0102,15,21,13664.77,2025-01-30,2025-12-17,321,650.7033333333334,5,5,5,555,15,1,Sampiyonlar
CU0103,154,10,3661.47,2025-01-16,2025-07-31,196,366.147,3,4,4,344,11,0,Risk_Altinda
CU0104,136,7,2672.5,2025-04-05,2025-08-18,135,381.7857142857143,3,3,3,333,9,0,Risk_Altinda
CU0105,196,9,3013.02,2025-01-05,2025-06-19,165,334.78,2,4,3,243,9,0,Risk_Altinda
CU0106,77,4,1075.95,2025-02-04,2025-10-16,254,268.9875,4,2,2,422,8,2,Potansiyel_Musteriler
CU0107,221,8,3048.73,2025-01-16,2025-05-25,129,381.09125,2,3,3,233,8,0,Risk_Altinda
CU0108,364,1,121.46000000000001,2025-01-02,2025-01-02,0,121.46000000000001,1,1,1,111,3,3,Uykudaki_Musteriler
CU0109,267,2,344.5,2025-01-17,2025-04-09,82,172.25,1,1,1,111,3,3,Uykudaki_Musteriler
CU0110,323,2,330.62,2025-01-31,2025-02-12,12,165.31,1,1,1,111,3,3,Uykudaki_Musteriler
CU0111,138,4,1264.25,2025-02-21,2025-08-16,176,316.0625,3,2,2,322,7,2,Potansiyel_Musteriler
CU0112,119,4,1120.0900000000001,2025-01-23,2025-09-04,224,280.02250000000004,3,2,2,322,7,2,Potansiyel_Musteriler
CU0113,40,14,8526.27,2025-01-13,2025-11-22,313,609.0192857142857,5,5,5,555,15,1,Sampiyonlar
CU0114,201,2,721.37,2025-04-10,2025-06-14,65,360.685,2,1,2,212,5,3,Uykudaki_Musteriler
CU0115,287,3,679.78,2025-01-14,2025-03-20,65,226.59333333333333,1,2,2,122,5,3,Uykudaki_Musteriler
CU0116,30,2,659.05,2025-09-06,2025-12-02,87,329.525,5,1,2,512,8,2,Potansiyel_Musteriler
CU0117,91,3,739.4,2025-05-11,2025-10-02,144,246.46666666666667,4,2,2,422,8,2,Potansiyel_Musteriler
CU0118,47,13,4753.89,2025-03-03,2025-11-15,257,365.68384615384616,5,5,5,555,15,4,Sadik_Musteriler
CU0119,249,3,452.85,2025-01-11,2025-04-27,106,150.95000000000002,2,2,1,221,5,3,Uykudaki_Musteriler
CU0120,94,9,3029.7200000000003,2025-01-03,2025-09-29,269,336.6355555555556,3,4,3,343,10,4,Sadik_Musteriler
CU0121,132,6,1686.35,2025-02-21,2025-08-22,182,281.05833333333334,3,3,3,333,9,0,Risk_Altinda
CU0122,259,11,3807.3,2025-01-03,2025-04-17,104,346.1181818181818,2,4,4,244,10,0,Risk_Altinda
CU0123,153,2,525.1899999999999,2025-06-04,2025-08-01,58,262.59499999999997,3,1,2,312,6,3,Uykudaki_Musteriler
CU0124,171,11,4112.69,2025-01-29,2025-07-14,166,373.88090909090903,2,4,4,244,10,0,Risk_Altinda
CU0125,67,4,1135.93,2025-01-29,2025-10-26,270,283.9825,4,2,2,422,8,2,Potansiyel_Musteriler
CU0126,84,3,794.8399999999999,2025-08-04,2025-10-09,66,264.94666666666666,4,2,2,422,8,2,Potansiyel_Musteriler
CU0127,57,9,3840.17,2025-01-11,2025-11-05,298,426.68555555555554,4,4,4,444,12,4,Sadik_Musteriler
CU0128,178,8,2547.46,2025-01-26,2025-07-07,162,318.4325,2,3,3,233,8,0,Risk_Altinda
CU0129,6,16,9992.06,2025-01-05,2025-12-26,355,624.50375,5,5,5,555,15,1,Sampiyonlar
CU0130,35,3,846.7,2025-03-26,2025-11-27,246,282.23333333333335,5,2,2,522,9,2,Potansiyel_Musteriler
CU0131,319,2,379.02,2025-01-18,2025-02-16,29,189.51,1,1,1,111,3,3,Uykudaki_Musteriler
CU0132,73,12,5113.53,2025-04-18,2025-10-20,185,426.1275,4,4,5,445,13,4,Sadik_Musteriler
CU0133,43,15,10288.54,2025-01-11,2025-11-19,312,685.9026666666667,5,5,5,555,15,1,Sampiyonlar
CU0134,47,13,8280.2,2025-02-02,2025-11-15,286,636.9384615384616,5,5,5,555,15,4,Sadik_Musteriler
CU0135,66,10,3708.0,2025-02-20,2025-10-27,249,370.8,4,4,4,444,12,4,Sadik_Musteriler
CU0136,87,10,3990.12,2025-01-15,2025-10-06,264,399.012,4,4,4,444,12,4,Sadik_Musteriler
CU0137,54,4,1016.66,2025-04-03,2025-11-08,219,254.165,4,2,2,422,8,2,Potansiyel_Musteriler
CU0138,276,2,224.6,2025-02-14,2025-03-31,45,112.3,1,1,1,111,3,3,Uykudaki_Musteriler
CU0139,203,7,2562.99,2025-01-07,2025-06-12,156,366.14142857142855,2,3,3,233,8,0,Risk_Altinda
CU0140,313,2,246.22,2025-02-18,2025-02-22,4,123.11,1,1,1,111,3,3,Uykudaki_Musteriler
CU0141,76,14,9187.74,2025-01-02,2025-10-17,288,656.2671428571429,4,5,5,455,14,4,Sadik_Musteriler
CU0142,293,3,589.01,2025-01-20,2025-03-14,53,196.33666666666667,1,2,2,122,5,3,Uykudaki_Musteriler
CU0143,23,18,12085.869999999999,2025-02-02,2025-12-09,310,671.4372222222222,5,5,5,555,15,1,Sampiyonlar
CU0144,87,5,1353.94,2025-05-12,2025-10-06,147,270.788,4,2,2,422,8,2,Potansiyel_Musteriler
CU0145,238,11,4019.1800000000003,2025-01-31,2025-05-08,97,365.38000000000005,2,4,4,244,10,0,Risk_Altinda
CU0146,247,8,3086.91,2025-01-24,2025-04-29,95,385.86375,2,3,3,233,8,0,Risk_Altinda
CU0147,79,11,3996.6200000000003,2025-01-27,2025-10-14,260,363.32909090909095,4,4,4,444,12,4,Sadik_Musteriler
CU0148,103,2,470.52,2025-04-02,2025-09-20,171,235.26,3,1,1,311,5,2,Potansiyel_Musteriler
CU0149,36,12,8275.25,2025-01-02,2025-11-26,328,689.6041666666666,5,4,5,545,14,1,Sampiyonlar
CU0150,262,9,2919.98,2025-01-20,2025-04-14,84,324.4422222222222,1,4,3,143,8,0,Risk_Altinda
CU0151,169,11,3786.37,2025-01-28,2025-07-16,169,344.2154545454545,2,4,4,244,10,0,Risk_Altinda
CU0152,76,14,8942.67,2025-01-18,2025-10-17,272,638.7621428571429,4,5,5,455,14,4,Sadik_Musteriler
CU0153,145,6,1975.3899999999999,2025-01-13,2025-08-09,208,329.2316666666666,3,3,3,333,9,0,Risk_Altinda
CU0154,289,6,1966.92,2025-01-19,2025-03-18,58,327.82,1,3,3,133,7,0,Risk_Altinda
CU0155,55,2,381.54,2025-05-04,2025-11-07,187,190.77,4,1,1,411,6,2,Potansiyel_Musteriler
CU0156,37,7,2778.22,2025-02-02,2025-11-25,296,396.8885714285714,5,3,3,533,11,4,Sadik_Musteriler
CU0157,262,11,3565.69,2025-01-16,2025-04-14,88,324.1536363636364,1,4,4,144,9,0,Risk_Altinda
CU0158,46,3,797.4,2025-03-10,2025-11-16,251,265.8,5,2,2,522,9,2,Potansiyel_Musteriler
CU0159,268,6,1823.7,2025-01-17,2025-04-08,81,303.95,1,3,3,133,7,0,Risk_Altinda
CU0160,230,4,1054.35,2025-01-26,2025-05-16,110,263.5875,2,2,2,222,6,0,Risk_Altinda
CU0161,51,11,4300.08,2025-02-18,2025-11-11,266,390.91636363636366,5,4,4,544,13,4,Sadik_Musteriler
CU0162,104,4,1113.5,2025-02-27,2025-09-19,204,278.375,3,2,2,322,7,2,Potansiyel_Musteriler
CU0163,8,20,12498.98,2025-03-17,2025-12-24,282,624.949,5,5,5,555,15,1,Sampiyonlar
CU0164,308,3,523.59,2025-01-18,2025-02-27,40,174.53,1,2,1,121,4,3,Uykudaki_Musteriler
CU0165,264,3,434.59000000000003,2025-01-06,2025-04-12,96,144.86333333333334,1,2,1,121,4,3,Uykudaki_Musteriler
CU0166,21,5,1228.87,2025-03-21,2025-12-11,265,245.77399999999997,5,2,2,522,9,2,Potansiyel_Musteriler
CU0167,74,13,5227.59,2025-01-18,2025-10-19,274,402.1223076923077,4,5,5,455,14,4,Sadik_Musteriler
CU0168,161,4,1151.27,2025-01-19,2025-07-24,186,287.8175,3,2,2,322,7,2,Potansiyel_Musteriler
CU0169,82,4,1336.97,2025-02-04,2025-10-11,249,334.2425,4,2,2,422,8,2,Potansiyel_Musteriler
CU0170,76,7,2756.13,2025-01-31,2025-10-17,259,393.73285714285714,4,3,3,433,10,4,Sadik_Musteriler
CU0171,131,8,2595.59,2025-01-20,2025-08-23,215,324.44875,3,3,3,333,9,0,Risk_Altinda
CU0172,40,19,12675.22,2025-01-11,2025-11-22,315,667.1168421052631,5,5,5,555,15,1,Sampiyonlar
CU0173,291,2,323.66999999999996,2025-03-06,2025-03-16,10,161.83499999999998,1,1,1,111,3,3,Uykudaki_Musteriler
CU0174,281,2,649.11,2025-01-22,2025-03-26,63,324.555,1,1,2,112,4,3,Uykudaki_Musteriler
CU0175,213,3,887.76,2025-02-02,2025-06-02,120,295.92,2,2,2,222,6,2,Potansiyel_Musteriler
CU0176,21,12,8073.04,2025-01-09,2025-12-11,336,672.7533333333333,5,4,5,545,14,1,Sampiyonlar
CU0177,214,8,2677.33,2025-01-05,2025-06-01,147,334.66625,2,3,3,233,8,0,Risk_Altinda
CU0178,65,11,4157.94,2025-01-06,2025-10-28,295,377.9945454545454,4,4,4,444,12,4,Sadik_Musteriler
CU0179,37,15,9936.86,2025-03-05,2025-11-25,265,662.4573333333334,5,5,5,555,15,1,Sampiyonlar
CU0180,341,3,474.09,2025-01-16,2025-01-25,9,158.03,1,2,1,121,4,3,Uykudaki_Musteriler
CU0181,45,3,664.6,2025-08-25,2025-11-17,84,221.53333333333333,5,2,2,522,9,2,Potansiyel_Musteriler
CU0182,241,11,3706.07,2025-01-13,2025-05-05,112,336.91545454545457,2,4,4,244,10,0,Risk_Altinda
CU0183,39,11,4516.76,2025-01-20,2025-11-23,307,410.61454545454546,5,4,4,544,13,4,Sadik_Musteriler
CU0184,24,19,12220.65,2025-01-28,2025-12-08,314,643.1921052631578,5,5,5,555,15,1,Sampiyonlar
CU0185,64,9,3321.41,2025-03-27,2025-10-29,216,369.04555555555555,4,4,4,444,12,4,Sadik_Musteriler
CU0186,284,1,163.95,2025-03-23,2025-03-23,0,163.95,1,1,1,111,3,3,Uykudaki_Musteriler
CU0187,223,6,1952.3600000000001,2025-02-14,2025-05-23,98,325.3933333333334,2,3,3,233,8,0,Risk_Altinda
CU0188,39,9,2937.67,2025-01-18,2025-11-23,309,326.40777777777777,5,4,3,543,12,4,Sadik_Musteriler
CU0189,144,3,924.11,2025-05-16,2025-08-10,86,308.0366666666667,3,2,2,322,7,2,Potansiyel_Musteriler
CU0190,23,9,3667.2999999999997,2025-02-16,2025-12-09,296,407.47777777777776,5,4,4,544,13,1,Sampiyonlar
CU0191,324,3,574.27,2025-01-10,2025-02-11,32,191.42333333333332,1,2,2,122,5,3,Uykudaki_Musteriler
CU0192,74,5,1312.47,2025-05-14,2025-10-19,158,262.494,4,2,2,422,8,2,Potansiyel_Musteriler
CU0193,269,1,227.21,2025-04-07,2025-04-07,0,227.21,1,1,1,111,3,3,Uykudaki_Musteriler
CU0194,147,3,743.28,2025-02-24,2025-08-07,164,247.76,3,2,2,322,7,2,Potansiyel_Musteriler
CU0195,354,1,97.82,2025-01-12,2025-01-12,0,97.82,1,1,1,111,3,3,Uykudaki_Musteriler
CU0196,225,8,2968.99,2025-01-09,2025-05-21,132,371.12375,2,3,3,233,8,0,Risk_Altinda
CU0197,301,3,533.11,2025-01-05,2025-03-06,60,177.70333333333335,1,2,2,122,5,3,Uykudaki_Musteriler
CU0198,164,2,573.29,2025-06-07,2025-07-21,44,286.645,3,1,2,312,6,3,Uykudaki_Musteriler
CU0199,246,9,3174.22,2025-01-17,2025-04-30,103,352.69111111111107,2,4,4,244,10,0,Risk_Altinda
CU0200,31,19,12657.46,2025-01-21,2025-12-01,314,666.1821052631578,5,5,5,555,15,1,Sampiyonlar
CU0201,26,12,4839.55,2025-02-12,2025-12-06,297,403.29583333333335,5,4,5,545,14,1,Sampiyonlar
CU0202,243,6,2216.27,2025-01-03,2025-05-03,120,369.37833333333333,2,3,3,233,8,0,Risk_Altinda
CU0203,116,13,5253.55,2025-01-05,2025-09-07,245,404.1192307692308,3,5,5,355,13,4,Sadik_Musteriler
CU0204,247,4,1051.74,2025-01-17,2025-04-29,102,262.935,2,2,2,222,6,0,Risk_Altinda
CU0205,338,3,503.4200000000001,2025-01-11,2025-01-28,17,167.8066666666667,1,2,1,121,4,3,Uykudaki_Musteriler
CU0206,96,4,1007.27,2025-02-02,2025-09-27,237,251.8175,3,2,2,322,7,2,Potansiyel_Musteriler
CU0207,257,3,665.6,2025-02-02,2025-04-19,76,221.86666666666667,2,2,2,222,6,3,Uykudaki_Musteriler
CU0208,103,13,4681.73,2025-01-28,2025-09-20,235,360.1330769230769,3,5,5,355,13,4,Sadik_Musteriler
CU0209,129,8,3261.37,2025-01-09,2025-08-25,228,407.67125,3,3,4,334,10,0,Risk_Altinda
CU0210,24,18,11847.06,2025-02-10,2025-12-08,301,658.17,5,5,5,555,15,1,Sampiyonlar
CU0211,45,9,3341.61,2025-03-01,2025-11-17,261,371.29,5,4,4,544,13,4,Sadik_Musteriler
CU0212,41,8,2927.59,2025-01-20,2025-11-21,305,365.94875,5,3,3,533,11,4,Sadik_Musteriler
CU0213,166,7,2568.3399999999997,2025-02-09,2025-07-19,160,366.9057142857142,2,3,3,233,8,0,Risk_Altinda
CU0214,20,20,12282.87,2025-02-02,2025-12-12,313,614.1435,5,5,5,555,15,1,Sampiyonlar
CU0215,68,3,858.16,2025-02-19,2025-10-25,248,286.05333333333334,4,2,2,422,8,2,Potansiyel_Musteriler
CU0216,55,11,4179.11,2025-03-25,2025-11-07,227,379.91909090909087,4,4,4,444,12,4,Sadik_Musteriler
CU0217,327,1,209.3,2025-02-08,2025-02-08,0,209.3,1,1,1,111,3,3,Uykudaki_Musteriler
CU0218,59,7,2883.33,2025-02-06,2025-11-03,270,411.9042857142857,4,3,3,433,10,4,Sadik_Musteriler
CU0219,105,11,4181.44,2025-01-23,2025-09-18,238,380.13090909090903,3,4,4,344,11,4,Sadik_Musteriler
CU0220,110,9,3664.81,2025-02-16,2025-09-13,209,407.2011111111111,3,4,4,344,11,4,Sadik_Musteriler
CU0221,67,5,1514.6,2025-02-04,2025-10-26,264,302.91999999999996,4,2,3,423,9,2,Potansiyel_Musteriler
CU0222,250,9,3063.63,2025-02-17,2025-04-26,68,340.40333333333336,2,4,3,243,9,0,Risk_Altinda
CU0223,9,15,9327.84,2025-01-08,2025-12-23,349,621.856,5,5,5,555,15,1,Sampiyonlar
CU0224,258,11,3819.44,2025-01-03,2025-04-18,105,347.2218181818182,2,4,4,244,10,0,Risk_Altinda
CU0225,93,11,4487.0,2025-01-02,2025-09-30,271,407.90909090909093,4,4,4,444,12,4,Sadik_Musteriler
CU0226,124,2,423.87,2025-02-03,2025-08-30,208,211.935,3,1,1,311,5,2,Potansiyel_Musteriler
CU0227,201,10,3578.04,2025-02-11,2025-06-14,123,357.804,2,4,4,244,10,0,Risk_Altinda
CU0228,116,5,1479.77,2025-01-15,2025-09-07,235,295.954,3,2,3,323,8,2,Potansiyel_Musteriler
CU0229,62,13,4482.53,2025-01-14,2025-10-31,290,344.81,4,5,4,454,13,4,Sadik_Musteriler
CU0230,66,8,3309.33,2025-03-24,2025-10-27,217,413.66625,4,3,4,434,11,4,Sadik_Musteriler
CU0231,342,2,332.24,2025-01-21,2025-01-24,3,166.12,1,1,1,111,3,3,Uykudaki_Musteriler
CU0232,135,4,1021.88,2025-05-08,2025-08-19,103,255.47,3,2,2,322,7,2,Potansiyel_Musteriler
CU0233,35,8,3258.42,2025-03-02,2025-11-27,270,407.3025,5,3,4,534,12,4,Sadik_Musteriler
CU0234,341,2,450.52,2025-01-23,2025-01-25,2,225.26,1,1,1,111,3,3,Uykudaki_Musteriler
CU0235,204,6,2194.16,2025-01-25,2025-06-11,137,365.6933333333333,2,3,3,233,8,0,Risk_Altinda
CU0236,222,11,3725.85,2025-01-11,2025-05-24,133,338.71363636363634,2,4,4,244,10,0,Risk_Altinda
CU0237,200,6,1866.65,2025-01-20,2025-06-15,146,311.10833333333335,2,3,3,233,8,0,Risk_Altinda
CU0238,92,11,4152.11,2025-01-12,2025-10-01,262,377.46454545454543,4,4,4,444,12,4,Sadik_Musteriler
CU0239,303,2,335.86,2025-01-18,2025-03-04,45,167.93,1,1,1,111,3,3,Uykudaki_Musteriler
CU0240,349,1,108.30000000000001,2025-01-17,2025-01-17,0,108.30000000000001,1,1,1,111,3,3,Uykudaki_Musteriler
CU0241,84,2,494.75,2025-02-07,2025-10-09,244,247.375,4,1,1,411,6,2,Potansiyel_Musteriler
CU0242,53,18,12002.38,2025-01-05,2025-11-09,308,666.7988888888889,4,5,5,455,14,1,Sampiyonlar
CU0243,323,1,112.93,2025-02-12,2025-02-12,0,112.93,1,1,1,111,3,3,Uykudaki_Musteriler
CU0244,45,11,4524.22,2025-01-04,2025-11-17,317,411.2927272727273,5,4,4,544,13,4,Sadik_Musteriler
CU0245,38,18,10913.73,2025-01-04,2025-11-24,324,606.3183333333333,5,5,5,555,15,1,Sampiyonlar
CU0246,56,2,644.42,2025-04-05,2025-11-06,215,322.21,4,1,2,412,7,2,Potansiyel_Musteriler
CU0247,45,8,3175.23,2025-04-23,2025-11-17,208,396.90375,5,3,4,534,12,4,Sadik_Musteriler
CU0248,121,4,988.24,2025-04-13,2025-09-02,142,247.06,3,2,2,322,7,2,Potansiyel_Musteriler
CU0249,235,10,3399.32,2025-01-07,2025-05-11,124,339.932,2,4,4,244,10,0,Risk_Altinda
CU0250,183,8,2896.38,2025-01-03,2025-07-02,180,362.0475,2,3,3,233,8,0,Risk_Altinda
CU0251,301,1,198.24,2025-03-06,2025-03-06,0,198.24,1,1,1,111,3,3,Uykudaki_Musteriler
CU0252,62,12,4388.66,2025-01-02,2025-10-31,302,365.72166666666664,4,4,4,444,12,4,Sadik_Musteriler
CU0253,306,3,498.21,2025-01-15,2025-03-01,45,166.07,1,2,1,121,4,3,Uykudaki_Musteriler
CU0254,208,8,2922.52,2025-01-20,2025-06-07,138,365.315,2,3,3,233,8,0,Risk_Altinda
CU0255,21,19,12593.83,2025-01-03,2025-12-11,342,662.8331578947368,5,5,5,555,15,1,Sampiyonlar
CU0256,85,21,13765.64,2025-01-10,2025-10-08,271,655.5066666666667,4,5,5,455,14,4,Sadik_Musteriler
CU0257,302,2,234.23,2025-01-04,2025-03-05,60,117.115,1,1,1,111,3,3,Uykudaki_Musteriler
CU0258,354,1,123.72,2025-01-12,2025-01-12,0,123.72,1,1,1,111,3,3,Uykudaki_Musteriler
CU0259,60,11,4041.0299999999997,2025-01-16,2025-11-02,290,367.3663636363636,4,4,4,444,12,4,Sadik_Musteriler
CU0260,27,14,9886.13,2025-01-08,2025-12-05,331,706.1521428571428,5,5,5,555,15,1,Sampiyonlar
CU0261,74,18,11534.46,2025-01-04,2025-10-19,288,640.8033333333333,4,5,5,455,14,4,Sadik_Musteriler
CU0262,245,3,730.4300000000001,2025-03-31,2025-05-01,31,243.4766666666667,2,2,2,222,6,3,Uykudaki_Musteriler
CU0263,93,7,2900.79,2025-05-17,2025-09-30,136,414.3985714285714,3,3,3,333,9,4,Sadik_Musteriler
CU0264,80,12,4673.86,2025-01-13,2025-10-13,273,389.4883333333333,4,4,5,445,13,4,Sadik_Musteriler
CU0265,25,15,10121.69,2025-01-09,2025-12-07,332,674.7793333333334,5,5,5,555,15,1,Sampiyonlar
CU0266,75,12,4928.26,2025-02-21,2025-10-18,239,410.68833333333333,4,5,5,455,14,4,Sadik_Musteriler
CU0267,21,12,8094.61,2025-01-22,2025-12-11,323,674.5508333333333,5,5,5,555,15,1,Sampiyonlar
CU0268,55,12,5085.57,2025-02-07,2025-11-07,273,423.79749999999996,4,5,5,455,14,4,Sadik_Musteriler
CU0269,65,15,10537.76,2025-01-18,2025-10-28,283,702.5173333333333,4,5,5,455,14,4,Sadik_Musteriler
CU0270,356,1,90.46000000000001,2025-01-10,2025-01-10,0,90.46000000000001,1,1,1,111,3,3,Uykudaki_Musteriler
CU0271,228,8,2864.9,2025-01-28,2025-05-18,110,358.1125,2,3,3,233,8,0,Risk_Altinda
CU0272,237,7,2440.53,2025-01-28,2025-05-09,101,348.6471428571429,2,3,3,233,8,0,Risk_Altinda
CU0273,261,9,2986.98,2025-01-02,2025-04-15,103,331.88666666666666,1,4,3,143,8,0,Risk_Altinda
CU0274,31,21,13380.710000000001,2025-01-14,2025-12-01,321,637.1766666666667,5,5,5,555,15,1,Sampiyonlar
CU0275,120,5,1382.44,2025-05-30,2025-09-03,96,276.488,3,2,2,322,7,2,Potansiyel_Musteriler
CU0276,279,1,140.67000000000002,2025-03-28,2025-03-28,0,140.67000000000002,1,1,1,111,3,3,Uykudaki_Musteriler
CU0277,164,10,3684.89,2025-01-12,2025-07-21,190,368.489,3,4,4,344,11,0,Risk_Altinda
CU0278,357,1,171.85999999999999,2025-01-09,2025-01-09,0,171.85999999999999,1,1,1,111,3,3,Uykudaki_Musteriler
CU0279,4,20,13894.1,2025-03-16,2025-12-28,287,694.705,5,5,5,555,15,1,Sampiyonlar
CU0280,69,11,4196.54,2025-01-13,2025-10-24,284,381.50363636363636,4,4,4,444,12,4,Sadik_Musteriler
CU0281,23,13,8747.66,2025-01-08,2025-12-09,335,672.896923076923,5,5,5,555,15,1,Sampiyonlar
CU0282,67,8,2953.01,2025-05-02,2025-10-26,177,369.12625,4,3,3,433,10,4,Sadik_Musteriler
CU0283,39,14,8762.54,2025-03-24,2025-11-23,244,625.8957142857143,5,5,5,555,15,1,Sampiyonlar
CU0284,69,3,925.9200000000001,2025-02-05,2025-10-24,261,308.64000000000004,4,2,2,422,8,2,Potansiyel_Musteriler
CU0285,42,16,11030.52,2025-01-10,2025-11-20,314,689.4075,5,5,5,555,15,1,Sampiyonlar
CU0286,97,4,1019.51,2025-05-17,2025-09-26,132,254.8775,3,2,2,322,7,2,Potansiyel_Musteriler
CU0287,114,3,849.3,2025-01-06,2025-09-09,246,283.09999999999997,3,2,2,322,7,2,Potansiyel_Musteriler
CU0288,69,5,1270.14,2025-02-01,2025-10-24,265,254.02800000000002,4,2,2,422,8,2,Potansiyel_Musteriler
CU0289,40,4,1012.01,2025-06-20,2025-11-22,155,253.0025,5,2,2,522,9,2,Potansiyel_Musteriler
CU0290,47,10,4389.99,2025-05-06,2025-11-15,193,438.99899999999997,5,4,4,544,13,4,Sadik_Musteriler
CU0291,364,1,169.28,2025-01-02,2025-01-02,0,169.28,1,1,1,111,3,3,Uykudaki_Musteriler
CU0292,233,11,4029.2000000000003,2025-02-26,2025-05-13,76,366.2909090909091,2,4,4,244,10,0,Risk_Altinda
CU0293,56,14,9419.91,2025-01-05,2025-11-06,305,672.8507142857143,4,5,5,455,14,4,Sadik_Musteriler
CU0294,342,1,239.89,2025-01-24,2025-01-24,0,239.89,1,1,1,111,3,3,Uykudaki_Musteriler
CU0295,141,3,906.44,2025-01-05,2025-08-13,220,302.1466666666667,3,2,2,322,7,2,Potansiyel_Musteriler
CU0296,30,18,11150.59,2025-01-02,2025-12-02,334,619.4772222222223,5,5,5,555,15,1,Sampiyonlar
CU0297,220,9,3104.3900000000003,2025-01-10,2025-05-26,136,344.93222222222226,2,4,3,243,9,0,Risk_Altinda
CU0298,23,18,11708.68,2025-01-24,2025-12-09,319,650.4822222222223,5,5,5,555,15,1,Sampiyonlar
CU0299,212,4,1067.7,2025-02-02,2025-06-03,121,266.925,2,2,2,222,6,2,Potansiyel_Musteriler
CU0300,16,21,13101.39,2025-01-04,2025-12-16,346,623.8757142857143,5,5,5,555,15,1,Sampiyonlar
CU0301,257,2,598.41,2025-01-14,2025-04-19,95,299.205,2,1,2,212,5,3,Uykudaki_Musteriler
CU0302,271,2,328.90999999999997,2025-03-24,2025-04-05,12,164.45499999999998,1,1,1,111,3,3,Uykudaki_Musteriler
CU0303,53,13,4756.71,2025-01-11,2025-11-09,302,365.90076923076924,4,5,5,455,14,4,Sadik_Musteriler
CU0304,220,9,2661.56,2025-01-02,2025-05-26,144,295.7288888888889,2,4,3,243,9,0,Risk_Altinda
CU0305,123,5,1416.98,2025-01-14,2025-08-31,229,283.396,3,2,3,323,8,2,Potansiyel_Musteriler
CU0306,35,2,518.3,2025-02-17,2025-11-27,283,259.15,5,1,1,511,7,2,Potansiyel_Musteriler
CU0307,19,21,13808.57,2025-01-18,2025-12-13,329,657.5509523809524,5,5,5,555,15,1,Sampiyonlar
CU0308,161,5,1153.04,2025-02-09,2025-07-24,165,230.608,3,2,2,322,7,2,Potansiyel_Musteriler
CU0309,94,9,3884.81,2025-02-03,2025-09-29,238,431.6455555555556,3,4,4,344,11,4,Sadik_Musteriler
CU0310,219,7,2699.65,2025-01-08,2025-05-27,139,385.6642857142857,2,3,3,233,8,0,Risk_Altinda
CU0311,119,9,3554.39,2025-01-13,2025-09-04,234,394.9322222222222,3,4,4,344,11,0,Risk_Altinda
CU0312,314,1,154.57,2025-02-21,2025-02-21,0,154.57,1,1,1,111,3,3,Uykudaki_Musteriler
CU0313,243,11,4054.48,2025-01-10,2025-05-03,113,368.5890909090909,2,4,4,244,10,0,Risk_Altinda
CU0314,86,9,3267.98,2025-02-02,2025-10-07,247,363.1088888888889,4,4,4,444,12,4,Sadik_Musteriler
CU0315,49,2,421.75,2025-05-03,2025-11-13,194,210.875,5,1,1,511,7,2,Potansiyel_Musteriler
CU0316,210,10,3136.13,2025-01-07,2025-06-05,149,313.613,2,4,3,243,9,0,Risk_Altinda
CU0317,42,16,10172.78,2025-01-05,2025-11-20,319,635.79875,5,5,5,555,15,1,Sampiyonlar
CU0318,357,1,233.29999999999998,2025-01-09,2025-01-09,0,233.29999999999998,1,1,1,111,3,3,Uykudaki_Musteriler
CU0319,101,13,4842.84,2025-01-13,2025-09-22,252,372.5261538461539,3,5,5,355,13,4,Sadik_Musteriler
CU0320,177,10,3681.36,2025-01-04,2025-07-08,185,368.136,2,4,4,244,10,0,Risk_Altinda
CU0321,25,15,10258.619999999999,2025-01-14,2025-12-07,327,683.9079999999999,5,5,5,555,15,1,Sampiyonlar
CU0322,56,13,4984.47,2025-01-11,2025-11-06,299,383.4207692307692,4,5,5,455,14,4,Sadik_Musteriler
CU0323,192,9,3593.99,2025-01-08,2025-06-23,166,399.3322222222222,2,4,4,244,10,0,Risk_Altinda
CU0324,25,18,11066.17,2025-01-08,2025-12-07,333,614.7872222222222,5,5,5,555,15,1,Sampiyonlar
CU0325,60,12,4316.89,2025-02-08,2025-11-02,267,359.74083333333334,4,5,4,454,13,4,Sadik_Musteriler
CU0326,110,8,2646.61,2025-01-22,2025-09-13,234,330.82625,3,3,3,333,9,0,Risk_Altinda
CU0327,49,11,4385.54,2025-01-08,2025-11-13,309,398.68545454545455,5,4,4,544,13,4,Sadik_Musteriler
CU0328,143,5,1196.48,2025-02-25,2025-08-11,167,239.296,3,2,2,322,7,2,Potansiyel_Musteriler
CU0329,56,18,11873.6,2025-01-05,2025-11-06,305,659.6444444444445,4,5,5,455,14,1,Sampiyonlar
CU0330,182,10,3393.15,2025-01-02,2025-07-03,182,339.315,2,4,4,244,10,0,Risk_Altinda
CU0331,239,5,1655.23,2025-01-20,2025-05-07,107,331.046,2,2,3,223,7,0,Risk_Altinda
CU0332,356,2,376.13,2025-01-09,2025-01-10,1,188.065,1,1,1,111,3,3,Uykudaki_Musteriler
CU0333,257,6,2035.23,2025-01-26,2025-04-19,83,339.205,2,3,3,233,8,0,Risk_Altinda
CU0334,338,3,535.18,2025-01-22,2025-01-28,6,178.39333333333332,1,2,2,122,5,3,Uykudaki_Musteriler
CU0335,251,9,2868.03,2025-01-21,2025-04-25,94,318.67,2,4,3,243,9,0,Risk_Altinda
CU0336,119,3,898.34,2025-02-11,2025-09-04,205,299.44666666666666,3,2,2,322,7,2,Potansiyel_Musteriler
CU0337,274,1,239.4,2025-04-02,2025-04-02,0,239.4,1,1,1,111,3,3,Uykudaki_Musteriler
CU0338,196,7,2232.68,2025-01-14,2025-06-19,156,318.9542857142857,2,3,3,233,8,0,Risk_Altinda
CU0339,13,4,1080.6,2025-06-02,2025-12-19,200,270.15,5,2,2,522,9,2,Potansiyel_Musteriler
CU0340,249,2,425.63,2025-03-20,2025-04-27,38,212.815,2,1,1,211,4,3,Uykudaki_Musteriler
CU0341,90,2,513.3299999999999,2025-08-14,2025-10-03,50,256.66499999999996,4,1,1,411,6,2,Potansiyel_Musteriler
CU0342,46,7,2848.67,2025-02-28,2025-11-16,261,406.95285714285717,5,3,3,533,11,4,Sadik_Musteriler
CU0343,124,4,1249.51,2025-01-31,2025-08-30,211,312.3775,3,2,2,322,7,2,Potansiyel_Musteriler
CU0344,286,3,568.3,2025-03-06,2025-03-21,15,189.4333333333333,1,2,2,122,5,3,Uykudaki_Musteriler
CU0345,36,8,3218.6600000000003,2025-01-23,2025-11-26,307,402.33250000000004,5,3,4,534,12,4,Sadik_Musteriler
CU0346,188,8,3065.91,2025-01-30,2025-06-27,148,383.23875,2,3,3,233,8,0,Risk_Altinda
CU0347,139,2,685.9300000000001,2025-05-03,2025-08-15,104,342.96500000000003,3,1,2,312,6,2,Potansiyel_Musteriler
CU0348,72,4,1098.96,2025-06-25,2025-10-21,118,274.74,4,2,2,422,8,2,Potansiyel_Musteriler
CU0349,222,9,3419.37,2025-01-10,2025-05-24,134,379.93,2,4,4,244,10,0,Risk_Altinda
CU0350,343,2,243.85,2025-01-05,2025-01-23,18,121.925,1,1,1,111,3,3,Uykudaki_Musteriler
CU0351,147,7,2819.21,2025-02-03,2025-08-07,185,402.7442857142857,3,3,3,333,9,0,Risk_Altinda
CU0352,82,13,5198.93,2025-01-08,2025-10-11,276,399.91769230769233,4,5,5,455,14,4,Sadik_Musteriler
CU0353,224,5,2024.77,2025-01-04,2025-05-22,138,404.954,2,2,3,223,7,0,Risk_Altinda
CU0354,232,9,3166.71,2025-01-08,2025-05-14,126,351.8566666666667,2,4,4,244,10,0,Risk_Altinda
CU0355,363,1,186.48,2025-01-03,2025-01-03,0,186.48,1,1,1,111,3,3,Uykudaki_Musteriler
CU0356,92,11,4122.61,2025-01-30,2025-10-01,244,374.78272727272724,4,4,4,444,12,4,Sadik_Musteriler
CU0357,73,3,924.9,2025-02-19,2025-10-20,243,308.3,4,2,2,422,8,2,Potansiyel_Musteriler
CU0358,185,8,2805.09,2025-02-14,2025-06-30,136,350.63625,2,3,3,233,8,0,Risk_Altinda
CU0359,336,3,490.17999999999995,2025-01-12,2025-01-30,18,163.39333333333332,1,2,1,121,4,3,Uykudaki_Musteriler
CU0360,40,8,3196.49,2025-03-24,2025-11-22,243,399.56125,5,3,4,534,12,4,Sadik_Musteriler
CU0361,155,7,2588.14,2025-03-21,2025-07-30,131,369.7342857142857,3,3,3,333,9,0,Risk_Altinda
CU0362,20,21,14811.85,2025-02-03,2025-12-12,312,705.3261904761905,5,5,5,555,15,1,Sampiyonlar
CU0363,26,15,10137.720000000001,2025-01-04,2025-12-06,336,675.8480000000001,5,5,5,555,15,1,Sampiyonlar
CU0364,253,3,540.4200000000001,2025-02-13,2025-04-23,69,180.14000000000001,2,2,2,222,6,3,Uykudaki_Musteriler
CU0365,120,2,653.46,2025-01-24,2025-09-03,222,326.73,3,1,2,312,6,2,Potansiyel_Musteriler
CU0366,38,15,10443.74,2025-01-15,2025-11-24,313,696.2493333333333,5,5,5,555,15,1,Sampiyonlar
CU0367,353,3,552.4,2025-01-05,2025-01-13,8,184.13333333333333,1,2,2,122,5,3,Uykudaki_Musteriler
CU0368,349,2,346.37,2025-01-07,2025-01-17,10,173.185,1,1,1,111,3,3,Uykudaki_Musteriler
CU0369,192,7,2505.73,2025-02-10,2025-06-23,133,357.9614285714286,2,3,3,233,8,0,Risk_Altinda
CU0370,97,9,3696.9700000000003,2025-01-07,2025-09-26,262,410.7744444444445,3,4,4,344,11,4,Sadik_Musteriler
CU0371,30,14,9336.95,2025-02-04,2025-12-02,301,666.9250000000001,5,5,5,555,15,1,Sampiyonlar
CU0372,151,2,512.05,2025-06-12,2025-08-03,52,256.025,3,1,1,311,5,3,Uykudaki_Musteriler
CU0373,156,5,1934.33,2025-01-04,2025-07-29,206,386.866,3,2,3,323,8,0,Risk_Altinda
CU0374,88,12,4456.62,2025-01-11,2025-10-05,267,371.385,4,5,4,454,13,4,Sadik_Musteriler
CU0375,46,19,12268.17,2025-01-31,2025-11-16,289,645.6931578947368,5,5,5,555,15,1,Sampiyonlar
CU0376,195,7,2642.84,2025-02-04,2025-06-20,136,377.54857142857145,2,3,3,233,8,0,Risk_Altinda
CU0377,121,3,728.6,2025-03-01,2025-09-02,185,242.86666666666667,3,2,2,322,7,2,Potansiyel_Musteriler
CU0378,135,3,905.6099999999999,2025-01-07,2025-08-19,224,301.86999999999995,3,2,2,322,7,2,Potansiyel_Musteriler
CU0379,161,11,3809.07,2025-02-07,2025-07-24,167,346.27909090909094,3,4,4,344,11,0,Risk_Altinda
CU0380,249,2,360.18,2025-01-16,2025-04-27,101,180.09,2,1,1,211,4,3,Uykudaki_Musteriler
CU0381,342,1,133.13,2025-01-24,2025-01-24,0,133.13,1,1,1,111,3,3,Uykudaki_Musteriler
CU0382,128,7,2672.56,2025-02-04,2025-08-26,203,381.7942857142857,3,3,3,333,9,0,Risk_Altinda
CU0383,357,2,297.93,2025-01-09,2025-01-09,0,148.965,1,1,1,111,3,3,Uykudaki_Musteriler
CU0384,144,5,1319.86,2025-01-29,2025-08-10,193,263.972,3,2,2,322,7,2,Potansiyel_Musteriler
CU0385,73,8,3172.99,2025-02-07,2025-10-20,255,396.62375,4,3,4,434,11,4,Sadik_Musteriler
CU0386,62,12,5140.49,2025-01-11,2025-10-31,293,428.37416666666667,4,5,5,455,14,4,Sadik_Musteriler
CU0387,150,8,2416.0,2025-02-20,2025-08-04,165,302.0,3,3,3,333,9,0,Risk_Altinda
CU0388,120,4,1091.15,2025-02-17,2025-09-03,198,272.7875,3,2,2,322,7,2,Potansiyel_Musteriler
CU0389,31,5,1409.1200000000001,2025-01-25,2025-12-01,310,281.824,5,2,3,523,10,2,Potansiyel_Musteriler
CU0390,328,1,159.33,2025-02-07,2025-02-07,0,159.33,1,1,1,111,3,3,Uykudaki_Musteriler
CU0391,338,1,209.75,2025-01-28,2025-01-28,0,209.75,1,1,1,111,3,3,Uykudaki_Musteriler
CU0392,109,10,3336.76,2025-01-21,2025-09-14,236,333.67600000000004,3,4,4,344,11,4,Sadik_Musteriler
CU0393,25,12,7487.66,2025-01-12,2025-12-07,329,623.9716666666667,5,5,5,555,15,1,Sampiyonlar
CU0394,60,5,1429.52,2025-03-01,2025-11-02,246,285.904,4,3,3,433,10,2,Potansiyel_Musteriler
CU0395,142,5,1748.65,2025-01-10,2025-08-12,214,349.73,3,3,3,333,9,0,Risk_Altinda
CU0396,89,10,4152.44,2025-01-20,2025-10-04,257,415.24399999999997,4,4,4,444,12,4,Sadik_Musteriler
CU0397,14,19,12682.6,2025-02-12,2025-12-18,309,667.5052631578948,5,5,5,555,15,1,Sampiyonlar
CU0398,108,3,916.29,2025-08-01,2025-09-15,45,305.43,3,2,2,322,7,2,Potansiyel_Musteriler
CU0399,355,1,158.12,2025-01-11,2025-01-11,0,158.12,1,1,1,111,3,3,Uykudaki_Musteriler
CU0400,59,9,3449.73,2025-02-07,2025-11-03,269,383.30333333333334,4,4,4,444,12,4,Sadik_Musteriler
CU0401,276,5,1284.27,2025-01-26,2025-03-31,64,256.854,1,3,2,132,6,0,Risk_Altinda
CU0402,362,2,372.15999999999997,2025-01-04,2025-01-04,0,186.07999999999998,1,1,1,111,3,3,Uykudaki_Musteriler
CU0403,186,4,1133.55,2025-05-25,2025-06-29,35,283.3875,2,2,2,222,6,2,Potansiyel_Musteriler
CU0404,52,11,4340.75,2025-01-02,2025-11-10,312,394.6136363636364,5,4,4,544,13,4,Sadik_Musteriler
CU0405,109,7,2691.75,2025-01-24,2025-09-14,233,384.5357142857143,3,3,3,333,9,0,Risk_Altinda
CU0406,330,3,458.31,2025-01-22,2025-02-05,14,152.77,1,2,1,121,4,3,Uykudaki_Musteriler
CU0407,182,4,1063.24,2025-02-18,2025-07-03,135,265.81,2,2,2,222,6,2,Potansiyel_Musteriler
CU0408,87,3,870.32,2025-05-30,2025-10-06,129,290.1066666666667,4,2,2,422,8,2,Potansiyel_Musteriler
CU0409,356,2,282.35,2025-01-08,2025-01-10,2,141.175,1,1,1,111,3,3,Uykudaki_Musteriler
CU0410,145,10,3974.86,2025-02-06,2025-08-09,184,397.486,3,4,4,344,11,0,Risk_Altinda
CU0411,176,2,436.34000000000003,2025-05-11,2025-07-09,59,218.17000000000002,2,1,1,211,4,3,Uykudaki_Musteriler
CU0412,281,1,164.88,2025-03-26,2025-03-26,0,164.88,1,1,1,111,3,3,Uykudaki_Musteriler
CU0413,198,9,3279.37,2025-01-04,2025-06-17,164,364.3744444444444,2,4,4,244,10,0,Risk_Altinda
CU0414,58,13,8584.65,2025-01-24,2025-11-04,284,660.3576923076923,4,5,5,455,14,4,Sadik_Musteriler
CU0415,7,21,13959.27,2025-01-08,2025-12-25,351,664.7271428571429,5,5,5,555,15,1,Sampiyonlar
CU0416,226,8,3017.37,2025-01-09,2025-05-20,131,377.17125,2,3,3,233,8,0,Risk_Altinda
CU0417,351,3,423.5,2025-01-10,2025-01-15,5,141.16666666666666,1,2,1,121,4,3,Uykudaki_Musteriler
CU0418,343,2,277.89,2025-01-23,2025-01-23,0,138.945,1,1,1,111,3,3,Uykudaki_Musteriler
CU0419,77,12,4601.39,2025-01-03,2025-10-16,286,383.4491666666667,4,5,5,455,14,4,Sadik_Musteriler
CU0420,52,13,4704.29,2025-03-16,2025-11-10,239,361.86846153846153,5,5,5,555,15,4,Sadik_Musteriler
CU0421,243,4,1210.46,2025-01-06,2025-05-03,117,302.615,2,2,2,222,6,0,Risk_Altinda
CU0422,85,9,3365.79,2025-01-10,2025-10-08,271,373.9766666666667,4,4,4,444,12,4,Sadik_Musteriler
CU0423,109,12,4670.12,2025-02-13,2025-09-14,213,389.1766666666667,3,5,5,355,13,4,Sadik_Musteriler
CU0424,345,1,132.07,2025-01-21,2025-01-21,0,132.07,1,1,1,111,3,3,Uykudaki_Musteriler
CU0425,223,11,4135.25,2025-01-04,2025-05-23,139,375.9318181818182,2,4,4,244,10,0,Risk_Altinda
CU0426,356,1,165.51999999999998,2025-01-10,2025-01-10,0,165.51999999999998,1,1,1,111,3,3,Uykudaki_Musteriler
CU0427,42,11,4618.37,2025-01-03,2025-11-20,321,419.85181818181815,5,4,5,545,14,4,Sadik_Musteriler
CU0428,70,12,4340.55,2025-01-13,2025-10-23,283,361.71250000000003,4,5,4,454,13,4,Sadik_Musteriler
CU0429,79,4,1014.19,2025-01-10,2025-10-14,277,253.5475,4,2,2,422,8,2,Potansiyel_Musteriler
CU0430,48,5,1306.55,2025-02-02,2025-11-14,285,261.31,5,3,2,532,10,2,Potansiyel_Musteriler
CU0431,140,9,3519.7599999999998,2025-02-17,2025-08-14,178,391.08444444444444,3,4,4,344,11,0,Risk_Altinda
CU0432,110,8,2962.44,2025-01-21,2025-09-13,235,370.305,3,3,3,333,9,0,Risk_Altinda
CU0433,229,4,1035.8,2025-01-30,2025-05-17,107,258.95,2,2,2,222,6,0,Risk_Altinda
CU0434,40,9,3449.29,2025-01-16,2025-11-22,310,383.25444444444446,5,4,4,544,13,4,Sadik_Musteriler
CU0435,123,11,4313.97,2025-01-03,2025-08-31,240,392.1790909090909,3,4,4,344,11,4,Sadik_Musteriler
CU0436,247,8,2756.56,2025-01-06,2025-04-29,113,344.57,2,3,3,233,8,0,Risk_Altinda
CU0437,338,2,467.25,2025-01-23,2025-01-28,5,233.625,1,1,1,111,3,3,Uykudaki_Musteriler
CU0438,191,6,2290.97,2025-01-10,2025-06-24,165,381.8283333333333,2,3,3,233,8,0,Risk_Altinda
CU0439,110,2,502.98999999999995,2025-01-28,2025-09-13,228,251.49499999999998,3,1,1,311,5,2,Potansiyel_Musteriler
CU0440,39,16,10275.69,2025-01-10,2025-11-23,317,642.230625,5,5,5,555,15,1,Sampiyonlar
CU0441,259,8,3023.88,2025-01-04,2025-04-17,103,377.985,2,3,3,233,8,0,Risk_Altinda
CU0442,259,5,1940.31,2025-01-28,2025-04-17,79,388.062,2,3,3,233,8,0,Risk_Altinda
CU0443,232,9,2933.6,2025-01-06,2025-05-14,128,325.9555555555555,2,4,3,243,9,0,Risk_Altinda
CU0444,197,7,2107.14,2025-01-05,2025-06-18,164,301.02,2,3,3,233,8,0,Risk_Altinda
CU0445,208,9,3179.27,2025-01-27,2025-06-07,131,353.2522222222222,2,4,4,244,10,0,Risk_Altinda
CU0446,62,20,13552.57,2025-01-03,2025-10-31,301,677.6285,4,5,5,455,14,1,Sampiyonlar
CU0447,81,4,971.36,2025-02-15,2025-10-12,239,242.84,4,2,2,422,8,2,Potansiyel_Musteriler
CU0448,86,12,4884.53,2025-03-16,2025-10-07,205,407.0441666666666,4,5,5,455,14,4,Sadik_Musteriler
CU0449,247,6,2033.91,2025-01-04,2025-04-29,115,338.985,2,3,3,233,8,0,Risk_Altinda
CU0450,103,7,2660.06,2025-03-20,2025-09-20,184,380.00857142857143,3,3,3,333,9,0,Risk_Altinda
CU0451,84,3,906.99,2025-01-18,2025-10-09,264,302.33,4,2,2,422,8,2,Potansiyel_Musteriler
CU0452,110,12,4484.05,2025-01-11,2025-09-13,245,373.67083333333335,3,5,4,354,12,4,Sadik_Musteriler
CU0453,334,1,174.78,2025-02-01,2025-02-01,0,174.78,1,1,1,111,3,3,Uykudaki_Musteriler
CU0454,294,2,367.54,2025-02-24,2025-03-13,17,183.77,1,1,1,111,3,3,Uykudaki_Musteriler
CU0455,22,12,7798.08,2025-01-23,2025-12-10,321,649.84,5,5,5,555,15,1,Sampiyonlar
CU0456,41,12,4741.27,2025-01-02,2025-11-21,323,395.10583333333335,5,5,5,555,15,4,Sadik_Musteriler
CU0457,102,9,3496.52,2025-03-07,2025-09-21,198,388.5022222222222,3,4,4,344,11,4,Sadik_Musteriler
CU0458,62,4,1304.47,2025-01-05,2025-10-31,299,326.1175,4,2,2,422,8,2,Potansiyel_Musteriler
CU0459,322,1,91.38,2025-02-13,2025-02-13,0,91.38,1,1,1,111,3,3,Uykudaki_Musteriler
CU0460,56,2,584.7,2025-05-27,2025-11-06,163,292.35,4,1,2,412,7,2,Potansiyel_Musteriler
CU0461,253,6,2058.6,2025-02-03,2025-04-23,79,343.09999999999997,2,3,3,233,8,0,Risk_Altinda
CU0462,20,17,11122.5,2025-01-30,2025-12-12,316,654.2647058823529,5,5,5,555,15,1,Sampiyonlar
CU0463,157,5,1569.15,2025-02-22,2025-07-28,156,313.83000000000004,3,3,3,333,9,0,Risk_Altinda
CU0464,158,6,2132.44,2025-01-23,2025-07-27,185,355.4066666666667,3,3,3,333,9,0,Risk_Altinda
CU0465,43,19,12676.539999999999,2025-01-07,2025-11-19,316,667.1863157894736,5,5,5,555,15,1,Sampiyonlar
CU0466,340,1,168.32,2025-01-26,2025-01-26,0,168.32,1,1,1,111,3,3,Uykudaki_Musteriler
CU0467,121,2,504.84000000000003,2025-02-09,2025-09-02,205,252.42000000000002,3,1,1,311,5,2,Potansiyel_Musteriler
CU0468,41,11,4560.81,2025-01-18,2025-11-21,307,414.61909090909097,5,4,4,544,13,4,Sadik_Musteriler
CU0469,18,18,11789.1,2025-01-09,2025-12-14,339,654.95,5,5,5,555,15,1,Sampiyonlar
CU0470,118,7,2743.7,2025-01-05,2025-09-05,243,391.95714285714286,3,3,3,333,9,0,Risk_Altinda
CU0471,98,8,3047.09,2025-04-18,2025-09-25,160,380.88625,3,3,3,333,9,4,Sadik_Musteriler
CU0472,80,10,3736.55,2025-01-23,2025-10-13,263,373.65500000000003,4,4,4,444,12,4,Sadik_Musteriler
CU0473,46,4,1001.54,2025-01-23,2025-11-16,297,250.385,5,2,2,522,9,2,Potansiyel_Musteriler
CU0474,289,3,480.73,2025-02-02,2025-03-18,44,160.24333333333334,1,2,1,121,4,3,Uykudaki_Musteriler
CU0475,35,20,12990.69,2025-03-04,2025-11-27,268,649.5345,5,5,5,555,15,1,Sampiyonlar
CU0476,294,3,486.65,2025-01-13,2025-03-13,59,162.21666666666667,1,2,1,121,4,3,Uykudaki_Musteriler
CU0477,326,2,359.67,2025-01-20,2025-02-09,20,179.835,1,1,1,111,3,3,Uykudaki_Musteriler
CU0478,266,11,3483.35,2025-02-11,2025-04-10,58,316.66818181818184,1,4,4,144,9,0,Risk_Altinda
CU0479,201,8,3179.95,2025-01-12,2025-06-14,153,397.49375,2,3,4,234,9,0,Risk_Altinda
CU0480,261,4,1247.72,2025-02-02,2025-04-15,72,311.93,1,2,2,122,5,0,Risk_Altinda
CU0481,246,7,2680.9900000000002,2025-01-02,2025-04-30,118,382.99857142857144,2,3,3,233,8,0,Risk_Altinda
CU0482,293,3,513.46,2025-01-27,2025-03-14,46,171.15333333333334,1,2,1,121,4,3,Uykudaki_Musteriler
CU0483,31,15,9476.14,2025-02-07,2025-12-01,297,631.7426666666667,5,5,5,555,15,1,Sampiyonlar
CU0484,39,19,12599.23,2025-01-03,2025-11-23,324,663.1173684210526,5,5,5,555,15,1,Sampiyonlar
CU0485,75,3,973.79,2025-03-16,2025-10-18,216,324.59666666666664,4,2,2,422,8,2,Potansiyel_Musteriler
CU0486,39,2,616.64,2025-08-07,2025-11-23,108,308.32,5,1,2,512,8,2,Potansiyel_Musteriler
CU0487,354,1,174.8,2025-01-12,2025-01-12,0,174.8,1,1,1,111,3,3,Uykudaki_Musteriler
CU0488,347,1,226.56,2025-01-19,2025-01-19,0,226.56,1,1,1,111,3,3,Uykudaki_Musteriler
CU0489,69,7,2912.83,2025-02-17,2025-10-24,249,416.11857142857144,4,3,3,433,10,4,Sadik_Musteriler
CU0490,74,5,1079.65,2025-01-17,2025-10-19,275,215.93,4,3,2,432,9,2,Potansiyel_Musteriler
CU0491,306,3,433.73,2025-01-05,2025-03-01,55,144.57666666666668,1,2,1,121,4,3,Uykudaki_Musteriler
CU0492,221,3,650.79,2025-02-15,2025-05-25,99,216.92999999999998,2,2,2,222,6,3,Uykudaki_Musteriler
CU0493,73,13,4882.5,2025-02-21,2025-10-20,241,375.5769230769231,4,5,5,455,14,4,Sadik_Musteriler
CU0494,333,3,489.34999999999997,2025-01-14,2025-02-02,19,163.11666666666665,1,2,1,121,4,3,Uykudaki_Musteriler
CU0495,262,11,4434.63,2025-01-05,2025-04-14,99,403.14818181818185,1,4,4,144,9,0,Risk_Altinda
CU0496,294,2,240.39,2025-01-25,2025-03-13,47,120.195,1,1,1,111,3,3,Uykudaki_Musteriler
CU0497,216,9,2968.6,2025-01-21,2025-05-30,129,329.84444444444443,2,4,3,243,9,0,Risk_Altinda
CU0498,28,16,11280.08,2025-01-09,2025-12-04,329,705.005,5,5,5,555,15,1,Sampiyonlar
CU0499,240,5,1405.29,2025-01-05,2025-05-06,121,281.058,2,3,2,232,7,0,Risk_Altinda
CU0500,98,7,2717.48,2025-01-08,2025-09-25,260,388.2114285714286,3,3,3,333,9,0,Risk_Altinda
CU0501,355,1,158.01,2025-01-11,2025-01-11,0,158.01,1,1,1,111,3,3,Uykudaki_Musteriler
CU0502,53,12,4830.44,2025-01-21,2025-11-09,292,402.53666666666663,4,5,5,455,14,4,Sadik_Musteriler
CU0503,360,1,191.41,2025-01-06,2025-01-06,0,191.41,1,1,1,111,3,3,Uykudaki_Musteriler
CU0504,247,8,2519.41,2025-02-15,2025-04-29,73,314.92625,2,3,3,233,8,0,Risk_Altinda
CU0505,86,18,11746.69,2025-01-29,2025-10-07,251,652.593888888889,4,5,5,455,14,4,Sadik_Musteriler
CU0506,93,5,1482.6399999999999,2025-02-10,2025-09-30,232,296.52799999999996,3,3,3,333,9,2,Potansiyel_Musteriler
CU0507,29,13,8492.45,2025-02-16,2025-12-03,290,653.2653846153846,5,5,5,555,15,1,Sampiyonlar
CU0508,30,19,12638.210000000001,2025-01-20,2025-12-02,316,665.1689473684211,5,5,5,555,15,1,Sampiyonlar
CU0509,226,3,753.68,2025-03-05,2025-05-20,76,251.22666666666666,2,2,2,222,6,3,Uykudaki_Musteriler
CU0510,260,6,2077.63,2025-02-09,2025-04-16,66,346.2716666666667,2,3,3,233,8,0,Risk_Altinda
CU0511,98,5,1419.82,2025-01-19,2025-09-25,249,283.964,3,3,3,333,9,2,Potansiyel_Musteriler
CU0512,32,17,10915.32,2025-01-17,2025-11-30,317,642.0776470588235,5,5,5,555,15,1,Sampiyonlar
CU0513,115,8,3072.92,2025-04-12,2025-09-08,149,384.115,3,3,3,333,9,0,Risk_Altinda
CU0514,123,2,508.40999999999997,2025-06-19,2025-08-31,73,254.20499999999998,3,1,1,311,5,2,Potansiyel_Musteriler
CU0515,351,2,433.41999999999996,2025-01-02,2025-01-15,13,216.70999999999998,1,1,1,111,3,3,Uykudaki_Musteriler
CU0516,216,10,3976.38,2025-01-06,2025-05-30,144,397.63800000000003,2,4,4,244,10,0,Risk_Altinda
CU0517,46,13,4965.21,2025-01-08,2025-11-16,312,381.9392307692308,5,5,5,555,15,4,Sadik_Musteriler
CU0518,30,16,9897.07,2025-01-14,2025-12-02,322,618.566875,5,5,5,555,15,1,Sampiyonlar
CU0519,47,2,558.1800000000001,2025-09-26,2025-11-15,50,279.09000000000003,5,1,2,512,8,2,Potansiyel_Musteriler
CU0520,150,11,3855.71,2025-01-24,2025-08-04,192,350.5190909090909,3,4,4,344,11,0,Risk_Altinda
CU0521,218,8,2645.1,2025-01-19,2025-05-28,129,330.6375,2,3,3,233,8,0,Risk_Altinda
CU0522,296,1,117.38,2025-03-11,2025-03-11,0,117.38,1,1,1,111,3,3,Uykudaki_Musteriler
CU0523,57,4,1128.66,2025-01-16,2025-11-05,293,282.165,4,2,2,422,8,2,Potansiyel_Musteriler
CU0524,69,4,1132.52,2025-01-31,2025-10-24,266,283.13,4,2,2,422,8,2,Potansiyel_Musteriler
CU0525,304,2,293.35,2025-01-19,2025-03-03,43,146.675,1,1,1,111,3,3,Uykudaki_Musteriler
CU0526,126,7,2471.3,2025-01-15,2025-08-28,225,353.04285714285714,3,3,3,333,9,0,Risk_Altinda
CU0527,6,14,8253.96,2025-01-10,2025-12-26,350,589.5685714285713,5,5,5,555,15,1,Sampiyonlar
CU0528,171,6,1976.8999999999999,2025-01-16,2025-07-14,179,329.4833333333333,2,3,3,233,8,0,Risk_Altinda
CU0529,351,1,112.42999999999999,2025-01-15,2025-01-15,0,112.42999999999999,1,1,1,111,3,3,Uykudaki_Musteriler
CU0530,260,8,3046.15,2025-01-03,2025-04-16,103,380.76875,2,3,3,233,8,0,Risk_Altinda
CU0531,94,12,4473.01,2025-01-14,2025-09-29,258,372.75083333333333,3,5,4,354,12,4,Sadik_Musteriler
CU0532,21,18,12374.13,2025-01-04,2025-12-11,341,687.4516666666666,5,5,5,555,15,1,Sampiyonlar
CU0533,94,5,1201.42,2025-04-29,2025-09-29,153,240.28400000000002,3,3,2,332,8,2,Potansiyel_Musteriler
CU0534,123,7,2649.67,2025-01-11,2025-08-31,232,378.5242857142857,3,3,3,333,9,0,Risk_Altinda
CU0535,83,5,1270.72,2025-01-04,2025-10-10,279,254.144,4,3,2,432,9,2,Potansiyel_Musteriler
CU0536,199,5,1865.8799999999999,2025-02-11,2025-06-16,125,373.176,2,3,3,233,8,0,Risk_Altinda
CU0537,9,14,9303.42,2025-01-18,2025-12-23,339,664.53,5,5,5,555,15,1,Sampiyonlar
CU0538,190,4,1025.72,2025-01-10,2025-06-25,166,256.43,2,2,2,222,6,2,Potansiyel_Musteriler
CU0539,28,15,9648.28,2025-01-03,2025-12-04,335,643.2186666666668,5,5,5,555,15,1,Sampiyonlar
CU0540,12,19,12314.19,2025-01-18,2025-12-20,336,648.1152631578948,5,5,5,555,15,1,Sampiyonlar
CU0541,87,10,3916.33,2025-01-04,2025-10-06,275,391.633,4,4,4,444,12,4,Sadik_Musteriler
CU0542,144,8,3066.51,2025-01-27,2025-08-10,195,383.31375,3,3,3,333,9,0,Risk_Altinda
CU0543,102,12,4580.7,2025-01-04,2025-09-21,260,381.72499999999997,3,5,4,354,12,4,Sadik_Musteriler
CU0544,64,7,2845.72,2025-02-09,2025-10-29,262,406.53142857142853,4,3,3,433,10,4,Sadik_Musteriler
CU0545,238,11,3878.15,2025-01-03,2025-05-08,125,352.5590909090909,2,4,4,244,10,0,Risk_Altinda
CU0546,340,2,269.41,2025-01-23,2025-01-26,3,134.705,1,1,1,111,3,3,Uykudaki_Musteriler
CU0547,53,13,5226.7,2025-01-26,2025-11-09,287,402.05384615384617,4,5,5,455,14,4,Sadik_Musteriler
CU0548,24,16,11306.24,2025-01-22,2025-12-08,320,706.64,5,5,5,555,15,1,Sampiyonlar
CU0549,356,1,108.55,2025-01-10,2025-01-10,0,108.55,1,1,1,111,3,3,Uykudaki_Musteriler
CU0550,317,2,235.33999999999997,2025-02-14,2025-02-18,4,117.66999999999999,1,1,1,111,3,3,Uykudaki_Musteriler
CU0551,44,4,1040.0,2025-04-17,2025-11-18,215,260.0,5,2,2,522,9,2,Potansiyel_Musteriler
CU0552,102,3,852.7,2025-06-01,2025-09-21,112,284.23333333333335,3,2,2,322,7,2,Potansiyel_Musteriler
CU0553,19,3,711.3,2025-01-02,2025-12-13,345,237.1,5,2,2,522,9,2,Potansiyel_Musteriler
CU0554,325,3,526.2,2025-01-20,2025-02-10,21,175.4,1,2,2,122,5,3,Uykudaki_Musteriler
CU0555,346,2,258.12,2025-01-15,2025-01-20,5,129.06,1,1,1,111,3,3,Uykudaki_Musteriler
CU0556,77,5,1271.08,2025-01-14,2025-10-16,275,254.21599999999998,4,3,2,432,9,2,Potansiyel_Musteriler
CU0557,358,2,404.4,2025-01-05,2025-01-08,3,202.2,1,1,1,111,3,3,Uykudaki_Musteriler
CU0558,127,8,3192.2200000000003,2025-01-10,2025-08-27,229,399.02750000000003,3,3,4,334,10,0,Risk_Altinda
CU0559,81,9,3448.1,2025-01-05,2025-10-12,280,383.1222222222222,4,4,4,444,12,4,Sadik_Musteriler
CU0560,25,13,7868.389999999999,2025-01-16,2025-12-07,325,605.2607692307691,5,5,5,555,15,1,Sampiyonlar
CU0561,38,5,1269.8600000000001,2025-06-05,2025-11-24,172,253.97200000000004,5,3,2,532,10,2,Potansiyel_Musteriler
CU0562,360,1,96.35,2025-01-06,2025-01-06,0,96.35,1,1,1,111,3,3,Uykudaki_Musteriler
CU0563,22,16,10243.44,2025-01-08,2025-12-10,336,640.215,5,5,5,555,15,1,Sampiyonlar
CU0564,283,1,175.32,2025-03-24,2025-03-24,0,175.32,1,1,1,111,3,3,Uykudaki_Musteriler
CU0565,186,10,3487.77,2025-01-23,2025-06-29,157,348.777,2,4,4,244,10,0,Risk_Altinda
CU0566,360,1,175.59000000000003,2025-01-06,2025-01-06,0,175.59000000000003,1,1,1,111,3,3,Uykudaki_Musteriler
CU0567,231,6,2070.85,2025-01-24,2025-05-15,111,345.14166666666665,2,3,3,233,8,0,Risk_Altinda
CU0568,59,12,4947.92,2025-02-13,2025-11-03,263,412.32666666666665,4,5,5,455,14,4,Sadik_Musteriler
CU0569,55,11,4456.03,2025-01-12,2025-11-07,299,405.09363636363634,4,4,4,444,12,4,Sadik_Musteriler
CU0570,324,1,104.94,2025-02-11,2025-02-11,0,104.94,1,1,1,111,3,3,Uykudaki_Musteriler
CU0571,141,2,549.41,2025-02-14,2025-08-13,180,274.705,3,1,2,312,6,2,Potansiyel_Musteriler
CU0572,106,7,2655.23,2025-01-15,2025-09-17,245,379.31857142857143,3,3,3,333,9,0,Risk_Altinda
CU0573,173,6,2232.27,2025-02-05,2025-07-12,157,372.045,2,3,3,233,8,0,Risk_Altinda
CU0574,72,13,4965.51,2025-03-21,2025-10-21,214,381.9623076923077,4,5,5,455,14,4,Sadik_Musteriler
CU0575,21,13,8777.64,2025-02-17,2025-12-11,297,675.2030769230769,5,5,5,555,15,1,Sampiyonlar
CU0576,188,8,2766.9900000000002,2025-01-10,2025-06-27,168,345.87375000000003,2,3,3,233,8,0,Risk_Altinda
CU0577,66,12,5161.09,2025-01-22,2025-10-27,278,430.09083333333336,4,5,5,455,14,4,Sadik_Musteriler
CU0578,23,19,12275.48,2025-01-07,2025-12-09,336,646.077894736842,5,5,5,555,15,1,Sampiyonlar
CU0579,350,1,180.8,2025-01-16,2025-01-16,0,180.8,1,1,1,111,3,3,Uykudaki_Musteriler
CU0580,64,8,2754.0299999999997,2025-01-14,2025-10-29,288,344.25374999999997,4,3,3,433,10,4,Sadik_Musteriler
CU0581,164,10,3277.45,2025-01-10,2025-07-21,192,327.745,2,4,4,244,10,0,Risk_Altinda
CU0582,135,8,3182.63,2025-01-25,2025-08-19,206,397.82875,3,3,4,334,10,0,Risk_Altinda
CU0583,129,9,3486.7,2025-01-13,2025-08-25,224,387.4111111111111,3,4,4,344,11,0,Risk_Altinda
CU0584,305,2,303.36,2025-02-11,2025-03-02,19,151.68,1,1,1,111,3,3,Uykudaki_Musteriler
CU0585,85,13,4986.55,2025-02-08,2025-10-08,242,383.58076923076925,4,5,5,455,14,4,Sadik_Musteriler
CU0586,342,1,186.45000000000002,2025-01-24,2025-01-24,0,186.45000000000002,1,1,1,111,3,3,Uykudaki_Musteriler
CU0587,54,11,4273.91,2025-01-04,2025-11-08,308,388.5372727272727,4,4,4,444,12,4,Sadik_Musteriler
CU0588,204,8,2861.92,2025-01-30,2025-06-11,132,357.74,2,3,3,233,8,0,Risk_Altinda
CU0589,25,3,820.93,2025-02-07,2025-12-07,303,273.6433333333333,5,2,2,522,9,2,Potansiyel_Musteriler
CU0590,290,2,418.8,2025-03-01,2025-03-17,16,209.4,1,1,1,111,3,3,Uykudaki_Musteriler
CU0591,27,5,1316.89,2025-01-25,2025-12-05,314,263.37800000000004,5,3,2,532,10,2,Potansiyel_Musteriler
CU0592,87,14,9098.72,2025-01-28,2025-10-06,251,649.9085714285713,4,5,5,455,14,4,Sadik_Musteriler
CU0593,154,10,3353.37,2025-01-24,2025-07-31,188,335.337,3,4,4,344,11,0,Risk_Altinda
CU0594,35,5,1278.52,2025-02-13,2025-11-27,287,255.704,5,3,2,532,10,2,Potansiyel_Musteriler
CU0595,133,3,861.9200000000001,2025-05-09,2025-08-21,104,287.3066666666667,3,2,2,322,7,2,Potansiyel_Musteriler
CU0596,301,1,145.9,2025-03-06,2025-03-06,0,145.9,1,1,1,111,3,3,Uykudaki_Musteriler
CU0597,71,11,4337.6,2025-01-06,2025-10-22,289,394.32727272727277,4,4,4,444,12,4,Sadik_Musteriler
CU0598,91,10,3738.75,2025-01-02,2025-10-02,273,373.875,4,4,4,444,12,4,Sadik_Musteriler
CU0599,305,3,473.78,2025-02-22,2025-03-02,8,157.92666666666665,1,2,1,121,4,3,Uykudaki_Musteriler
CU0600,29,21,13670.96,2025-01-24,2025-12-03,313,650.9980952380952,5,5,5,555,15,1,Sampiyonlar
